city,date,avg_temperature_c,humidity_pct,air_quality_index,avg_commute_time_min,traffic_congestion_pct,noise_level_db,is_workday,public_events_count,micro_stress_index
New York,2023-01-01,25.2,80.2,49,34.1,88.7,61.8,0,0,46.89
New York,2023-01-02,15.4,59.7,42,28.6,25.8,62.8,1,2,41.61
New York,2023-01-03,12.7,50.9,83,34.2,66.0,50.9,1,1,50.47
New York,2023-01-04,10.8,68.8,41,33.7,56.0,67.3,1,0,50.87
New York,2023-01-05,15.7,64.9,49,39.1,46.0,63.5,1,2,49.41
New York,2023-01-06,25.9,66.7,51,33.6,42.8,54.4,1,2,44.98
New York,2023-01-07,11.0,66.3,65,43.1,78.4,61.8,0,1,50.72
New York,2023-01-08,7.9,76.0,50,32.7,82.7,53.5,0,3,50.32
New York,2023-01-09,27.8,73.0,83,38.7,100.0,53.4,1,1,59.81
New York,2023-01-10,8.6,75.4,72,36.2,57.0,50.5,1,2,53.51
New York,2023-01-11,13.5,60.0,72,38.6,57.1,60.6,1,4,54.16
New York,2023-01-12,17.9,61.3,79,33.7,25.2,59.7,1,1,42.49
New York,2023-01-13,23.6,63.3,58,19.8,50.9,65.0,1,3,44.55
New York,2023-01-14,11.4,55.1,56,32.5,55.1,58.0,0,3,42.34
New York,2023-01-15,22.7,64.9,69,26.8,53.4,61.9,0,5,40.45
New York,2023-01-16,16.1,74.2,88,43.0,65.1,56.2,1,2,55.76
New York,2023-01-17,12.6,80.5,38,33.4,77.2,51.8,1,3,55.08
New York,2023-01-18,22.1,72.8,29,25.4,72.8,59.5,1,3,48.41
New York,2023-01-19,22.3,57.9,91,39.8,47.1,61.3,1,2,48.45
New York,2023-01-20,26.2,77.7,62,43.5,52.0,58.7,1,1,51.24
New York,2023-01-21,27.0,62.6,78,40.3,100.0,58.5,0,3,53.2
New York,2023-01-22,20.3,63.6,51,41.9,58.2,61.9,0,3,43.31
New York,2023-01-23,25.7,65.9,66,50.1,68.5,54.0,1,2,55.19
New York,2023-01-24,22.9,70.6,75,44.4,44.3,53.3,1,5,50.97
New York,2023-01-25,24.6,76.4,73,41.2,60.3,61.8,1,1,52.56
New York,2023-01-26,16.1,65.8,100,21.1,75.3,49.9,1,0,48.67
New York,2023-01-27,12.9,61.7,85,37.0,73.2,51.6,1,0,53.13
New York,2023-01-28,20.4,58.5,96,41.1,34.6,58.9,0,3,39.58
New York,2023-01-29,24.0,73.7,29,33.3,57.9,54.7,0,6,42.17
New York,2023-01-30,9.4,83.4,39,25.8,61.4,67.4,1,0,51.69
New York,2023-01-31,-5.9,54.8,48,26.0,89.5,50.8,1,1,59.03
New York,2023-02-01,31.5,50.6,77,36.1,50.3,60.3,1,0,48.46
New York,2023-02-02,18.4,65.6,66,37.0,36.5,64.4,1,4,48.64
New York,2023-02-03,22.2,58.8,49,32.1,56.2,62.2,1,0,44.59
New York,2023-02-04,27.6,79.5,61,40.7,55.6,62.4,0,4,47.01
New York,2023-02-05,30.2,59.1,64,34.4,61.7,63.5,0,4,45.88
New York,2023-02-06,15.8,74.5,49,42.8,60.9,54.9,1,5,55.33
New York,2023-02-07,29.6,53.0,69,41.3,54.5,58.0,1,3,51.94
New York,2023-02-08,24.9,78.6,45,37.6,73.4,62.4,1,0,52.42
New York,2023-02-09,8.4,50.9,39,34.3,69.7,65.4,1,2,54.17
New York,2023-02-10,17.6,65.0,40,35.6,84.1,61.9,1,3,55.4
New York,2023-02-11,17.3,69.6,55,43.9,72.1,58.3,0,5,49.68
New York,2023-02-12,19.1,74.8,24,42.3,62.6,51.2,0,2,41.85
New York,2023-02-13,22.7,83.8,73,31.4,51.5,60.5,1,5,51.18
New York,2023-02-14,29.4,60.3,20,46.8,63.3,64.2,1,1,52.83
New York,2023-02-15,20.0,65.5,44,41.0,49.0,57.3,1,2,47.54
New York,2023-02-16,28.5,80.4,37,33.6,68.6,68.2,1,4,55.93
New York,2023-02-17,18.0,74.7,66,46.9,50.5,61.4,1,1,52.23
New York,2023-02-18,28.5,47.4,30,19.7,61.0,61.6,0,6,39.37
New York,2023-02-19,19.9,73.0,48,22.7,64.9,60.0,0,3,39.94
New York,2023-02-20,11.2,69.9,68,33.7,95.8,56.4,1,1,59.07
New York,2023-02-21,13.5,59.4,25,34.5,65.9,46.6,1,1,47.42
New York,2023-02-22,24.1,77.0,71,31.0,54.0,60.9,1,1,48.09
New York,2023-02-23,39.0,61.9,41,18.5,77.8,53.1,1,3,52.61
New York,2023-02-24,32.2,40.4,37,28.8,62.2,57.8,1,1,46.46
New York,2023-02-25,13.8,61.5,58,43.3,80.8,61.3,0,1,49.18
New York,2023-02-26,39.0,75.1,45,48.7,59.2,54.7,0,3,51.07
New York,2023-02-27,20.2,66.3,46,34.1,58.1,54.9,1,1,46.29
New York,2023-02-28,13.4,59.5,20,41.5,70.9,57.6,1,3,53.76
New York,2023-03-01,24.2,67.1,94,49.0,79.0,54.2,1,1,57.14
New York,2023-03-02,22.2,37.6,44,33.5,42.1,62.0,1,1,40.61
New York,2023-03-03,42.3,48.9,51,32.7,56.0,61.8,1,4,55.08
New York,2023-03-04,24.6,63.0,61,31.2,66.3,57.2,0,4,42.76
New York,2023-03-05,17.5,61.8,64,44.3,31.9,59.8,0,4,40.81
New York,2023-03-06,5.0,61.5,54,49.4,69.9,56.9,1,3,60.9
New York,2023-03-07,8.2,76.4,60,32.7,74.5,69.4,1,2,59.09
New York,2023-03-08,11.3,56.8,84,39.2,59.8,62.1,1,1,53.84
New York,2023-03-09,30.3,60.6,45,31.6,79.5,62.9,1,3,54.9
New York,2023-03-10,11.5,59.9,57,42.7,51.6,46.4,1,2,50.08
New York,2023-03-11,39.6,66.3,56,41.8,72.2,59.1,0,3,52.45
New York,2023-03-12,32.7,59.9,34,35.0,65.8,63.5,0,2,44.75
New York,2023-03-13,28.6,59.2,71,17.4,61.6,61.1,1,2,46.71
New York,2023-03-14,17.9,50.0,49,33.8,24.5,57.7,1,3,41.07
New York,2023-03-15,17.8,53.9,105,36.5,65.2,57.9,1,2,52.38
New York,2023-03-16,40.6,53.9,81,15.0,33.8,51.8,1,1,42.81
New York,2023-03-17,22.3,62.5,51,40.2,77.5,51.4,1,1,50.49
New York,2023-03-18,23.9,57.3,52,36.2,54.4,54.4,0,1,37.47
New York,2023-03-19,20.8,63.7,64,27.6,59.7,56.9,0,4,40.03
New York,2023-03-20,11.4,71.2,65,33.5,69.9,51.7,1,3,54.59
New York,2023-03-21,14.4,50.9,22,40.8,45.8,66.8,1,2,48.24
New York,2023-03-22,27.8,64.7,47,46.8,97.3,61.4,1,1,60.26
New York,2023-03-23,9.7,66.0,21,40.4,95.1,61.6,1,2,60.37
New York,2023-03-24,22.0,74.8,87,44.1,37.4,51.6,1,1,46.54
New York,2023-03-25,24.1,57.7,57,30.0,55.8,51.0,0,3,37.5
New York,2023-03-26,12.4,91.3,63,37.5,52.1,61.5,0,0,44.85
New York,2023-03-27,24.9,49.8,53,30.7,39.7,62.9,1,1,42.23
New York,2023-03-28,21.4,61.7,93,35.6,41.6,56.0,1,3,46.67
New York,2023-03-29,5.9,76.4,27,34.2,81.0,58.6,1,5,60.66
New York,2023-03-30,7.8,64.4,70,37.1,71.7,56.9,1,5,59.5
New York,2023-03-31,8.8,70.0,33,46.2,61.1,58.7,1,2,56.03
New York,2023-04-01,28.3,50.1,59,43.1,66.2,63.3,0,6,48.88
New York,2023-04-02,27.4,68.1,20,21.9,51.9,62.0,0,1,35.22
New York,2023-04-03,12.0,54.5,20,26.3,48.9,61.4,1,2,45.08
New York,2023-04-04,27.9,62.9,53,41.4,48.2,59.9,1,4,51.32
New York,2023-04-05,7.4,65.7,43,31.2,73.3,54.9,1,1,53.43
New York,2023-04-06,17.0,53.3,69,44.4,70.2,56.1,1,1,52.91
New York,2023-04-07,38.9,74.4,37,37.3,59.6,60.9,1,0,54.07
New York,2023-04-08,22.3,68.3,67,52.1,62.3,54.0,0,3,46.27
New York,2023-04-09,15.9,67.2,53,45.5,100.0,55.3,0,4,54.6
New York,2023-04-10,21.9,68.1,72,39.4,71.1,61.6,1,5,55.66
New York,2023-04-11,17.0,56.7,40,40.0,71.3,60.0,1,1,51.44
New York,2023-04-12,26.5,50.1,54,36.7,76.3,51.2,1,2,50.72
New York,2023-04-13,22.0,80.8,52,38.2,74.1,58.9,1,0,51.53
New York,2023-04-14,21.4,69.1,50,32.8,59.6,58.9,1,2,47.73
New York,2023-04-15,15.5,68.8,85,35.5,56.7,67.4,0,4,47.15
New York,2023-04-16,25.2,74.9,76,46.5,61.7,52.3,0,4,47.39
New York,2023-04-17,19.6,67.4,49,38.8,46.2,65.2,1,3,49.18
New York,2023-04-18,22.7,69.6,65,39.6,74.6,64.6,1,0,52.85
New York,2023-04-19,30.0,69.9,33,35.6,70.6,54.2,1,1,51.27
New York,2023-04-20,14.1,64.9,22,40.5,55.5,63.0,1,1,50.06
New York,2023-04-21,18.6,58.1,103,32.0,80.4,52.5,1,2,53.24
New York,2023-04-22,12.3,64.5,53,26.7,87.6,62.4,0,1,46.82
New York,2023-04-23,21.7,44.6,49,30.5,50.0,56.6,0,4,35.84
New York,2023-04-24,22.2,57.0,90,38.9,70.9,61.4,1,3,53.61
New York,2023-04-25,20.9,74.5,50,46.5,71.0,68.9,1,1,55.51
New York,2023-04-26,11.7,59.7,66,45.0,100.0,57.5,1,4,64.38
New York,2023-04-27,24.9,54.8,48,22.7,71.0,61.2,1,2,47.05
New York,2023-04-28,7.5,85.0,51,50.2,40.5,55.1,1,2,55.35
New York,2023-04-29,31.8,78.8,41,39.2,72.4,59.3,0,1,47.54
New York,2023-04-30,19.8,76.7,64,33.0,76.6,45.0,0,2,42.9
New York,2023-05-01,23.0,64.1,70,26.0,81.6,54.5,1,0,48.48
New York,2023-05-02,19.6,69.8,55,25.7,79.9,55.5,1,1,49.47
New York,2023-05-03,32.0,73.5,47,33.2,60.2,68.4,1,4,55.36
New York,2023-05-04,17.4,59.5,54,30.5,63.0,52.8,1,3,48.44
New York,2023-05-05,21.1,69.5,51,44.7,33.5,72.7,1,1,47.64
New York,2023-05-06,12.5,71.4,59,30.8,81.1,57.2,0,5,49.95
New York,2023-05-07,27.7,68.1,45,36.5,68.0,60.2,0,3,45.21
New York,2023-05-08,13.8,68.0,74,34.0,70.1,65.2,1,3,56.23
New York,2023-05-09,28.4,70.7,68,41.1,84.3,56.7,1,0,56.33
New York,2023-05-10,18.6,65.2,32,24.5,88.9,53.8,1,2,50.21
New York,2023-05-11,9.7,59.0,57,30.4,81.3,65.7,1,3,57.51
New York,2023-05-12,16.4,64.8,30,23.7,86.7,48.9,1,6,52.83
New York,2023-05-13,26.1,67.8,56,35.5,53.7,56.6,0,2,40.47
New York,2023-05-14,27.8,58.8,20,39.2,87.7,61.9,0,2,47.2
New York,2023-05-15,24.4,55.3,56,25.3,56.0,59.6,1,3,45.55
New York,2023-05-16,21.8,78.6,56,32.6,66.8,60.7,1,3,51.4
New York,2023-05-17,8.8,82.5,29,30.5,54.2,62.5,1,3,52.82
New York,2023-05-18,13.3,86.5,30,38.5,74.5,60.1,1,1,55.65
New York,2023-05-19,20.4,63.5,73,53.7,56.6,51.2,1,3,53.44
New York,2023-05-20,13.6,81.4,87,31.6,73.5,66.1,0,1,48.87
New York,2023-05-21,15.3,54.9,41,26.2,65.5,54.2,0,2,38.8
New York,2023-05-22,28.2,66.1,63,52.9,47.4,51.8,1,5,54.77
New York,2023-05-23,20.8,58.2,34,41.0,51.3,58.4,1,2,46.65
New York,2023-05-24,28.7,71.1,32,33.5,83.2,58.7,1,2,54.37
New York,2023-05-25,15.8,68.6,64,40.7,48.9,53.6,1,1,48.92
New York,2023-05-26,20.7,72.1,37,23.2,97.3,52.3,1,5,53.89
New York,2023-05-27,16.5,76.7,65,40.8,57.4,56.8,0,2,44.64
New York,2023-05-28,20.2,64.9,75,39.8,64.6,62.1,0,3,45.42
New York,2023-05-29,11.5,61.9,41,34.5,65.8,60.6,1,2,52.62
New York,2023-05-30,-3.1,67.9,59,29.7,73.1,51.6,1,1,57.61
New York,2023-05-31,14.5,64.4,42,32.7,59.5,54.5,1,0,47.17
New York,2023-06-01,16.9,66.7,57,36.0,71.6,64.0,1,2,53.84
New York,2023-06-02,11.6,62.9,51,43.9,57.4,52.1,1,4,54.22
New York,2023-06-03,15.4,39.1,43,39.1,42.8,58.9,0,0,35.54
New York,2023-06-04,12.0,64.7,20,52.5,47.1,57.8,0,3,45.15
New York,2023-06-05,13.0,42.2,59,37.7,82.1,52.4,1,1,52.77
New York,2023-06-06,19.3,74.2,82,45.7,69.1,62.0,1,1,55.92
New York,2023-06-07,10.5,65.6,55,49.8,61.6,58.5,1,0,55.42
New York,2023-06-08,17.1,66.8,27,28.2,83.0,54.7,1,1,49.94
New York,2023-06-09,29.5,72.2,73,29.9,43.7,65.5,1,1,48.36
New York,2023-06-10,30.6,70.6,63,53.3,55.3,62.6,0,6,52.6
New York,2023-06-11,24.5,62.9,42,25.7,38.9,48.3,0,3,32.33
New York,2023-06-12,21.7,63.4,27,43.3,69.6,59.3,1,4,52.57
New York,2023-06-13,23.9,72.3,67,45.4,67.7,51.5,1,2,53.28
New York,2023-06-14,19.2,64.1,70,40.6,65.5,50.5,1,4,52.66
New York,2023-06-15,24.5,47.4,69,39.0,84.3,61.4,1,1,53.58
New York,2023-06-16,18.3,56.5,42,40.7,90.0,60.0,1,1,54.97
New York,2023-06-17,29.6,58.9,51,36.1,53.2,61.2,0,3,42.47
New York,2023-06-18,25.8,61.3,88,32.8,68.4,62.7,0,3,45.41
New York,2023-06-19,7.8,77.6,42,56.5,56.5,58.9,1,3,60.48
New York,2023-06-20,28.2,70.9,69,31.6,52.7,58.0,1,0,47.6
New York,2023-06-21,28.9,58.5,72,41.5,23.4,62.0,1,1,45.24
New York,2023-06-22,13.3,63.6,63,25.1,67.8,60.9,1,3,51.82
New York,2023-06-23,29.2,62.0,77,20.5,46.2,59.7,1,1,44.28
New York,2023-06-24,15.8,72.7,20,37.4,80.5,57.0,0,4,47.63
New York,2023-06-25,19.8,82.7,87,32.3,56.0,60.3,0,3,43.85
New York,2023-06-26,19.2,63.0,36,29.4,61.6,59.8,1,2,46.95
New York,2023-06-27,15.8,64.9,56,27.0,38.6,52.9,1,1,42.13
New York,2023-06-28,22.0,65.9,68,36.8,63.4,55.0,1,3,50.09
New York,2023-06-29,11.1,70.7,27,55.3,66.2,59.7,1,1,57.77
New York,2023-06-30,16.6,59.6,66,32.4,80.3,71.3,1,0,54.1
New York,2023-07-01,23.4,71.9,57,33.1,52.6,58.4,0,2,39.32
New York,2023-07-02,16.4,85.1,89,27.7,54.3,58.4,0,3,43.58
New York,2023-07-03,15.0,71.0,39,31.9,82.4,54.2,1,1,52.65
New York,2023-07-04,17.1,70.1,60,35.7,64.1,54.3,1,3,51.81
New York,2023-07-05,28.3,70.1,80,31.5,37.5,59.0,1,4,48.53
New York,2023-07-06,20.5,73.5,63,29.2,55.3,63.1,1,4,49.79
New York,2023-07-07,15.6,59.8,59,42.1,62.0,52.2,1,1,50.67
New York,2023-07-08,21.5,67.4,64,36.0,69.0,57.8,0,4,44.49
New York,2023-07-09,29.5,90.9,65,38.6,67.9,56.2,0,5,50.77
New York,2023-07-10,30.5,63.8,20,31.1,84.5,57.9,1,1,52.39
New York,2023-07-11,26.7,70.5,49,33.1,59.1,53.4,1,4,50.16
New York,2023-07-12,19.2,77.3,54,37.1,70.6,54.0,1,2,52.22
New York,2023-07-13,22.3,62.4,65,32.2,78.1,51.3,1,2,49.91
New York,2023-07-14,28.2,51.8,68,41.3,46.8,62.2,1,3,50.42
New York,2023-07-15,6.4,42.2,56,44.8,68.8,57.7,0,1,47.54
New York,2023-07-16,18.2,69.2,45,42.0,67.9,59.6,0,1,44.3
New York,2023-07-17,27.1,59.7,67,32.9,70.1,54.8,1,1,50.03
New York,2023-07-18,4.9,62.0,21,42.2,80.8,53.7,1,0,56.48
New York,2023-07-19,27.6,82.1,51,34.6,66.1,63.8,1,0,52.14
New York,2023-07-20,22.8,76.6,59,41.1,74.8,71.4,1,2,56.6
New York,2023-07-21,24.1,78.7,51,43.6,89.2,64.6,1,2,59.29
New York,2023-07-22,12.3,65.3,48,16.8,71.4,58.7,0,4,42.49
New York,2023-07-23,14.1,51.8,41,35.7,58.6,54.5,0,3,41.2
New York,2023-07-24,8.0,72.6,55,24.3,60.4,54.2,1,3,51.56
New York,2023-07-25,18.7,71.7,58,30.0,60.2,54.0,1,5,50.47
New York,2023-07-26,14.3,49.9,20,23.3,69.0,60.5,1,4,48.35
New York,2023-07-27,21.2,58.9,39,38.7,52.5,47.0,1,1,43.6
New York,2023-07-28,32.2,60.1,64,34.7,83.4,63.8,1,2,57.52
New York,2023-07-29,25.7,67.3,73,38.3,55.8,59.8,0,2,42.87
New York,2023-07-30,6.4,58.5,107,32.1,35.6,61.7,0,6,46.39
New York,2023-07-31,28.0,58.3,81,34.0,69.3,59.3,1,2,52.77
New York,2023-08-01,5.3,76.7,85,42.2,50.2,65.4,1,1,57.78
New York,2023-08-02,12.3,60.7,54,34.7,43.8,64.1,1,0,47.41
New York,2023-08-03,6.5,56.9,73,48.9,46.5,55.0,1,3,55.65
New York,2023-08-04,16.2,64.9,64,36.1,58.5,57.5,1,0,48.89
New York,2023-08-05,11.2,61.4,20,33.2,63.6,59.1,0,6,45.82
New York,2023-08-06,7.4,53.7,30,37.1,91.0,69.2,0,4,53.76
New York,2023-08-07,9.9,56.3,55,40.0,79.4,48.9,1,1,54.67
New York,2023-08-08,18.4,88.3,59,43.2,94.4,63.6,1,1,61.23
New York,2023-08-09,19.8,59.3,23,37.9,69.0,66.8,1,1,49.97
New York,2023-08-10,17.1,67.8,40,43.0,63.1,52.1,1,4,52.87
New York,2023-08-11,12.8,58.5,42,47.0,33.0,73.7,1,5,53.47
New York,2023-08-12,24.4,65.9,50,34.8,62.1,63.7,0,2,42.05
New York,2023-08-13,18.9,75.0,100,37.5,94.4,56.8,0,3,52.59
New York,2023-08-14,29.2,59.7,36,30.5,57.0,62.3,1,0,46.5
New York,2023-08-15,25.8,70.2,41,39.5,77.0,61.8,1,4,56.19
New York,2023-08-16,13.4,64.8,21,22.9,62.1,55.3,1,0,44.51
New York,2023-08-17,4.9,67.1,54,29.5,74.9,62.7,1,0,55.5
New York,2023-08-18,18.7,57.9,34,29.9,78.1,54.9,1,3,49.91
New York,2023-08-19,7.7,63.7,55,36.2,40.2,64.0,0,3,43.77
New York,2023-08-20,37.5,52.1,41,37.5,48.4,61.9,0,5,45.66
New York,2023-08-21,14.1,73.9,20,35.8,70.0,53.3,1,0,49.9
New York,2023-08-22,13.4,76.2,54,35.9,60.1,58.8,1,1,51.95
New York,2023-08-23,26.6,56.3,40,33.6,44.8,53.9,1,4,45.65
New York,2023-08-24,18.2,72.6,52,51.9,88.5,51.4,1,1,58.42
New York,2023-08-25,24.2,56.8,57,36.5,49.2,63.3,1,0,45.6
New York,2023-08-26,24.9,77.0,51,32.4,65.0,61.0,0,2,42.87
New York,2023-08-27,8.8,50.8,78,33.4,59.1,60.4,0,4,46.41
New York,2023-08-28,7.6,73.2,61,28.8,52.0,63.6,1,3,53.28
New York,2023-08-29,17.4,71.0,43,34.7,65.6,53.0,1,2,49.89
New York,2023-08-30,7.8,53.7,49,15.0,76.7,46.0,1,1,46.98
New York,2023-08-31,24.3,64.6,94,37.7,80.8,54.4,1,3,55.84
New York,2023-09-01,18.1,66.9,73,30.1,32.6,59.3,1,1,43.09
New York,2023-09-02,27.9,51.5,67,41.4,30.9,53.3,0,1,35.81
New York,2023-09-03,14.1,57.0,87,35.1,54.6,57.8,0,6,46.13
New York,2023-09-04,9.9,58.8,46,33.5,84.2,60.8,1,1,55.74
New York,2023-09-05,24.0,76.4,85,27.9,52.8,51.7,1,2,46.82
New York,2023-09-06,22.6,71.2,32,34.8,65.6,60.9,1,1,48.34
New York,2023-09-07,15.8,67.2,70,31.1,97.8,48.5,1,1,55.35
New York,2023-09-08,18.4,52.7,62,39.0,65.7,59.7,1,1,50.19
New York,2023-09-09,14.3,66.6,57,36.3,73.2,55.1,0,7,49.91
New York,2023-09-10,12.3,73.3,81,45.4,68.5,52.0,0,2,49.45
New York,2023-09-11,10.0,71.0,71,32.4,57.9,59.3,1,1,52.38
New York,2023-09-12,36.8,62.5,46,30.8,76.2,57.1,1,1,54.22
New York,2023-09-13,14.8,78.2,82,31.2,37.0,63.0,1,2,48.68
New York,2023-09-14,31.0,52.6,39,31.2,42.1,58.2,1,0,43.21
New York,2023-09-15,16.7,71.9,56,40.7,94.6,50.2,1,2,57.84
New York,2023-09-16,26.2,62.1,82,32.8,59.6,45.0,0,2,39.64
New York,2023-09-17,27.1,60.8,20,37.6,71.6,60.0,0,4,44.79
New York,2023-09-18,20.9,75.5,42,22.7,75.4,45.2,1,0,44.47
New York,2023-09-19,11.3,54.1,67,26.8,75.0,60.3,1,1,52.0
New York,2023-09-20,29.6,55.2,44,39.7,76.8,56.7,1,5,56.33
New York,2023-09-21,20.7,56.9,37,40.2,71.3,65.0,1,1,50.81
New York,2023-09-22,25.2,50.0,75,28.0,59.2,59.3,1,2,46.78
New York,2023-09-23,28.7,75.0,70,35.4,81.3,62.6,0,3,50.32
New York,2023-09-24,9.6,52.8,75,43.5,74.5,58.4,0,2,49.96
New York,2023-09-25,25.6,73.5,48,35.4,42.2,56.2,1,4,47.72
New York,2023-09-26,34.6,65.4,49,38.2,68.7,64.9,1,1,55.64
New York,2023-09-27,11.1,54.9,61,42.5,55.3,61.9,1,4,55.04
New York,2023-09-28,17.0,66.4,20,39.3,49.6,51.2,1,3,46.99
New York,2023-09-29,15.7,47.9,31,45.9,62.7,55.3,1,4,52.25
New York,2023-09-30,32.2,60.1,48,31.8,57.4,49.7,0,2,40.21
New York,2023-10-01,18.2,55.8,71,44.3,37.3,53.4,0,2,38.55
New York,2023-10-02,6.0,63.7,72,25.7,66.3,60.0,1,0,52.4
New York,2023-10-03,15.6,62.3,87,46.7,45.5,62.1,1,0,51.2
New York,2023-10-04,29.5,75.1,22,43.4,74.8,50.3,1,2,54.22
New York,2023-10-05,24.4,68.4,61,25.4,80.7,63.8,1,1,51.19
New York,2023-10-06,7.8,70.1,65,35.5,81.9,56.3,1,1,57.99
New York,2023-10-07,19.8,63.3,58,33.0,63.0,62.1,0,3,42.37
New York,2023-10-08,34.0,78.8,28,41.5,57.5,59.3,0,3,47.08
New York,2023-10-09,13.7,58.1,35,29.3,64.0,54.4,1,3,48.96
New York,2023-10-10,24.0,69.7,55,41.9,72.2,51.8,1,3,53.29
New York,2023-10-11,25.5,62.9,75,54.9,53.2,51.1,1,4,54.7
New York,2023-10-12,26.6,54.8,21,19.7,73.1,58.9,1,0,43.92
New York,2023-10-13,15.6,73.6,46,35.6,65.4,48.4,1,0,48.75
New York,2023-10-14,26.3,64.8,59,33.0,91.2,52.9,0,1,45.76
New York,2023-10-15,24.3,54.6,56,37.3,54.6,59.6,0,2,39.71
New York,2023-10-16,43.6,77.4,26,25.4,72.2,60.7,1,3,57.46
New York,2023-10-17,20.7,42.8,49,29.2,67.6,72.9,1,2,48.45
New York,2023-10-18,21.4,66.6,46,48.7,48.5,59.8,1,1,48.83
New York,2023-10-19,11.7,72.4,56,50.0,60.8,60.1,1,1,56.65
New York,2023-10-20,20.8,49.7,25,40.8,62.8,55.0,1,1,46.16
New York,2023-10-21,20.9,69.5,20,47.3,85.1,46.3,0,3,46.23
New York,2023-10-22,28.1,62.6,64,53.8,68.8,53.4,0,1,47.9
New York,2023-10-23,23.5,56.9,44,25.7,63.0,58.9,1,2,45.32
New York,2023-10-24,41.0,53.9,83,44.0,69.2,66.8,1,4,63.32
New York,2023-10-25,18.1,79.3,60,33.6,63.6,63.1,1,0,50.73
New York,2023-10-26,29.9,60.4,53,36.5,77.7,46.8,1,1,51.62
New York,2023-10-27,15.1,67.1,78,32.1,36.9,61.1,1,1,46.25
New York,2023-10-28,15.0,63.2,41,18.4,78.5,64.4,0,1,41.19
New York,2023-10-29,25.2,53.6,49,35.9,74.0,61.3,0,1,42.59
New York,2023-10-30,23.7,79.6,68,42.3,66.3,65.1,1,1,54.34
New York,2023-10-31,31.2,72.0,45,32.2,69.4,60.3,1,6,56.61
New York,2023-11-01,19.3,52.8,34,43.5,55.5,53.0,1,1,46.45
New York,2023-11-02,26.8,63.4,26,36.2,68.3,55.6,1,4,51.47
New York,2023-11-03,11.3,73.9,57,40.4,47.4,53.5,1,1,50.54
New York,2023-11-04,23.7,51.3,70,26.1,73.3,61.1,0,2,40.74
New York,2023-11-05,12.4,79.3,44,35.5,60.0,60.5,0,1,44.37
New York,2023-11-06,10.1,76.6,67,33.7,58.0,61.2,1,1,53.37
New York,2023-11-07,29.3,56.9,61,38.5,63.5,55.5,1,0,49.87
New York,2023-11-08,19.7,63.7,60,47.5,81.2,51.4,1,1,54.66
New York,2023-11-09,25.0,78.3,61,44.7,95.2,63.1,1,5,63.87
New York,2023-11-10,13.5,80.3,63,24.8,70.5,47.5,1,3,51.53
New York,2023-11-11,25.0,73.9,42,37.0,94.3,55.5,0,3,49.12
New York,2023-11-12,35.7,65.0,74,46.7,53.9,55.6,0,3,48.76
New York,2023-11-13,35.9,59.7,47,38.7,88.3,62.3,1,5,62.47
New York,2023-11-14,21.9,53.5,61,34.4,91.3,65.9,1,1,53.73
New York,2023-11-15,19.4,60.5,57,29.9,48.0,61.1,1,3,46.19
New York,2023-11-16,27.2,58.7,59,42.6,64.5,60.3,1,1,52.08
New York,2023-11-17,15.9,63.0,49,30.0,62.3,50.3,1,1,46.76
New York,2023-11-18,18.0,62.6,52,39.8,78.1,54.8,0,2,45.53
New York,2023-11-19,16.9,59.2,81,26.9,59.3,59.7,0,2,40.54
New York,2023-11-20,19.7,56.5,65,21.7,59.6,59.5,1,2,44.95
New York,2023-11-21,8.6,72.8,37,35.8,36.7,56.0,1,1,47.51
New York,2023-11-22,10.5,41.8,64,49.1,81.9,61.4,1,3,60.39
New York,2023-11-23,10.5,60.0,88,35.4,20.0,50.7,1,3,45.27
New York,2023-11-24,15.8,45.4,44,38.8,68.9,51.7,1,3,50.41
New York,2023-11-25,3.2,73.6,36,39.2,45.6,59.5,0,2,45.86
New York,2023-11-26,15.6,73.3,31,37.8,83.3,55.4,0,1,46.24
New York,2023-11-27,29.4,66.9,43,39.9,48.5,61.4,1,2,50.11
New York,2023-11-28,22.4,68.8,81,41.5,62.9,52.1,1,1,50.21
New York,2023-11-29,26.6,64.7,40,30.1,64.0,62.4,1,2,49.22
New York,2023-11-30,-2.0,60.0,43,47.1,59.2,59.9,1,0,58.27
New York,2023-12-01,15.2,53.9,102,37.8,65.3,62.4,1,1,53.63
New York,2023-12-02,20.5,59.9,77,34.3,41.7,56.5,0,0,35.33
New York,2023-12-03,15.4,68.3,23,42.0,58.8,52.3,0,3,42.79
New York,2023-12-04,14.2,72.6,67,50.8,62.4,61.3,1,0,56.19
New York,2023-12-05,32.3,66.4,39,26.4,72.6,59.0,1,2,51.66
New York,2023-12-06,27.0,60.4,36,43.6,78.1,65.4,1,2,55.79
New York,2023-12-07,19.1,57.0,37,26.0,58.0,52.2,1,1,42.59
New York,2023-12-08,11.2,68.0,52,39.9,40.3,58.0,1,4,51.46
New York,2023-12-09,12.4,82.5,72,34.1,82.0,52.5,0,2,49.52
New York,2023-12-10,13.3,46.2,58,49.7,64.1,48.7,0,3,45.74
New York,2023-12-11,21.0,54.9,48,41.7,77.8,64.3,1,5,55.97
New York,2023-12-12,23.7,70.1,57,28.7,49.6,57.5,1,2,45.28
New York,2023-12-13,32.1,71.0,55,34.3,50.7,58.4,1,1,49.74
New York,2023-12-14,22.7,63.4,20,29.1,58.8,67.4,1,2,46.03
New York,2023-12-15,5.1,75.3,62,39.5,32.5,56.4,1,2,51.51
New York,2023-12-16,7.8,36.7,44,40.4,83.0,55.7,0,3,48.73
New York,2023-12-17,21.5,69.5,43,36.3,27.7,54.7,0,4,34.93
New York,2023-12-18,18.9,57.9,59,28.7,67.7,60.4,1,0,47.18
New York,2023-12-19,25.7,44.5,77,33.3,71.4,64.0,1,1,50.45
New York,2023-12-20,17.7,57.2,88,29.1,56.7,59.0,1,1,47.55
New York,2023-12-21,22.5,61.7,52,31.8,42.3,59.6,1,3,44.29
New York,2023-12-22,21.8,71.9,28,49.6,68.0,66.2,1,4,56.1
New York,2023-12-23,21.2,77.5,49,45.3,76.0,56.9,0,4,48.7
New York,2023-12-24,5.5,72.6,52,39.4,52.0,64.4,0,5,50.35
New York,2023-12-25,33.2,75.7,39,38.9,45.6,60.9,1,2,51.35
New York,2023-12-26,17.4,61.6,83,32.2,52.4,56.9,1,0,46.66
New York,2023-12-27,28.4,81.6,44,31.1,72.4,56.2,1,2,52.63
New York,2023-12-28,20.7,59.8,46,35.3,62.3,58.2,1,2,48.06
New York,2023-12-29,6.2,79.9,54,39.5,79.3,52.9,1,2,59.92
New York,2023-12-30,15.0,65.7,78,33.8,56.1,61.3,0,3,44.24
New York,2023-12-31,4.1,58.9,67,29.8,64.8,54.7,0,3,46.82
New York,2024-01-01,22.0,53.1,66,41.7,62.4,57.2,1,1,48.62
New York,2024-01-02,33.6,56.3,85,29.1,72.9,52.3,1,3,53.93
New York,2024-01-03,16.2,50.7,69,26.8,72.7,62.9,1,2,50.6
New York,2024-01-04,13.8,78.3,30,43.1,78.4,67.1,1,2,58.81
New York,2024-01-05,9.5,82.7,20,29.7,82.2,59.0,1,2,56.05
New York,2024-01-06,21.8,77.8,34,30.6,53.4,62.2,0,2,38.43
New York,2024-01-07,16.4,73.9,72,49.5,89.3,62.6,0,4,56.25
New York,2024-01-08,11.6,72.6,81,41.6,69.3,53.1,1,1,56.08
New York,2024-01-09,13.2,77.5,69,35.7,58.7,47.9,1,0,49.85
New York,2024-01-10,18.5,61.8,55,33.8,86.6,47.0,1,1,51.19
New York,2024-01-11,21.8,65.8,86,51.6,53.4,58.0,1,0,51.25
New York,2024-01-12,6.7,75.6,50,42.2,71.6,54.3,1,2,58.52
New York,2024-01-13,20.9,66.5,77,45.3,63.3,59.3,0,0,43.67
New York,2024-01-14,13.0,57.9,77,47.5,61.4,58.2,0,4,49.38
New York,2024-01-15,13.9,67.9,84,30.7,59.3,59.4,1,0,50.14
New York,2024-01-16,12.7,78.6,77,37.1,66.2,60.8,1,1,55.55
New York,2024-01-17,2.8,73.8,22,48.0,60.0,56.9,1,1,57.44
New York,2024-01-18,31.3,40.1,79,38.7,46.9,52.6,1,3,48.65
New York,2024-01-19,22.7,55.6,58,27.8,81.5,63.3,1,5,53.12
New York,2024-01-20,36.7,54.9,46,39.3,64.2,53.1,0,2,45.5
New York,2024-01-21,29.4,87.8,67,25.8,94.6,57.9,0,2,50.09
New York,2024-01-22,32.7,70.7,81,25.3,44.5,57.3,1,3,48.99
New York,2024-01-23,11.8,77.3,34,49.0,60.7,66.0,1,2,57.62
New York,2024-01-24,21.7,55.2,52,38.7,62.3,55.5,1,1,47.08
New York,2024-01-25,3.5,58.1,35,34.1,61.8,62.8,1,2,54.57
New York,2024-01-26,15.8,66.8,62,37.0,63.8,52.0,1,3,52.0
New York,2024-01-27,17.8,55.4,64,30.2,97.5,64.0,0,5,50.77
New York,2024-01-28,26.9,66.4,22,29.6,63.9,57.6,0,2,39.55
New York,2024-01-29,29.6,68.2,53,29.3,81.4,60.2,1,3,55.08
New York,2024-01-30,24.5,56.9,51,32.1,100.0,60.7,1,5,58.05
New York,2024-01-31,15.3,73.4,50,27.4,46.0,65.6,1,0,45.97
New York,2024-02-01,26.7,67.1,28,31.7,55.9,57.6,1,4,48.5
New York,2024-02-02,30.2,67.1,78,40.6,42.2,66.7,1,3,52.9
New York,2024-02-03,28.8,84.4,82,40.4,41.8,58.7,0,2,43.88
New York,2024-02-04,16.9,60.9,44,26.0,63.1,55.2,0,4,40.25
New York,2024-02-05,14.2,65.1,56,30.1,80.2,58.9,1,2,53.93
New York,2024-02-06,21.4,51.6,45,37.1,58.2,56.9,1,1,45.5
New York,2024-02-07,20.4,54.4,39,25.7,79.7,47.5,1,0,44.51
New York,2024-02-08,11.1,82.7,20,33.4,66.7,60.5,1,2,53.6
New York,2024-02-09,17.4,62.9,63,31.7,72.7,67.7,1,2,53.28
New York,2024-02-10,12.8,51.9,64,33.2,57.6,61.0,0,3,43.06
New York,2024-02-11,15.2,75.8,42,48.8,83.0,59.4,0,2,51.74
New York,2024-02-12,13.6,69.2,79,18.3,72.5,45.5,1,1,47.7
New York,2024-02-13,12.3,81.3,42,26.6,62.0,68.3,1,2,52.66
New York,2024-02-14,10.6,67.6,105,25.1,44.0,59.7,1,1,48.77
New York,2024-02-15,29.6,58.8,21,39.5,74.2,66.9,1,4,55.96
New York,2024-02-16,15.7,49.3,60,56.1,37.4,57.8,1,1,49.58
New York,2024-02-17,25.1,66.2,51,25.6,68.5,54.2,0,4,41.17
New York,2024-02-18,27.5,66.8,79,39.1,88.4,55.8,0,3,50.73
New York,2024-02-19,15.0,57.5,64,21.3,41.7,67.3,1,1,43.75
New York,2024-02-20,8.1,65.9,39,23.5,85.1,63.9,1,2,55.62
New York,2024-02-21,38.4,50.2,79,45.2,50.4,63.0,1,1,55.14
New York,2024-02-22,22.7,62.7,37,30.2,95.7,58.0,1,3,53.71
New York,2024-02-23,9.2,60.8,54,36.9,62.3,60.0,1,5,56.4
New York,2024-02-24,29.6,73.9,26,38.8,35.3,58.2,0,3,39.37
New York,2024-02-25,7.7,58.7,65,30.9,61.5,61.7,0,5,47.84
New York,2024-02-26,16.0,63.2,34,35.7,52.8,52.4,1,5,49.33
New York,2024-02-27,23.6,56.7,56,38.9,65.1,47.6,1,2,48.04
New York,2024-02-28,27.9,58.8,51,38.7,83.0,61.9,1,4,57.44
New York,2024-02-29,28.2,73.7,31,42.6,64.0,58.4,1,0,51.35
New York,2024-03-01,18.4,83.1,46,44.4,70.1,56.3,1,1,54.23
New York,2024-03-02,20.7,83.1,36,54.4,70.7,59.9,0,3,49.96
New York,2024-03-03,12.2,79.1,61,40.9,61.7,53.4,0,1,45.84
New York,2024-03-04,20.6,66.9,26,42.3,79.9,54.4,1,1,51.75
New York,2024-03-05,20.2,62.4,52,37.8,44.5,51.7,1,3,45.62
New York,2024-03-06,10.9,65.2,58,31.5,41.7,66.7,1,2,49.41
New York,2024-03-07,24.0,75.7,30,17.5,77.9,53.9,1,2,46.46
New York,2024-03-08,20.0,65.2,49,41.0,43.9,56.0,1,0,44.83
New York,2024-03-09,14.3,70.2,60,37.3,50.1,57.1,0,3,43.09
New York,2024-03-10,15.3,68.3,79,32.4,54.6,48.2,0,4,42.22
New York,2024-03-11,18.3,80.0,53,38.4,68.7,49.9,1,2,52.04
New York,2024-03-12,12.2,78.0,67,31.6,80.0,55.5,1,0,54.66
New York,2024-03-13,11.5,57.1,58,25.4,55.1,49.7,1,4,48.03
New York,2024-03-14,18.8,61.7,33,26.6,72.0,55.2,1,0,45.65
New York,2024-03-15,12.9,68.2,63,32.3,52.9,58.4,1,3,51.01
New York,2024-03-16,32.6,65.7,41,28.9,52.2,50.7,0,2,38.93
New York,2024-03-17,12.9,70.1,54,20.3,74.8,62.1,0,3,44.45
New York,2024-03-18,9.9,47.1,46,35.0,59.0,52.1,1,1,48.43
New York,2024-03-19,16.8,67.7,53,37.5,54.9,63.9,1,1,50.0
New York,2024-03-20,29.5,69.8,49,31.8,80.5,50.9,1,1,52.21
New York,2024-03-21,29.9,68.8,34,33.5,55.8,54.5,1,2,48.52
New York,2024-03-22,12.1,79.0,44,40.3,86.2,57.3,1,1,58.43
New York,2024-03-23,17.4,73.0,31,45.2,67.1,55.1,0,2,45.11
New York,2024-03-24,16.4,57.1,53,34.3,59.4,54.4,0,3,41.15
New York,2024-03-25,22.6,81.5,56,44.0,44.1,58.8,1,2,49.3
New York,2024-03-26,30.6,58.5,61,34.9,74.3,65.5,1,1,54.32
New York,2024-03-27,18.1,48.3,68,29.3,62.9,61.9,1,3,48.99
New York,2024-03-28,25.6,62.5,84,39.2,56.9,63.3,1,2,52.0
New York,2024-03-29,31.1,72.1,62,39.0,56.7,57.3,1,2,52.96
New York,2024-03-30,14.1,77.9,31,39.9,69.5,66.1,0,2,47.84
New York,2024-03-31,8.0,64.1,52,40.4,79.2,57.7,0,3,51.37
New York,2024-04-01,17.9,61.6,73,39.7,47.3,58.9,1,6,52.34
New York,2024-04-02,15.4,67.0,74,31.6,40.3,65.5,1,3,48.94
New York,2024-04-03,20.8,63.6,47,38.9,46.9,56.7,1,3,46.9
New York,2024-04-04,25.0,46.2,62,43.0,73.8,57.6,1,3,53.33
New York,2024-04-05,17.1,58.0,103,46.0,47.7,59.7,1,5,55.0
New York,2024-04-06,9.8,68.8,76,48.1,61.3,70.5,0,3,53.12
New York,2024-04-07,15.8,70.1,51,29.4,53.6,67.7,0,4,43.21
New York,2024-04-08,3.5,65.3,20,33.4,89.7,59.8,1,1,58.54
New York,2024-04-09,20.1,69.7,26,40.7,24.4,54.9,1,0,39.93
New York,2024-04-10,14.3,58.9,85,36.2,66.8,54.6,1,0,51.31
New York,2024-04-11,19.4,59.2,44,41.6,57.2,57.6,1,3,49.84
New York,2024-04-12,14.6,61.8,38,33.9,89.0,62.0,1,2,55.9
New York,2024-04-13,33.0,63.9,34,26.8,78.1,57.8,0,3,45.27
New York,2024-04-14,21.5,76.4,35,36.3,85.6,49.8,0,3,45.07
New York,2024-04-15,21.8,54.9,43,47.4,69.9,62.2,1,2,52.58
New York,2024-04-16,12.1,58.7,57,38.4,47.2,63.3,1,2,50.65
New York,2024-04-17,24.5,51.8,52,34.0,47.4,57.5,1,2,44.53
New York,2024-04-18,25.1,58.0,87,20.7,84.7,56.9,1,1,49.96
New York,2024-04-19,26.9,65.8,76,32.9,48.5,65.1,1,2,49.37
New York,2024-04-20,28.1,72.7,66,42.5,62.6,54.9,0,4,47.41
New York,2024-04-21,19.5,67.4,48,46.9,62.0,59.2,0,4,46.34
New York,2024-04-22,11.3,86.2,37,42.0,62.8,56.4,1,1,54.76
New York,2024-04-23,10.7,48.2,56,30.9,90.3,63.0,1,2,56.57
New York,2024-04-24,18.1,65.0,75,46.2,63.3,56.1,1,4,55.57
New York,2024-04-25,30.7,68.7,51,44.8,29.6,55.4,1,2,47.75
New York,2024-04-26,19.5,76.3,55,30.0,79.9,56.9,1,2,52.43
New York,2024-04-27,5.1,66.1,76,35.2,50.7,55.0,0,1,44.68
New York,2024-04-28,18.8,80.1,42,32.1,71.9,57.1,0,3,44.28
New York,2024-04-29,19.2,74.8,34,43.9,63.5,52.5,1,2,51.13
New York,2024-04-30,23.2,67.6,79,16.6,29.2,55.5,1,6,41.46
New York,2024-05-01,6.1,61.3,21,40.8,54.9,50.1,1,1,50.55
New York,2024-05-02,13.6,66.5,49,26.6,39.4,58.4,1,1,43.9
New York,2024-05-03,18.7,69.3,70,37.2,60.2,58.1,1,1,50.24
New York,2024-05-04,28.7,74.0,93,54.2,47.4,56.3,0,5,50.43
New York,2024-05-05,21.2,84.3,79,31.1,59.1,52.3,0,4,42.76
New York,2024-05-06,5.3,73.9,42,41.6,65.4,50.3,1,1,55.53
New York,2024-05-07,21.3,87.0,63,35.5,81.1,59.1,1,1,54.52
New York,2024-05-08,21.9,75.4,37,47.4,63.6,53.6,1,2,51.46
New York,2024-05-09,14.0,52.5,20,31.2,94.3,59.4,1,2,54.12
New York,2024-05-10,18.9,59.8,26,27.4,34.7,57.5,1,1,39.05
New York,2024-05-11,19.5,68.6,95,23.9,82.4,62.9,0,2,45.55
New York,2024-05-12,21.2,58.4,37,41.5,62.9,64.0,0,1,41.29
New York,2024-05-13,15.5,53.8,70,53.5,59.3,54.6,1,1,53.69
New York,2024-05-14,33.2,57.8,42,26.1,69.4,57.7,1,3,51.18
New York,2024-05-15,10.9,56.1,84,36.3,66.5,58.5,1,2,54.65
New York,2024-05-16,21.2,61.6,53,35.1,83.3,52.6,1,3,52.36
New York,2024-05-17,33.6,61.0,67,26.8,76.3,59.0,1,1,53.06
New York,2024-05-18,6.7,70.0,20,33.5,79.1,59.0,0,3,49.14
New York,2024-05-19,19.6,49.2,35,31.5,34.5,58.2,0,2,32.22
New York,2024-05-20,15.2,68.2,66,40.7,58.8,59.4,1,4,54.78
New York,2024-05-21,15.8,65.3,40,37.8,38.9,55.3,1,1,44.9
New York,2024-05-22,28.0,71.5,20,52.3,69.4,54.1,1,3,56.0
New York,2024-05-23,15.1,61.0,40,24.5,67.2,60.9,1,2,48.53
New York,2024-05-24,12.8,74.5,26,45.8,69.8,57.2,1,0,54.21
New York,2024-05-25,28.6,74.4,63,44.6,51.8,59.7,0,4,46.91
New York,2024-05-26,28.7,60.4,46,50.8,63.4,54.8,0,4,47.84
New York,2024-05-27,17.2,42.8,81,27.3,83.8,62.7,1,1,51.53
New York,2024-05-28,22.8,56.6,56,32.1,38.3,46.8,1,0,38.63
New York,2024-05-29,28.0,70.3,44,23.9,69.7,50.1,1,1,46.9
New York,2024-05-30,18.3,76.8,65,19.8,68.0,56.4,1,1,47.35
New York,2024-05-31,16.1,60.1,56,31.0,66.4,55.0,1,2,49.49
New York,2024-06-01,7.6,71.6,77,50.8,77.6,63.8,0,2,56.38
New York,2024-06-02,23.1,57.0,31,39.7,93.0,64.2,0,3,48.14
New York,2024-06-03,25.1,69.5,71,25.1,68.0,57.6,1,0,47.51
New York,2024-06-04,10.4,67.9,37,40.4,64.5,50.0,1,2,52.89
New York,2024-06-05,20.0,81.2,29,41.4,72.1,53.6,1,3,53.25
New York,2024-06-06,21.8,64.6,33,27.7,78.0,48.2,1,2,46.65
New York,2024-06-07,25.5,67.7,67,35.4,47.2,63.3,1,1,47.82
New York,2024-06-08,18.6,55.9,45,38.8,70.2,53.5,0,1,41.33
New York,2024-06-09,16.1,75.7,63,52.6,82.7,63.7,0,2,54.19
New York,2024-06-10,27.8,63.9,78,38.0,81.4,64.0,1,4,59.08
New York,2024-06-11,21.7,62.0,49,42.1,49.4,67.7,1,2,48.98
New York,2024-06-12,21.1,63.9,36,42.8,63.1,56.8,1,3,50.61
New York,2024-06-13,31.6,50.7,59,33.6,75.5,51.9,1,2,52.14
New York,2024-06-14,26.3,59.3,71,26.2,86.8,58.1,1,1,51.92
New York,2024-06-15,15.2,62.0,70,31.3,53.8,56.9,0,4,42.24
New York,2024-06-16,17.3,63.3,68,37.1,83.4,57.9,0,3,48.35
New York,2024-06-17,30.9,51.2,50,31.1,67.1,58.1,1,3,51.0
New York,2024-06-18,27.4,67.3,88,24.2,47.5,67.2,1,1,47.23
New York,2024-06-19,14.1,58.3,36,45.2,46.2,58.1,1,5,52.01
New York,2024-06-20,10.6,87.7,49,36.1,89.8,55.1,1,2,60.15
New York,2024-06-21,22.9,77.6,40,30.1,81.4,60.1,1,1,51.24
New York,2024-06-22,23.1,73.4,40,15.0,72.8,51.9,0,4,38.02
New York,2024-06-23,34.0,61.1,49,57.1,62.6,51.1,0,4,51.11
New York,2024-06-24,25.6,86.5,47,28.5,68.7,54.0,1,2,50.33
New York,2024-06-25,17.4,53.4,57,39.2,73.4,45.0,1,0,48.58
New York,2024-06-26,25.2,48.7,63,27.6,77.3,53.2,1,4,50.18
New York,2024-06-27,10.6,57.1,71,45.0,54.9,54.3,1,1,52.77
New York,2024-06-28,9.8,52.5,48,38.2,71.5,55.5,1,1,53.05
New York,2024-06-29,8.0,74.6,79,31.0,59.0,64.2,0,6,50.78
New York,2024-06-30,15.1,70.9,62,38.9,66.2,57.8,0,1,45.02
New York,2024-07-01,39.1,76.8,68,36.9,80.1,60.6,1,0,59.91
New York,2024-07-02,3.7,86.1,38,36.0,65.5,68.0,1,2,59.59
New York,2024-07-03,11.6,69.7,59,43.7,53.1,58.2,1,2,53.8
New York,2024-07-04,-4.8,66.3,42,39.1,95.0,68.1,1,0,66.36
New York,2024-07-05,28.8,62.4,49,32.7,57.0,59.5,1,3,49.93
New York,2024-07-06,9.8,71.7,67,39.1,50.1,59.2,0,2,45.4
New York,2024-07-07,16.8,67.7,81,36.2,65.3,61.7,0,5,48.1
New York,2024-07-08,29.7,64.7,47,45.3,63.5,47.5,1,2,52.24
New York,2024-07-09,3.3,63.3,48,32.8,63.3,59.3,1,1,54.32
New York,2024-07-10,23.9,45.5,20,41.9,72.6,57.7,1,1,48.49
New York,2024-07-11,17.9,49.0,39,41.2,86.4,55.9,1,2,53.77
New York,2024-07-12,17.2,69.1,47,42.9,50.9,63.8,1,1,50.41
New York,2024-07-13,19.8,51.7,67,34.4,39.4,59.7,0,5,38.57
New York,2024-07-14,20.4,79.9,37,32.3,52.5,50.8,0,2,37.6
New York,2024-07-15,25.5,63.6,77,40.2,32.3,55.4,1,0,44.03
New York,2024-07-16,22.4,68.9,54,25.8,100.0,56.8,1,3,54.47
New York,2024-07-17,14.6,69.2,48,38.1,49.3,53.9,1,1,48.1
New York,2024-07-18,-0.6,61.9,43,37.2,65.7,64.3,1,2,58.87
New York,2024-07-19,15.1,54.9,27,39.5,54.8,62.8,1,1,48.43
New York,2024-07-20,28.0,78.7,36,39.8,74.5,55.6,0,1,45.71
New York,2024-07-21,13.8,81.1,58,41.1,52.7,51.9,0,1,43.25
New York,2024-07-22,11.5,64.9,20,27.0,75.1,61.0,1,1,50.83
New York,2024-07-23,11.8,61.3,66,43.4,57.6,52.2,1,0,51.35
New York,2024-07-24,12.8,68.0,80,21.1,66.7,62.3,1,1,50.53
New York,2024-07-25,23.4,75.0,71,38.9,66.5,53.5,1,3,52.69
New York,2024-07-26,25.2,73.8,52,29.1,57.5,53.0,1,0,45.23
New York,2024-07-27,28.8,43.1,84,45.0,58.1,60.7,0,2,44.75
New York,2024-07-28,23.1,65.0,48,31.2,44.1,64.4,0,2,36.89
New York,2024-07-29,34.0,75.4,39,25.3,59.2,60.2,1,4,52.12
New York,2024-07-30,28.5,67.0,63,35.4,48.0,57.2,1,2,48.68
New York,2024-07-31,14.8,62.6,35,45.0,60.6,65.3,1,3,54.54
New York,2024-08-01,8.2,51.3,81,36.9,70.8,46.9,1,2,54.08
New York,2024-08-02,21.2,67.8,91,43.8,66.3,56.3,1,2,53.69
New York,2024-08-03,19.1,70.7,40,35.6,75.7,73.6,0,2,46.95
New York,2024-08-04,18.6,51.4,34,29.4,85.2,64.5,0,2,43.44
New York,2024-08-05,32.8,72.3,54,34.1,66.1,55.4,1,6,56.74
New York,2024-08-06,7.2,62.9,20,22.6,37.6,63.2,1,1,43.98
New York,2024-08-07,23.9,74.9,64,34.5,68.5,62.5,1,1,51.61
New York,2024-08-08,17.9,48.9,72,52.5,51.9,62.8,1,1,51.99
New York,2024-08-09,32.1,59.8,53,21.6,55.0,48.5,1,3,45.75
New York,2024-08-10,17.4,72.4,56,20.1,79.1,56.1,0,2,41.88
New York,2024-08-11,25.9,63.0,54,48.9,64.7,59.4,0,1,45.44
New York,2024-08-12,10.6,62.8,66,23.6,68.0,58.5,1,4,52.97
New York,2024-08-13,6.1,67.2,55,32.6,72.4,58.2,1,1,55.49
New York,2024-08-14,29.6,66.8,66,33.8,71.8,52.0,1,1,51.81
New York,2024-08-15,9.8,56.7,60,37.0,77.1,55.0,1,0,53.98
New York,2024-08-16,13.9,65.7,74,40.0,68.7,58.4,1,3,56.21
New York,2024-08-17,11.4,65.8,44,56.3,64.4,51.0,0,5,51.72
New York,2024-08-18,9.0,60.6,48,35.4,75.3,54.6,0,1,46.1
New York,2024-08-19,17.8,64.9,56,36.8,71.5,62.2,1,0,51.52
New York,2024-08-20,24.2,69.3,54,47.5,73.7,55.7,1,2,54.97
New York,2024-08-21,14.5,58.4,42,40.3,80.5,56.0,1,3,55.65
New York,2024-08-22,19.0,62.9,68,38.6,99.1,53.7,1,3,58.47
New York,2024-08-23,13.0,64.9,56,59.3,62.2,52.3,1,2,57.75
New York,2024-08-24,12.9,79.0,34,31.6,47.8,59.3,0,4,42.35
New York,2024-08-25,19.0,65.2,58,32.4,62.0,59.8,0,5,43.77
New York,2024-08-26,12.7,82.3,41,35.7,73.3,55.0,1,2,54.99
New York,2024-08-27,23.5,71.2,42,33.2,69.0,57.2,1,3,50.44
New York,2024-08-28,20.8,78.9,68,36.5,76.4,56.0,1,2,53.75
New York,2024-08-29,22.3,59.9,43,26.4,91.8,58.1,1,0,49.25
New York,2024-08-30,16.8,39.5,80,37.4,71.7,55.6,1,3,52.1
New York,2024-08-31,23.2,56.3,98,39.1,75.1,56.7,0,2,45.58
New York,2024-09-01,26.0,71.5,73,35.9,56.0,50.2,0,4,42.79
New York,2024-09-02,16.8,73.2,43,30.6,42.1,55.5,1,1,44.09
New York,2024-09-03,24.9,47.7,20,30.0,71.9,59.4,1,3,47.64
New York,2024-09-04,17.1,56.3,41,41.9,70.4,62.8,1,2,53.16
New York,2024-09-05,10.4,72.0,45,42.3,42.9,51.7,1,1,49.41
New York,2024-09-06,14.9,71.6,74,40.8,89.3,60.1,1,3,61.03
New York,2024-09-07,32.6,69.6,24,28.7,84.8,57.2,0,4,47.74
New York,2024-09-08,26.1,55.2,59,38.1,52.7,57.2,0,2,40.01
New York,2024-09-09,17.8,77.3,37,37.5,55.1,56.7,1,3,50.25
New York,2024-09-10,18.5,70.4,58,26.4,81.3,59.1,1,3,52.89
New York,2024-09-11,23.8,47.5,43,34.0,68.8,64.0,1,2,48.79
New York,2024-09-12,17.6,62.0,72,30.6,71.5,56.5,1,1,50.18
New York,2024-09-13,22.7,74.1,48,26.4,80.0,53.5,1,2,49.57
New York,2024-09-14,17.8,43.0,20,36.3,74.2,59.9,0,6,44.46
New York,2024-09-15,17.2,45.4,41,33.7,54.7,58.2,0,1,36.91
New York,2024-09-16,0.6,52.1,66,42.4,37.4,53.9,1,2,52.56
New York,2024-09-17,11.2,64.3,62,41.9,100.0,46.8,1,4,62.1
New York,2024-09-18,25.3,54.3,67,34.8,65.4,53.6,1,2,48.98
New York,2024-09-19,30.8,49.9,27,18.6,54.5,58.8,1,4,44.65
New York,2024-09-20,28.7,50.2,63,34.0,55.6,59.0,1,2,48.51
New York,2024-09-21,4.9,68.1,30,32.8,73.0,58.5,0,1,47.05
New York,2024-09-22,7.7,76.5,49,44.9,57.1,55.4,0,3,49.03
New York,2024-09-23,16.9,45.2,42,26.6,65.5,52.0,1,4,46.68
New York,2024-09-24,8.3,60.8,27,42.3,71.3,59.8,1,3,57.0
New York,2024-09-25,14.4,55.5,45,27.0,68.2,61.8,1,2,49.58
New York,2024-09-26,22.6,50.9,45,36.9,90.6,52.5,1,3,52.69
New York,2024-09-27,11.7,63.0,53,41.3,81.4,54.3,1,2,57.05
New York,2024-09-28,23.1,73.3,55,31.3,57.0,59.9,0,2,39.9
New York,2024-09-29,18.6,81.4,50,35.8,57.8,63.5,0,7,47.54
New York,2024-09-30,14.3,61.2,45,44.2,59.3,68.4,1,1,53.52
New York,2024-10-01,19.0,58.5,20,48.8,75.5,60.7,1,1,53.26
New York,2024-10-02,21.3,51.2,44,42.7,49.2,45.3,1,1,43.16
New York,2024-10-03,18.2,63.6,56,41.8,74.6,59.3,1,2,54.38
New York,2024-10-04,23.5,60.8,40,45.8,74.2,46.7,1,0,49.52
New York,2024-10-05,14.0,58.4,69,31.1,52.2,54.9,0,3,40.74
New York,2024-10-06,30.3,57.5,80,37.7,62.6,70.5,0,0,45.53
New York,2024-10-07,19.8,66.2,62,28.6,74.7,49.9,1,3,49.85
New York,2024-10-08,33.6,41.9,76,41.2,89.6,52.1,1,2,57.87
New York,2024-10-09,19.5,50.5,55,44.4,64.6,61.9,1,1,50.82
New York,2024-10-10,15.0,72.5,54,41.5,81.3,61.5,1,0,56.42
New York,2024-10-11,16.6,65.9,29,35.9,57.8,52.4,1,2,47.71
New York,2024-10-12,9.2,65.2,92,44.2,89.7,60.0,0,4,57.35
New York,2024-10-13,7.8,74.5,58,40.0,59.9,53.6,0,2,47.25
New York,2024-10-14,23.3,62.2,56,39.7,62.2,57.5,1,0,48.15
New York,2024-10-15,23.9,61.7,86,31.1,62.5,61.8,1,1,49.12
New York,2024-10-16,21.5,60.9,71,37.2,66.4,52.8,1,3,50.28
New York,2024-10-17,12.5,53.2,52,37.4,94.9,55.7,1,1,56.76
New York,2024-10-18,24.9,69.0,83,44.9,70.3,55.6,1,3,56.09
New York,2024-10-19,17.6,50.4,80,40.7,60.2,60.7,0,4,45.2
New York,2024-10-20,15.1,80.7,82,43.5,62.4,58.4,0,3,49.33
New York,2024-10-21,28.1,64.6,81,30.6,64.2,53.4,1,3,51.23
New York,2024-10-22,16.1,50.6,67,41.7,39.0,64.7,1,3,49.13
New York,2024-10-23,9.4,65.2,57,46.8,70.4,55.5,1,3,58.78
New York,2024-10-24,11.9,65.5,42,24.0,83.8,55.5,1,1,51.78
New York,2024-10-25,20.5,47.5,60,27.6,90.7,60.6,1,4,53.2
New York,2024-10-26,25.0,61.9,50,35.8,56.1,57.6,0,4,41.61
New York,2024-10-27,13.8,84.0,55,27.7,77.9,60.0,0,4,48.65
New York,2024-10-28,17.7,71.4,41,36.6,40.6,56.2,1,1,44.96
New York,2024-10-29,17.4,40.9,26,27.1,66.5,59.7,1,0,43.63
New York,2024-10-30,28.2,63.1,42,33.8,73.7,65.1,1,1,52.34
New York,2024-10-31,22.7,55.1,54,24.3,38.5,59.8,1,3,41.01
New York,2024-11-01,19.9,55.2,53,26.1,85.9,51.2,1,0,47.51
New York,2024-11-02,6.7,59.9,73,30.6,36.4,59.3,0,1,39.83
New York,2024-11-03,14.2,84.7,22,58.7,59.1,58.9,0,1,49.11
New York,2024-11-04,13.7,71.0,25,38.9,32.2,59.4,1,1,45.27
New York,2024-11-05,26.8,52.3,67,36.4,89.0,53.7,1,2,54.58
New York,2024-11-06,7.0,39.9,59,37.1,60.7,57.5,1,2,52.26
New York,2024-11-07,23.0,72.0,92,18.6,64.0,64.0,1,2,48.14
New York,2024-11-08,28.8,79.4,58,29.3,28.5,61.4,1,1,44.09
New York,2024-11-09,10.0,62.3,54,38.1,48.3,64.0,0,2,43.98
New York,2024-11-10,34.9,55.5,20,38.3,69.7,61.3,0,1,44.95
New York,2024-11-11,25.4,82.7,20,26.4,74.9,52.5,1,2,48.86
New York,2024-11-12,8.1,43.8,68,31.6,100.0,53.0,1,1,57.36
New York,2024-11-13,21.9,60.3,66,28.2,44.3,49.0,1,2,41.36
New York,2024-11-14,28.7,52.4,29,43.7,44.4,57.1,1,1,46.29
New York,2024-11-15,18.7,67.2,39,28.6,70.0,53.5,1,0,46.36
New York,2024-11-16,22.9,55.9,79,28.2,40.7,59.9,0,2,35.12
New York,2024-11-17,6.8,60.5,73,38.2,44.1,55.6,0,2,43.73
New York,2024-11-18,18.2,72.2,26,23.8,71.8,63.0,1,3,49.64
New York,2024-11-19,20.3,75.9,52,15.8,62.7,63.3,1,1,44.84
New York,2024-11-20,18.6,36.0,87,28.8,72.6,57.6,1,2,48.68
New York,2024-11-21,6.8,54.6,75,37.7,59.0,60.4,1,3,55.77
New York,2024-11-22,21.3,54.4,51,40.9,79.9,49.9,1,3,51.95
New York,2024-11-23,22.0,56.0,42,42.8,76.2,54.6,0,1,42.34
New York,2024-11-24,43.1,67.8,37,46.6,85.4,67.0,0,3,58.42
New York,2024-11-25,17.7,61.0,78,36.0,79.6,61.4,1,2,55.19
New York,2024-11-26,21.1,65.3,39,42.5,73.0,62.3,1,3,53.76
New York,2024-11-27,13.5,86.1,54,25.0,85.5,58.6,1,2,55.8
New York,2024-11-28,20.0,83.1,51,33.0,47.5,58.7,1,1,46.55
New York,2024-11-29,22.3,53.0,63,37.9,80.2,64.1,1,1,52.29
New York,2024-11-30,20.8,54.6,37,50.1,67.5,66.7,0,1,44.85
New York,2024-12-01,24.0,72.5,72,26.2,69.6,51.8,0,3,41.53
New York,2024-12-02,8.0,76.4,40,27.8,43.5,55.1,1,2,48.08
New York,2024-12-03,19.5,69.5,57,44.8,72.2,53.7,1,3,54.68
New York,2024-12-04,22.0,69.0,103,33.8,60.2,58.6,1,2,50.53
New York,2024-12-05,19.7,60.9,39,20.8,54.1,55.4,1,2,42.07
New York,2024-12-06,26.9,48.1,70,42.5,79.3,64.1,1,2,55.94
New York,2024-12-07,30.4,70.7,20,36.0,77.9,51.3,0,6,48.06
New York,2024-12-08,41.1,71.0,54,41.8,59.5,69.9,0,3,52.85
New York,2024-12-09,26.9,60.0,65,23.9,67.8,60.3,1,2,48.76
New York,2024-12-10,25.9,77.8,45,34.9,65.8,55.6,1,3,51.76
New York,2024-12-11,9.6,58.4,38,35.2,63.0,61.9,1,3,53.53
New York,2024-12-12,23.2,67.5,68,35.0,89.7,70.7,1,1,56.6
New York,2024-12-13,25.6,67.3,66,27.2,67.7,54.3,1,1,48.03
New York,2024-12-14,17.2,46.3,30,38.8,52.0,63.3,0,3,39.91
New York,2024-12-15,7.7,60.5,37,43.1,71.9,51.8,0,1,46.94
New York,2024-12-16,27.6,77.7,25,42.6,52.7,56.7,1,3,51.15
New York,2024-12-17,10.6,52.6,54,36.2,22.5,63.8,1,0,43.35
New York,2024-12-18,19.9,71.8,65,34.2,66.0,56.1,1,1,49.77
New York,2024-12-19,35.1,56.2,38,29.0,75.9,60.2,1,1,52.5
New York,2024-12-20,18.7,55.8,55,23.5,67.2,62.4,1,1,46.47
New York,2024-12-21,32.6,58.9,76,34.8,62.6,60.2,0,2,45.44
New York,2024-12-22,9.3,61.0,98,28.5,51.0,65.6,0,3,45.34
New York,2024-12-23,30.5,63.6,76,39.1,49.4,57.9,1,0,49.55
New York,2024-12-24,28.7,54.2,40,43.7,24.3,57.3,1,1,43.04
New York,2024-12-25,17.6,61.4,42,27.2,99.4,67.3,1,3,56.87
New York,2024-12-26,19.5,58.4,73,37.0,57.9,51.5,1,1,47.29
New York,2024-12-27,20.1,53.0,48,47.0,83.0,57.8,1,2,55.01
New York,2024-12-28,21.5,74.6,39,29.0,58.2,64.4,0,4,41.01
New York,2024-12-29,14.0,68.6,49,28.5,85.0,62.6,0,1,46.36
New York,2024-12-30,15.2,70.0,64,41.1,39.6,63.0,1,1,49.27
New York,2024-12-31,41.1,68.0,46,18.4,85.8,51.3,1,2,54.74
London,2023-01-01,10.2,78.0,89,46.5,77.0,63.1,0,4,56.77
London,2023-01-02,25.2,66.5,65,40.0,49.0,58.2,1,0,47.36
London,2023-01-03,26.6,58.7,96,46.1,37.1,64.4,1,2,50.83
London,2023-01-04,28.1,52.2,77,34.6,68.0,70.8,1,3,54.73
London,2023-01-05,28.3,54.6,51,49.6,61.9,62.6,1,0,52.72
London,2023-01-06,16.7,66.6,87,44.7,73.0,54.7,1,1,55.65
London,2023-01-07,14.9,73.4,51,46.3,53.2,61.0,0,3,46.51
London,2023-01-08,7.5,79.2,75,43.2,71.2,69.6,0,3,55.53
London,2023-01-09,25.5,64.3,84,45.9,61.7,58.3,1,2,54.11
London,2023-01-10,24.1,67.6,92,46.3,48.4,64.5,1,3,53.69
London,2023-01-11,4.1,52.2,58,45.5,57.2,65.2,1,1,56.74
London,2023-01-12,10.2,55.5,102,44.2,76.4,67.3,1,5,64.0
London,2023-01-13,0.3,73.9,60,45.4,55.3,60.4,1,1,59.26
London,2023-01-14,16.8,56.9,65,47.4,57.7,68.6,0,6,49.83
London,2023-01-15,9.3,61.8,98,49.1,69.4,65.1,0,0,52.21
London,2023-01-16,3.5,62.9,51,49.9,70.2,73.0,1,4,65.39
London,2023-01-17,14.0,61.9,83,37.0,65.3,64.4,1,3,55.77
London,2023-01-18,16.8,57.2,99,48.4,79.7,65.8,1,2,60.46
London,2023-01-19,34.3,69.4,62,35.5,56.1,73.2,1,2,55.64
London,2023-01-20,20.0,83.8,83,55.5,43.9,50.7,1,2,53.21
London,2023-01-21,32.3,77.1,56,35.2,75.0,68.3,0,2,50.15
London,2023-01-22,14.6,53.4,69,43.1,55.8,61.5,0,1,43.58
London,2023-01-23,23.3,57.3,62,37.5,83.7,63.4,1,4,56.06
London,2023-01-24,31.3,60.1,81,40.3,80.9,66.5,1,6,62.92
London,2023-01-25,22.5,66.6,59,44.3,53.4,60.9,1,1,49.42
London,2023-01-26,22.2,45.5,54,38.4,40.9,65.1,1,1,43.54
London,2023-01-27,29.5,52.3,62,54.6,49.1,74.0,1,1,55.2
London,2023-01-28,30.3,60.1,81,48.1,55.2,63.2,0,2,47.65
London,2023-01-29,17.0,56.8,68,29.2,79.0,66.7,0,0,43.81
London,2023-01-30,27.2,48.3,59,60.5,64.7,73.8,1,0,57.65
London,2023-01-31,22.5,73.1,75,32.8,57.0,63.9,1,0,48.05
London,2023-02-01,26.7,71.0,62,43.2,69.3,70.3,1,4,58.7
London,2023-02-02,30.0,65.8,49,46.3,64.7,65.0,1,1,55.37
London,2023-02-03,21.8,55.0,83,46.2,65.7,67.1,1,5,56.76
London,2023-02-04,24.5,44.7,50,46.5,83.1,72.1,0,3,49.72
London,2023-02-05,11.8,63.0,29,51.4,52.7,64.3,0,3,47.53
London,2023-02-06,24.2,64.3,68,51.1,74.5,69.5,1,3,59.59
London,2023-02-07,31.7,74.0,73,41.6,62.7,72.5,1,0,56.86
London,2023-02-08,35.6,62.5,85,59.3,37.3,65.6,1,2,58.12
London,2023-02-09,9.8,53.4,55,42.1,68.5,73.2,1,3,58.82
London,2023-02-10,5.1,75.2,85,36.1,43.4,61.8,1,5,57.34
London,2023-02-11,3.0,68.2,62,46.7,72.7,63.5,0,4,56.59
London,2023-02-12,14.3,73.6,68,27.1,45.5,65.3,0,3,41.5
London,2023-02-13,6.6,68.0,38,45.5,52.9,62.3,1,6,59.06
London,2023-02-14,16.7,69.7,86,49.9,68.0,75.0,1,2,60.76
London,2023-02-15,27.3,49.4,87,50.4,87.6,67.6,1,1,60.72
London,2023-02-16,12.0,64.7,33,34.9,66.3,67.3,1,3,54.5
London,2023-02-17,11.3,62.8,111,49.5,68.2,69.8,1,2,62.5
London,2023-02-18,22.3,64.1,91,39.8,57.5,54.0,0,2,41.88
London,2023-02-19,31.6,64.5,53,43.5,93.8,66.4,0,4,55.89
London,2023-02-20,8.5,48.0,46,43.0,56.6,62.8,1,4,55.23
London,2023-02-21,22.2,75.5,89,36.7,71.6,68.9,1,0,53.79
London,2023-02-22,15.4,63.1,29,47.9,50.0,62.6,1,5,53.96
London,2023-02-23,19.8,56.7,48,36.0,63.9,70.0,1,1,49.94
London,2023-02-24,13.0,53.1,43,48.9,57.1,64.8,1,1,53.36
London,2023-02-25,23.0,60.1,72,52.3,52.7,64.8,0,3,46.05
London,2023-02-26,10.1,48.0,68,40.2,75.5,69.7,0,3,51.09
London,2023-02-27,10.3,64.6,39,32.1,90.6,57.9,1,5,59.55
London,2023-02-28,21.9,65.4,90,44.5,56.4,72.6,1,1,53.36
London,2023-03-01,7.2,63.0,71,48.6,74.6,67.4,1,3,63.59
London,2023-03-02,30.2,42.5,64,64.9,71.9,66.0,1,3,62.33
London,2023-03-03,20.0,70.7,66,33.2,79.3,66.7,1,4,56.38
London,2023-03-04,23.8,54.7,70,28.8,57.3,67.3,0,3,40.56
London,2023-03-05,26.6,62.9,63,48.5,53.4,75.6,0,4,49.16
London,2023-03-06,15.2,63.3,65,47.5,33.7,64.2,1,6,53.58
London,2023-03-07,24.7,52.8,105,41.4,72.8,70.6,1,1,55.98
London,2023-03-08,29.2,75.5,71,41.5,71.1,72.5,1,2,59.26
London,2023-03-09,10.9,62.5,69,52.2,23.3,61.8,1,0,49.28
London,2023-03-10,6.5,59.1,59,34.8,76.6,62.6,1,0,56.09
London,2023-03-11,30.9,71.1,84,40.7,80.2,71.2,0,3,54.31
London,2023-03-12,15.9,52.1,58,53.5,57.0,68.6,0,3,48.44
London,2023-03-13,22.1,48.2,57,40.9,92.7,68.6,1,1,55.61
London,2023-03-14,27.4,57.5,90,36.8,51.3,64.5,1,2,50.99
London,2023-03-15,19.1,63.6,62,34.7,65.2,69.7,1,2,52.3
London,2023-03-16,20.0,60.6,44,40.5,64.3,75.0,1,1,52.28
London,2023-03-17,32.7,68.3,50,35.3,46.8,67.4,1,2,51.37
London,2023-03-18,20.8,61.0,58,39.0,53.3,72.4,0,3,43.28
London,2023-03-19,18.1,54.4,82,22.7,69.2,72.8,0,1,41.96
London,2023-03-20,10.1,75.8,87,35.8,55.7,72.9,1,2,57.37
London,2023-03-21,20.4,51.4,69,35.3,47.5,66.9,1,4,48.71
London,2023-03-22,19.1,55.5,81,37.0,73.7,69.5,1,2,54.76
London,2023-03-23,34.9,60.3,96,48.0,61.0,66.1,1,2,59.91
London,2023-03-24,23.3,60.7,70,47.8,63.4,63.6,1,1,53.14
London,2023-03-25,10.6,61.2,59,47.4,66.1,79.7,0,1,51.97
London,2023-03-26,3.9,68.1,59,33.4,64.6,66.5,0,3,50.46
London,2023-03-27,18.2,53.7,64,42.8,66.1,68.7,1,1,53.18
London,2023-03-28,21.0,66.3,69,58.4,81.7,68.5,1,1,61.0
London,2023-03-29,32.9,59.4,65,39.2,70.5,64.8,1,0,55.03
London,2023-03-30,11.8,79.4,62,35.3,55.9,71.0,1,3,56.15
London,2023-03-31,14.4,49.6,79,35.8,71.6,68.6,1,0,53.35
London,2023-04-01,8.5,68.1,91,35.9,72.7,61.3,0,5,53.28
London,2023-04-02,31.6,43.1,88,53.8,42.7,63.6,0,4,47.64
London,2023-04-03,27.0,57.0,64,53.1,41.6,73.9,1,4,55.35
London,2023-04-04,31.1,76.0,110,48.7,56.9,73.2,1,1,60.4
London,2023-04-05,26.7,69.5,96,60.9,47.9,65.4,1,0,56.65
London,2023-04-06,36.3,59.7,80,51.7,41.1,70.8,1,2,57.45
London,2023-04-07,12.5,65.8,69,49.7,57.5,72.8,1,0,57.01
London,2023-04-08,22.9,49.4,69,37.7,85.0,57.6,0,4,46.76
London,2023-04-09,5.5,48.6,66,57.9,24.2,70.5,0,3,47.64
London,2023-04-10,12.5,51.3,71,43.1,75.0,58.6,1,4,58.16
London,2023-04-11,15.6,73.0,65,45.9,58.5,70.3,1,1,55.82
London,2023-04-12,27.8,69.7,72,55.4,80.4,71.3,1,4,65.33
London,2023-04-13,22.8,69.1,66,37.4,79.6,68.3,1,0,53.93
London,2023-04-14,26.9,64.0,70,51.9,66.9,74.8,1,1,58.72
London,2023-04-15,15.8,54.0,63,18.5,78.6,61.8,0,2,41.47
London,2023-04-16,28.2,85.2,102,31.8,40.8,68.6,0,7,48.07
London,2023-04-17,35.4,68.6,46,47.6,85.0,69.0,1,3,64.4
London,2023-04-18,39.0,73.4,46,55.8,54.0,67.1,1,2,61.3
London,2023-04-19,29.0,69.7,41,49.3,47.9,70.1,1,1,53.28
London,2023-04-20,12.3,66.4,65,45.1,64.7,59.4,1,2,56.37
London,2023-04-21,16.8,58.8,59,40.5,73.9,73.6,1,4,58.29
London,2023-04-22,16.8,60.9,59,56.9,63.3,73.3,0,3,52.03
London,2023-04-23,21.2,77.8,69,31.3,79.8,65.9,0,3,47.37
London,2023-04-24,24.0,56.6,65,46.3,70.0,59.2,1,1,52.84
London,2023-04-25,30.0,82.1,58,25.7,76.6,63.6,1,2,54.71
London,2023-04-26,26.9,59.4,70,16.6,23.8,72.5,1,1,39.44
London,2023-04-27,21.9,61.3,59,44.2,42.6,72.8,1,0,47.8
London,2023-04-28,18.1,64.6,69,50.9,59.1,64.3,1,1,54.64
London,2023-04-29,22.0,47.8,62,50.3,74.7,68.9,0,3,48.47
London,2023-04-30,26.6,57.5,31,35.2,73.2,63.7,0,4,45.16
London,2023-05-01,29.0,72.7,42,48.0,84.6,67.3,1,5,63.48
London,2023-05-02,29.8,70.2,68,45.0,41.6,77.4,1,2,54.69
London,2023-05-03,13.1,65.9,52,31.1,64.4,74.9,1,2,54.22
London,2023-05-04,30.5,55.6,86,42.0,62.4,79.6,1,3,58.98
London,2023-05-05,19.8,89.2,68,43.2,60.0,68.8,1,2,56.02
London,2023-05-06,20.5,74.0,62,33.3,52.9,69.7,0,5,44.4
London,2023-05-07,8.8,58.4,87,43.1,50.5,58.8,0,3,47.46
London,2023-05-08,28.4,54.6,121,44.2,73.5,63.1,1,1,58.03
London,2023-05-09,34.4,69.0,79,45.3,74.4,60.1,1,3,61.4
London,2023-05-10,19.7,80.3,107,47.4,57.4,67.6,1,4,59.27
London,2023-05-11,33.1,71.0,73,35.0,79.5,63.1,1,1,57.82
London,2023-05-12,0.8,71.1,76,38.2,61.1,66.4,1,1,59.8
London,2023-05-13,18.0,66.1,65,38.2,69.2,70.9,0,3,47.96
London,2023-05-14,24.2,52.2,88,57.5,63.7,66.1,0,5,52.04
London,2023-05-15,13.1,70.1,66,31.7,87.5,63.0,1,0,56.3
London,2023-05-16,30.1,85.4,74,42.6,57.6,58.4,1,1,55.01
London,2023-05-17,27.8,70.2,73,36.4,35.3,57.4,1,1,46.13
London,2023-05-18,28.0,74.7,84,36.9,82.2,62.3,1,0,56.77
London,2023-05-19,15.9,55.8,103,49.9,54.1,66.1,1,3,57.05
London,2023-05-20,38.2,65.5,89,32.9,70.4,65.2,0,3,51.74
London,2023-05-21,38.2,58.0,69,44.0,55.2,67.7,0,2,49.64
London,2023-05-22,15.9,70.9,83,30.8,51.6,63.4,1,1,49.6
London,2023-05-23,13.0,51.1,77,40.8,58.1,61.7,1,2,53.06
London,2023-05-24,14.2,57.9,70,38.8,79.8,75.2,1,0,57.41
London,2023-05-25,27.6,58.1,40,26.6,84.1,66.0,1,0,50.93
London,2023-05-26,12.0,77.6,77,39.5,75.9,60.6,1,2,59.17
London,2023-05-27,7.9,70.0,94,48.8,64.6,65.8,0,4,55.78
London,2023-05-28,25.2,54.9,95,33.6,57.8,63.7,0,3,43.17
London,2023-05-29,14.3,63.7,20,46.7,75.6,72.9,1,1,57.25
London,2023-05-30,27.5,75.3,98,41.8,64.2,59.2,1,2,56.23
London,2023-05-31,15.1,60.4,66,50.1,47.7,56.1,1,4,53.85
London,2023-06-01,18.9,72.7,64,26.8,62.0,70.7,1,3,51.55
London,2023-06-02,23.8,73.7,79,39.0,77.9,63.8,1,4,58.04
London,2023-06-03,14.7,67.7,43,41.2,82.8,65.5,0,5,52.64
London,2023-06-04,23.8,67.3,84,39.0,55.1,59.4,0,3,43.52
London,2023-06-05,19.0,58.8,31,51.9,72.8,80.3,1,3,59.31
London,2023-06-06,20.3,53.5,55,61.2,82.8,62.3,1,0,58.36
London,2023-06-07,19.6,70.5,38,36.6,69.7,63.2,1,2,51.83
London,2023-06-08,20.4,74.4,64,33.6,56.0,64.1,1,6,53.12
London,2023-06-09,10.8,65.0,81,31.5,48.3,65.8,1,1,50.91
London,2023-06-10,17.7,66.6,93,45.3,65.8,61.5,0,2,48.33
London,2023-06-11,25.3,45.4,48,42.7,39.4,65.4,0,5,40.71
London,2023-06-12,8.9,81.2,60,52.8,82.8,52.7,1,3,64.42
London,2023-06-13,24.7,67.0,77,49.0,82.4,63.7,1,3,60.49
London,2023-06-14,21.6,59.0,86,51.2,52.7,73.6,1,1,53.97
London,2023-06-15,13.5,74.0,95,40.2,52.8,64.1,1,3,56.14
London,2023-06-16,19.3,60.4,67,36.7,83.6,73.7,1,0,55.42
London,2023-06-17,23.8,79.7,68,36.5,75.4,69.0,0,2,48.18
London,2023-06-18,26.0,57.8,68,44.8,55.4,58.2,0,2,43.26
London,2023-06-19,18.5,65.7,64,37.1,69.9,69.3,1,0,52.71
London,2023-06-20,5.7,65.1,95,48.1,63.9,72.6,1,5,65.9
London,2023-06-21,25.8,80.4,77,37.0,52.2,65.4,1,6,55.72
London,2023-06-22,21.7,57.7,70,48.3,75.8,69.5,1,3,57.75
London,2023-06-23,17.5,54.0,87,24.8,77.5,73.6,1,1,52.8
London,2023-06-24,27.7,57.4,82,33.7,46.7,68.5,0,3,42.42
London,2023-06-25,24.1,81.1,73,51.2,52.1,74.1,0,2,49.01
London,2023-06-26,14.9,59.0,84,46.3,66.1,69.3,1,3,58.75
London,2023-06-27,0.1,57.6,64,45.5,82.0,76.3,1,1,66.11
London,2023-06-28,22.9,59.7,45,40.2,76.2,65.8,1,2,53.28
London,2023-06-29,37.9,68.6,77,29.2,85.3,72.3,1,3,62.55
London,2023-06-30,30.3,59.9,54,42.7,72.9,71.8,1,1,56.99
London,2023-07-01,18.8,56.5,119,32.3,65.8,70.9,0,3,47.06
London,2023-07-02,26.9,71.4,82,46.7,85.1,63.1,0,2,53.01
London,2023-07-03,26.3,46.2,82,44.8,29.8,63.8,1,2,46.77
London,2023-07-04,34.4,73.7,80,40.4,45.0,69.6,1,2,55.55
London,2023-07-05,21.2,57.3,68,46.3,71.8,63.2,1,1,53.67
London,2023-07-06,28.9,73.5,77,39.6,57.2,66.2,1,4,56.45
London,2023-07-07,10.2,83.3,29,54.5,66.4,69.1,1,3,62.6
London,2023-07-08,24.7,48.6,55,34.2,71.7,67.0,0,4,44.76
London,2023-07-09,23.9,68.6,73,41.1,56.5,78.4,0,1,45.68
London,2023-07-10,20.4,63.2,62,56.0,48.1,67.2,1,1,52.93
London,2023-07-11,33.9,67.8,74,33.5,58.6,76.1,1,4,58.05
London,2023-07-12,18.0,58.6,70,32.3,81.5,76.3,1,2,56.4
London,2023-07-13,30.4,56.0,59,52.6,65.5,66.3,1,0,56.38
London,2023-07-14,22.4,57.2,47,30.4,71.2,66.9,1,2,49.42
London,2023-07-15,11.4,55.8,115,46.7,26.3,65.4,0,2,44.05
London,2023-07-16,35.7,69.7,56,58.5,38.9,69.3,0,0,48.53
London,2023-07-17,9.0,71.9,92,47.5,81.2,73.9,1,0,64.48
London,2023-07-18,13.0,84.5,65,39.9,49.6,66.2,1,4,56.32
London,2023-07-19,11.2,55.0,56,39.5,67.1,67.7,1,1,54.82
London,2023-07-20,13.5,30.9,130,34.6,53.9,60.3,1,1,49.89
London,2023-07-21,30.8,63.1,62,50.6,57.1,67.1,1,2,56.95
London,2023-07-22,19.1,75.6,20,34.3,67.0,72.6,0,4,45.79
London,2023-07-23,6.9,67.5,62,46.9,64.4,65.8,0,1,51.28
London,2023-07-24,36.0,67.2,67,34.2,47.4,70.9,1,2,53.84
London,2023-07-25,18.1,76.3,95,47.7,77.3,49.9,1,7,62.29
London,2023-07-26,11.7,75.3,49,34.7,58.0,78.2,1,3,56.7
London,2023-07-27,30.7,47.4,55,57.4,50.5,57.9,1,0,52.28
London,2023-07-28,9.0,56.8,26,41.6,66.2,75.9,1,0,55.41
London,2023-07-29,16.8,67.5,79,39.3,47.6,70.7,0,2,44.37
London,2023-07-30,12.6,54.2,105,42.0,62.7,64.5,0,5,51.22
London,2023-07-31,15.4,66.1,94,44.5,89.4,65.6,1,3,63.28
London,2023-08-01,21.0,68.2,72,37.1,67.9,71.9,1,3,54.95
London,2023-08-02,16.3,58.5,84,46.0,52.4,60.0,1,0,51.23
London,2023-08-03,11.7,83.2,79,39.0,58.4,60.9,1,3,57.14
London,2023-08-04,17.1,78.8,56,47.2,85.9,65.1,1,1,60.29
London,2023-08-05,15.3,74.2,33,44.4,41.4,73.1,0,1,43.13
London,2023-08-06,14.2,49.2,94,39.6,100.0,62.9,0,2,53.53
London,2023-08-07,4.3,61.8,99,50.7,56.3,69.3,1,2,62.47
London,2023-08-08,15.6,78.1,57,25.4,45.5,60.8,1,1,45.96
London,2023-08-09,20.4,69.6,63,39.3,91.3,73.0,1,0,57.84
London,2023-08-10,26.0,58.5,53,56.3,60.9,68.2,1,2,56.62
London,2023-08-11,31.1,64.9,81,40.7,58.4,71.6,1,2,56.49
London,2023-08-12,8.0,81.2,45,54.2,69.1,73.4,0,0,54.8
London,2023-08-13,21.9,62.9,81,41.7,62.0,64.9,0,2,44.49
London,2023-08-14,23.4,54.9,34,43.3,90.1,66.3,1,1,55.31
London,2023-08-15,30.0,57.2,61,49.3,74.6,65.3,1,5,61.31
London,2023-08-16,11.1,62.9,38,50.5,57.9,63.5,1,3,56.92
London,2023-08-17,25.1,61.4,44,33.1,54.7,64.8,1,1,47.02
London,2023-08-18,10.2,41.3,107,42.6,95.1,61.8,1,2,62.65
London,2023-08-19,27.0,64.2,68,24.5,52.3,71.2,0,1,39.54
London,2023-08-20,13.1,67.3,76,44.4,47.9,67.5,0,0,44.95
London,2023-08-21,23.5,78.0,48,49.7,90.1,67.3,1,3,62.05
London,2023-08-22,20.4,57.6,81,43.8,56.2,67.9,1,2,52.53
London,2023-08-23,28.0,72.1,44,31.7,81.6,67.9,1,2,55.6
London,2023-08-24,20.9,63.7,65,49.7,75.4,69.0,1,0,56.16
London,2023-08-25,28.9,67.3,36,34.4,55.9,72.5,1,0,49.88
London,2023-08-26,20.8,70.0,77,44.4,48.3,61.1,0,3,43.65
London,2023-08-27,26.5,43.0,47,40.3,56.0,68.0,0,2,41.54
London,2023-08-28,5.1,72.9,69,46.6,65.1,67.7,1,2,62.12
London,2023-08-29,13.8,52.7,41,39.6,53.9,62.5,1,3,50.95
London,2023-08-30,16.4,53.3,63,57.1,57.8,62.4,1,2,55.85
London,2023-08-31,36.2,78.6,67,59.1,73.4,62.1,1,0,63.95
London,2023-09-01,8.7,68.1,66,44.2,73.2,65.9,1,2,60.64
London,2023-09-02,28.5,52.6,62,44.9,67.3,70.5,0,5,50.55
London,2023-09-03,17.0,65.6,37,34.3,61.9,67.5,0,4,44.58
London,2023-09-04,27.0,69.6,77,42.5,79.3,70.9,1,1,58.83
London,2023-09-05,6.5,64.0,32,43.0,60.4,76.7,1,3,59.28
London,2023-09-06,25.5,61.9,119,40.3,67.5,60.4,1,3,56.43
London,2023-09-07,20.8,82.6,56,54.4,45.9,71.0,1,0,53.42
London,2023-09-08,11.7,41.4,86,33.6,59.0,74.9,1,4,55.27
London,2023-09-09,12.5,61.1,42,36.6,58.0,71.2,0,1,44.2
London,2023-09-10,17.3,60.5,73,42.4,56.1,69.0,0,1,44.61
London,2023-09-11,18.6,59.1,59,48.6,58.0,68.3,1,3,54.89
London,2023-09-12,18.0,68.9,77,39.8,37.0,72.5,1,2,50.31
London,2023-09-13,18.1,67.5,72,54.9,65.6,68.8,1,0,57.47
London,2023-09-14,11.6,68.1,77,43.8,87.5,66.5,1,1,62.09
London,2023-09-15,32.6,50.0,73,36.1,65.9,60.5,1,2,53.46
London,2023-09-16,12.4,75.0,68,26.4,51.9,71.2,0,2,43.72
London,2023-09-17,20.0,65.5,62,45.4,80.8,69.9,0,2,50.24
London,2023-09-18,18.5,45.4,47,29.8,82.0,74.2,1,3,53.59
London,2023-09-19,4.1,54.2,89,50.7,73.8,61.8,1,1,62.61
London,2023-09-20,27.9,78.6,83,21.0,66.9,69.9,1,1,51.79
London,2023-09-21,15.9,56.4,99,42.7,48.4,60.1,1,1,51.03
London,2023-09-22,21.2,69.9,78,35.0,78.8,73.1,1,0,54.64
London,2023-09-23,12.8,62.9,79,49.5,32.8,67.5,0,1,43.98
London,2023-09-24,31.3,67.3,70,36.5,85.7,64.4,0,0,49.62
London,2023-09-25,30.3,60.8,123,50.8,82.6,72.9,1,4,67.41
London,2023-09-26,5.9,60.8,74,38.0,100.0,69.7,1,2,65.77
London,2023-09-27,14.2,83.5,59,45.2,73.6,61.2,1,7,63.32
London,2023-09-28,17.4,76.6,103,24.9,44.9,64.8,1,3,49.57
London,2023-09-29,12.7,73.7,79,33.7,64.0,73.1,1,2,56.81
London,2023-09-30,24.8,75.7,97,42.5,36.3,66.7,0,3,43.92
London,2023-10-01,17.9,52.2,56,48.3,75.2,60.0,0,1,46.59
London,2023-10-02,21.8,58.4,78,40.7,26.4,64.1,1,0,42.74
London,2023-10-03,14.0,56.6,35,55.1,81.0,68.4,1,1,60.08
London,2023-10-04,13.8,53.7,83,38.9,69.9,58.7,1,1,53.79
London,2023-10-05,17.5,53.5,78,49.0,86.9,63.9,1,3,60.84
London,2023-10-06,14.4,69.3,40,27.0,59.8,70.6,1,2,50.6
London,2023-10-07,5.7,70.5,101,34.2,41.5,69.3,0,2,47.31
London,2023-10-08,22.8,53.0,78,46.3,66.7,75.2,0,5,50.23
London,2023-10-09,11.0,66.4,76,47.5,72.3,65.3,1,3,61.56
London,2023-10-10,20.9,64.2,71,37.9,67.9,65.0,1,0,51.04
London,2023-10-11,19.0,77.2,74,36.7,44.2,66.8,1,0,48.44
London,2023-10-12,13.6,63.4,63,37.4,72.7,78.2,1,0,56.64
London,2023-10-13,15.5,61.4,67,46.5,63.5,57.2,1,1,53.65
London,2023-10-14,26.1,73.2,91,41.9,68.9,61.9,0,2,48.55
London,2023-10-15,13.3,62.3,52,33.6,47.2,70.2,0,1,41.3
London,2023-10-16,22.3,50.1,75,40.2,64.1,69.6,1,1,50.97
London,2023-10-17,33.1,68.2,65,31.5,29.1,67.6,1,3,48.56
London,2023-10-18,26.0,75.6,86,48.2,43.0,66.3,1,3,54.65
London,2023-10-19,22.0,64.2,52,27.4,61.9,67.3,1,5,50.07
London,2023-10-20,23.4,60.6,82,39.8,63.1,69.2,1,1,52.46
London,2023-10-21,22.4,73.2,83,43.1,25.9,68.2,0,6,42.86
London,2023-10-22,10.4,79.2,61,43.2,61.7,65.6,0,2,50.24
London,2023-10-23,24.9,70.6,79,35.3,42.1,65.1,1,1,47.73
London,2023-10-24,27.0,66.7,68,38.5,79.7,57.8,1,1,54.8
London,2023-10-25,10.4,83.3,43,45.2,76.1,57.4,1,2,59.75
London,2023-10-26,13.7,59.5,48,36.2,80.1,76.7,1,1,57.12
London,2023-10-27,21.7,49.2,73,45.3,75.5,69.6,1,1,54.53
London,2023-10-28,10.6,69.6,101,44.7,54.6,72.0,0,5,53.79
London,2023-10-29,7.2,60.9,58,47.7,75.8,66.4,0,2,53.74
London,2023-10-30,35.4,64.4,50,32.6,46.0,75.1,1,3,53.36
London,2023-10-31,19.7,60.1,113,25.8,100.0,67.3,1,2,58.33
London,2023-11-01,21.1,64.5,42,30.7,70.8,67.4,1,2,50.23
London,2023-11-02,21.3,73.9,90,37.5,58.6,66.5,1,3,53.59
London,2023-11-03,9.3,69.3,91,29.6,66.3,72.1,1,3,58.27
London,2023-11-04,18.5,75.7,77,34.5,69.2,71.1,0,1,46.66
London,2023-11-05,15.9,66.3,42,45.4,64.2,71.6,0,2,47.9
London,2023-11-06,27.0,59.9,53,27.6,52.8,65.4,1,0,45.42
London,2023-11-07,26.9,78.3,49,32.6,86.1,66.4,1,2,56.91
London,2023-11-08,21.4,63.2,86,50.8,70.2,62.5,1,2,56.72
London,2023-11-09,27.4,79.0,77,36.5,78.2,61.5,1,3,58.04
London,2023-11-10,22.4,53.6,75,42.5,65.5,72.9,1,3,54.58
London,2023-11-11,29.5,62.9,100,46.4,90.6,61.7,0,0,53.17
London,2023-11-12,22.5,60.9,66,38.2,66.8,62.8,0,1,42.5
London,2023-11-13,23.1,50.8,66,35.3,58.8,63.7,1,2,48.37
London,2023-11-14,17.6,74.7,49,28.8,45.0,61.6,1,3,47.1
London,2023-11-15,7.6,74.4,68,42.8,51.4,68.6,1,2,57.57
London,2023-11-16,29.6,62.3,64,59.5,79.4,63.7,1,0,61.15
London,2023-11-17,24.2,74.8,74,36.3,92.0,74.7,1,1,59.57
London,2023-11-18,13.7,73.5,105,36.9,67.5,63.2,0,4,51.21
London,2023-11-19,17.6,67.5,71,43.9,62.3,71.8,0,2,48.06
London,2023-11-20,17.2,58.2,71,44.2,91.8,69.4,1,2,60.88
London,2023-11-21,15.6,72.7,72,26.7,93.7,62.5,1,1,56.48
London,2023-11-22,40.2,52.5,72,32.0,50.7,59.0,1,3,53.12
London,2023-11-23,27.8,69.1,92,38.2,69.8,65.3,1,1,55.79
London,2023-11-24,21.3,64.7,76,52.3,61.9,62.2,1,1,54.31
London,2023-11-25,27.9,66.1,46,47.4,74.7,67.5,0,5,52.45
London,2023-11-26,19.9,70.4,66,33.1,67.4,56.8,0,2,42.6
London,2023-11-27,19.9,71.6,116,41.4,46.5,58.7,1,1,50.85
London,2023-11-28,24.5,70.7,66,46.3,66.0,76.3,1,3,58.37
London,2023-11-29,23.8,49.5,56,50.4,55.3,61.0,1,3,51.84
London,2023-11-30,12.5,63.9,67,34.7,78.1,59.3,1,0,54.3
London,2023-12-01,33.8,70.4,66,50.7,67.3,75.0,1,1,61.67
London,2023-12-02,4.0,63.9,44,31.0,80.5,58.4,0,5,52.0
London,2023-12-03,5.9,71.5,98,15.0,64.5,66.4,0,3,46.79
London,2023-12-04,20.6,76.2,80,41.3,61.6,57.0,1,3,53.51
London,2023-12-05,11.6,73.7,61,39.8,74.4,68.6,1,2,59.33
London,2023-12-06,21.9,67.5,58,50.4,52.3,58.9,1,3,52.07
London,2023-12-07,23.7,78.1,42,59.6,60.7,58.2,1,2,56.24
London,2023-12-08,23.5,73.0,81,44.9,66.7,66.3,1,3,56.97
London,2023-12-09,24.2,41.7,45,48.8,55.0,60.0,0,4,42.81
London,2023-12-10,18.7,52.4,60,50.4,79.6,67.5,0,2,50.08
London,2023-12-11,28.7,54.1,39,26.7,37.1,72.4,1,0,42.72
London,2023-12-12,18.6,67.2,52,48.7,62.3,67.7,1,1,54.45
London,2023-12-13,33.4,61.2,58,34.4,64.1,66.6,1,5,56.87
London,2023-12-14,11.3,49.5,55,42.2,53.3,63.9,1,0,50.65
London,2023-12-15,39.1,79.4,39,35.2,51.6,68.9,1,2,55.7
London,2023-12-16,26.5,72.9,73,51.2,55.8,65.1,0,5,50.81
London,2023-12-17,19.4,72.7,78,52.4,70.1,70.0,0,0,50.17
London,2023-12-18,32.3,60.7,82,42.0,59.3,71.2,1,0,55.42
London,2023-12-19,20.2,71.8,75,48.3,94.6,63.8,1,6,65.29
London,2023-12-20,17.0,54.1,54,32.9,57.1,68.4,1,3,50.26
London,2023-12-21,29.2,62.5,92,48.0,46.0,78.0,1,1,55.89
London,2023-12-22,14.3,74.6,87,31.2,67.7,71.5,1,1,55.58
London,2023-12-23,27.9,75.6,61,53.4,84.6,68.2,0,3,56.26
London,2023-12-24,18.8,56.4,85,42.4,72.7,64.4,0,1,46.7
London,2023-12-25,24.0,61.6,80,36.0,72.5,70.5,1,3,55.45
London,2023-12-26,21.9,56.9,30,27.5,31.9,69.1,1,1,39.32
London,2023-12-27,18.6,70.8,81,41.3,66.6,67.7,1,3,56.76
London,2023-12-28,28.9,69.3,65,55.9,67.7,67.2,1,5,63.01
London,2023-12-29,0.3,45.2,55,37.6,70.4,63.6,1,0,56.72
London,2023-12-30,11.7,64.2,67,45.4,82.4,75.4,0,2,54.99
London,2023-12-31,14.8,72.4,41,18.6,84.4,68.2,0,3,45.78
London,2024-01-01,24.0,63.9,62,39.3,81.3,65.7,1,3,56.61
London,2024-01-02,7.7,69.0,86,50.0,50.7,64.3,1,0,57.34
London,2024-01-03,17.2,81.7,86,37.6,72.3,79.6,1,4,61.68
London,2024-01-04,20.8,80.6,81,43.6,61.6,69.1,1,1,55.08
London,2024-01-05,14.5,78.4,52,37.8,72.1,62.6,1,0,54.43
London,2024-01-06,16.4,74.2,74,36.9,58.6,66.3,0,1,44.88
London,2024-01-07,27.0,67.0,73,52.4,93.1,60.8,0,4,56.65
London,2024-01-08,18.1,76.8,61,40.4,79.3,70.0,1,1,57.57
London,2024-01-09,21.3,55.9,41,25.5,60.6,66.7,1,0,43.9
London,2024-01-10,27.2,69.9,54,53.9,65.5,68.5,1,0,56.93
London,2024-01-11,27.7,66.0,92,48.6,86.9,67.6,1,0,61.33
London,2024-01-12,23.5,61.8,52,35.7,71.1,65.8,1,4,53.5
London,2024-01-13,20.8,46.1,98,33.5,79.3,63.5,0,2,45.09
London,2024-01-14,15.0,86.1,98,46.7,59.4,65.7,0,5,53.93
London,2024-01-15,8.8,60.1,69,38.6,55.5,63.9,1,0,52.85
London,2024-01-16,12.5,81.7,109,48.2,42.4,64.6,1,4,59.02
London,2024-01-17,19.0,65.4,95,58.1,48.1,64.1,1,1,55.44
London,2024-01-18,19.2,57.6,85,34.2,84.0,70.1,1,3,57.35
London,2024-01-19,25.7,62.1,66,37.5,62.4,62.2,1,3,52.39
London,2024-01-20,24.8,68.1,54,31.3,58.1,74.7,0,4,44.5
London,2024-01-21,21.8,44.2,77,29.5,44.5,68.8,0,3,37.1
London,2024-01-22,23.7,77.2,72,34.0,87.6,65.7,1,1,56.43
London,2024-01-23,25.8,73.5,54,55.0,56.2,70.1,1,2,57.17
London,2024-01-24,22.3,76.7,80,40.0,76.2,63.9,1,2,56.1
London,2024-01-25,6.3,60.9,92,28.5,59.3,69.0,1,2,55.62
London,2024-01-26,21.9,78.4,70,50.7,46.6,77.2,1,4,56.75
London,2024-01-27,26.5,64.6,69,45.0,72.5,61.9,0,9,54.13
London,2024-01-28,19.8,76.4,79,56.4,50.5,64.5,0,1,47.48
London,2024-01-29,11.0,49.7,26,23.4,74.8,64.7,1,1,49.42
London,2024-01-30,15.8,55.4,101,52.3,88.8,67.9,1,0,62.36
London,2024-01-31,13.4,68.9,69,49.4,68.0,63.4,1,0,57.32
London,2024-02-01,25.2,77.0,58,31.0,76.0,57.9,1,4,54.25
London,2024-02-02,32.9,60.7,54,40.3,72.0,64.3,1,2,56.76
London,2024-02-03,20.7,66.1,80,42.2,47.2,70.1,0,5,45.81
London,2024-02-04,10.9,49.7,64,48.4,77.8,68.4,0,4,54.05
London,2024-02-05,11.0,54.0,63,26.4,52.9,58.0,1,1,46.95
London,2024-02-06,21.0,66.0,62,49.0,60.6,66.9,1,5,56.79
London,2024-02-07,18.8,62.2,103,46.3,58.8,67.7,1,0,54.23
London,2024-02-08,24.4,55.7,62,50.5,50.3,70.1,1,5,55.27
London,2024-02-09,13.3,68.3,74,28.9,64.9,70.1,1,3,54.9
London,2024-02-10,17.2,79.3,52,31.7,64.9,62.9,0,3,44.86
London,2024-02-11,20.7,71.0,88,52.8,61.5,65.0,0,2,49.13
London,2024-02-12,20.7,65.7,77,56.5,56.1,68.9,1,3,57.56
London,2024-02-13,22.1,48.2,112,45.2,70.8,57.6,1,1,53.23
London,2024-02-14,34.1,72.3,35,44.8,42.5,58.9,1,1,51.02
London,2024-02-15,23.6,72.4,78,56.0,70.5,67.9,1,2,60.12
London,2024-02-16,35.1,45.7,91,41.5,48.7,69.7,1,0,52.95
London,2024-02-17,17.8,64.6,47,29.4,67.8,66.8,0,2,42.73
London,2024-02-18,10.3,65.4,47,43.9,83.5,68.4,0,0,51.56
London,2024-02-19,10.8,41.4,65,52.6,86.0,68.6,1,2,62.48
London,2024-02-20,25.0,68.9,80,50.3,59.8,74.2,1,2,57.79
London,2024-02-21,17.7,80.9,56,36.2,71.3,71.2,1,2,56.16
London,2024-02-22,19.4,58.2,59,51.1,63.2,66.9,1,1,54.28
London,2024-02-23,22.1,92.8,74,50.3,67.8,56.9,1,1,56.47
London,2024-02-24,25.8,67.1,87,29.3,65.7,73.6,0,3,46.38
London,2024-02-25,22.7,66.6,65,28.8,61.1,66.2,0,2,40.77
London,2024-02-26,12.4,51.1,85,43.3,58.0,56.6,1,5,56.03
London,2024-02-27,14.1,53.5,66,43.7,35.0,73.8,1,1,49.82
London,2024-02-28,29.5,66.3,90,53.4,43.1,71.5,1,2,56.9
London,2024-02-29,16.9,64.8,57,53.6,49.8,67.3,1,3,55.66
London,2024-03-01,14.4,74.6,56,52.0,90.9,62.6,1,3,64.48
London,2024-03-02,24.8,85.1,29,40.6,46.2,67.1,0,1,41.29
London,2024-03-03,13.0,66.6,90,38.0,86.5,72.2,0,3,54.87
London,2024-03-04,13.7,62.9,67,59.8,61.9,58.2,1,4,60.54
London,2024-03-05,12.4,62.1,81,22.4,74.8,67.7,1,1,53.09
London,2024-03-06,27.1,75.3,69,43.6,69.3,73.2,1,5,61.09
London,2024-03-07,39.8,59.8,64,37.6,74.9,57.7,1,1,57.74
London,2024-03-08,17.1,61.3,59,47.2,73.1,75.5,1,2,58.77
London,2024-03-09,15.4,67.5,80,37.6,54.3,67.7,0,0,43.67
London,2024-03-10,21.5,66.9,69,47.5,56.5,59.7,0,5,46.54
London,2024-03-11,19.2,66.1,38,40.3,82.8,77.4,1,4,59.42
London,2024-03-12,16.5,61.7,88,39.8,54.6,60.2,1,3,52.89
London,2024-03-13,12.5,72.5,69,43.1,54.5,68.8,1,1,55.41
London,2024-03-14,7.9,57.3,58,43.5,73.9,64.0,1,2,59.13
London,2024-03-15,8.5,82.0,90,29.8,52.0,66.3,1,2,55.2
London,2024-03-16,13.2,65.5,76,49.9,65.1,64.4,0,2,50.8
London,2024-03-17,11.2,58.3,91,24.4,66.1,67.1,0,4,46.9
London,2024-03-18,32.2,68.7,83,23.9,51.3,67.2,1,1,49.72
London,2024-03-19,20.5,64.2,78,45.0,78.0,70.3,1,4,59.76
London,2024-03-20,12.6,75.6,23,52.8,52.0,61.5,1,1,54.23
London,2024-03-21,34.2,78.6,58,49.3,56.8,64.2,1,2,58.77
London,2024-03-22,19.6,62.9,91,49.7,91.7,63.7,1,2,61.87
London,2024-03-23,18.2,90.2,81,35.0,53.5,59.7,0,2,44.2
London,2024-03-24,33.4,63.2,56,44.7,78.3,68.0,0,2,52.48
London,2024-03-25,13.3,67.3,72,21.0,64.5,67.6,1,1,50.32
London,2024-03-26,9.7,70.1,84,37.4,70.7,64.7,1,1,57.95
London,2024-03-27,10.8,83.9,40,43.3,67.3,67.3,1,2,58.9
London,2024-03-28,21.7,79.6,123,28.6,86.3,66.8,1,1,57.04
London,2024-03-29,9.6,52.6,34,45.4,69.9,62.9,1,4,57.96
London,2024-03-30,17.6,75.7,73,54.9,60.8,73.1,0,1,51.18
London,2024-03-31,40.8,78.1,73,47.1,48.8,61.8,0,4,53.1
London,2024-04-01,17.1,63.0,57,44.3,67.1,62.5,1,3,55.36
London,2024-04-02,28.2,62.9,36,32.8,48.8,64.1,1,1,46.62
London,2024-04-03,17.9,69.9,71,42.4,91.7,71.3,1,2,61.58
London,2024-04-04,31.4,59.8,81,37.1,73.8,55.7,1,5,57.87
London,2024-04-05,8.4,81.4,82,26.1,68.7,68.6,1,1,56.65
London,2024-04-06,13.0,51.0,56,42.4,78.9,67.3,0,4,51.3
London,2024-04-07,24.2,73.9,42,43.5,59.1,67.4,0,1,44.06
London,2024-04-08,11.9,63.5,76,36.2,82.8,79.3,1,2,61.49
London,2024-04-09,24.0,54.2,74,32.6,71.6,67.3,1,2,51.86
London,2024-04-10,31.2,73.4,77,32.6,63.5,65.9,1,2,54.93
London,2024-04-11,29.2,63.1,64,35.9,80.6,63.5,1,2,56.42
London,2024-04-12,19.9,67.8,107,50.6,73.8,69.7,1,1,59.96
London,2024-04-13,21.1,66.7,52,46.6,60.8,72.6,0,0,44.55
London,2024-04-14,28.9,57.5,76,28.5,73.9,70.8,0,3,47.04
London,2024-04-15,24.1,61.7,75,35.2,62.4,58.5,1,1,49.23
London,2024-04-16,27.0,56.7,96,34.5,96.4,57.3,1,3,58.96
London,2024-04-17,17.9,67.5,50,44.4,66.8,70.9,1,1,54.94
London,2024-04-18,31.5,55.9,41,36.0,38.4,75.4,1,1,48.26
London,2024-04-19,25.9,57.7,64,35.0,38.7,67.3,1,3,47.41
London,2024-04-20,27.4,54.0,53,30.6,70.5,65.4,0,4,44.73
London,2024-04-21,24.3,79.5,50,34.2,60.9,68.2,0,3,44.58
London,2024-04-22,12.7,46.0,79,46.2,80.7,57.0,1,1,57.18
London,2024-04-23,14.7,62.5,104,39.7,44.8,68.5,1,3,53.97
London,2024-04-24,24.5,67.6,23,41.2,67.7,66.2,1,3,53.11
London,2024-04-25,16.7,65.6,86,32.9,48.2,73.8,1,2,51.51
London,2024-04-26,3.2,61.4,70,42.4,77.3,82.3,1,1,64.77
London,2024-04-27,24.4,67.2,57,48.3,52.8,66.4,0,1,44.07
London,2024-04-28,6.3,67.2,96,48.7,80.4,63.0,0,3,58.03
London,2024-04-29,31.4,85.3,88,44.8,78.1,70.4,1,1,63.04
London,2024-04-30,27.1,85.9,87,25.9,57.2,66.0,1,3,52.78
London,2024-05-01,12.1,50.8,92,37.9,61.4,64.3,1,2,54.5
London,2024-05-02,28.3,46.7,63,36.1,41.3,67.0,1,1,46.3
London,2024-05-03,25.8,67.7,76,49.2,64.6,62.9,1,1,55.65
London,2024-05-04,11.7,72.8,79,27.7,52.6,61.5,0,4,44.8
London,2024-05-05,35.5,56.2,54,29.3,67.2,67.4,0,1,45.03
London,2024-05-06,11.7,48.4,53,25.7,51.7,68.5,1,2,47.91
London,2024-05-07,19.8,66.8,67,37.3,57.2,64.5,1,1,49.96
London,2024-05-08,12.2,70.7,75,41.2,94.1,62.4,1,1,61.86
London,2024-05-09,29.0,62.4,72,46.4,57.8,61.7,1,2,54.63
London,2024-05-10,25.1,73.7,70,38.0,59.6,75.0,1,3,55.32
London,2024-05-11,25.4,67.5,90,37.9,75.1,58.0,0,4,48.78
London,2024-05-12,13.0,70.5,61,40.8,71.3,62.8,0,2,49.05
London,2024-05-13,18.8,56.0,65,32.7,78.5,72.7,1,3,55.26
London,2024-05-14,26.2,46.6,83,31.1,62.7,73.3,1,2,51.28
London,2024-05-15,18.2,70.0,56,29.8,38.2,69.4,1,1,45.35
London,2024-05-16,15.0,84.5,46,46.8,71.3,73.7,1,1,59.68
London,2024-05-17,27.9,62.5,94,47.5,79.9,78.8,1,3,63.95
London,2024-05-18,16.0,69.8,76,24.5,55.8,68.2,0,6,45.21
London,2024-05-19,10.2,47.8,83,41.7,70.9,75.6,0,4,53.08
London,2024-05-20,32.6,74.3,115,29.5,80.6,70.8,1,5,63.41
London,2024-05-21,20.7,82.8,64,56.1,48.1,62.1,1,3,55.68
London,2024-05-22,15.8,69.0,81,32.9,44.1,68.4,1,2,50.17
London,2024-05-23,16.2,52.4,31,40.4,56.9,73.9,1,2,51.41
London,2024-05-24,29.2,69.5,97,39.3,64.4,58.6,1,1,54.65
London,2024-05-25,23.1,83.2,31,42.8,59.4,67.4,0,1,43.86
London,2024-05-26,10.9,51.8,63,29.6,63.3,65.7,0,4,45.62
London,2024-05-27,8.9,65.2,72,49.1,73.3,64.1,1,0,60.0
London,2024-05-28,12.5,66.9,54,33.8,64.8,58.9,1,5,55.15
London,2024-05-29,30.8,60.5,48,47.5,57.2,67.0,1,5,57.65
London,2024-05-30,23.3,61.5,59,37.7,65.7,59.7,1,0,48.81
London,2024-05-31,21.3,69.3,55,44.0,49.4,65.9,1,4,52.01
London,2024-06-01,8.6,57.9,84,43.6,54.8,69.0,0,3,50.12
London,2024-06-02,28.3,74.3,74,32.6,59.3,67.5,0,4,46.87
London,2024-06-03,14.0,56.7,66,45.9,76.6,74.5,1,2,60.09
London,2024-06-04,13.1,67.0,85,43.4,86.7,65.0,1,3,62.92
London,2024-06-05,27.4,81.0,58,39.7,79.5,76.6,1,0,58.65
London,2024-06-06,24.1,68.3,38,44.8,75.4,65.3,1,4,56.99
London,2024-06-07,9.0,58.1,74,49.7,69.4,68.9,1,2,61.22
London,2024-06-08,18.2,75.2,61,41.4,99.4,73.4,0,2,55.11
London,2024-06-09,14.4,68.1,59,16.6,47.3,64.8,0,3,37.83
London,2024-06-10,16.9,71.7,91,58.9,90.6,69.2,1,1,66.32
London,2024-06-11,16.8,70.1,70,29.2,40.2,68.3,1,0,45.85
London,2024-06-12,26.8,73.0,49,43.4,56.7,67.8,1,3,54.56
London,2024-06-13,5.0,68.2,53,28.9,81.9,66.8,1,3,60.0
London,2024-06-14,16.0,31.3,57,49.6,86.0,64.0,1,0,55.69
London,2024-06-15,18.4,75.7,98,44.8,72.9,65.4,0,3,52.03
London,2024-06-16,17.5,71.6,47,35.1,49.3,63.7,0,3,41.72
London,2024-06-17,17.7,75.3,69,30.7,44.0,64.9,1,2,48.19
London,2024-06-18,20.9,72.7,53,35.7,61.7,61.7,1,1,49.38
London,2024-06-19,23.3,55.6,74,52.7,71.4,67.9,1,2,57.36
London,2024-06-20,26.4,47.0,91,47.0,52.3,64.8,1,1,51.8
London,2024-06-21,19.9,55.8,79,46.0,43.4,62.9,1,2,49.63
London,2024-06-22,13.5,80.3,88,41.6,52.2,63.0,0,2,47.66
London,2024-06-23,12.2,71.6,51,32.7,59.0,74.4,0,4,48.03
London,2024-06-24,10.0,69.7,86,34.1,65.9,68.6,1,1,56.7
London,2024-06-25,20.8,60.4,86,39.0,55.9,58.2,1,2,49.81
London,2024-06-26,0.6,53.7,59,47.8,62.4,67.7,1,3,62.11
London,2024-06-27,24.2,66.6,46,42.0,100.0,71.0,1,2,60.68
London,2024-06-28,22.1,60.9,63,40.4,76.6,69.7,1,0,53.14
London,2024-06-29,21.8,62.5,61,30.5,48.1,68.7,0,2,38.29
London,2024-06-30,30.9,65.5,74,42.5,57.3,70.5,0,2,48.2
London,2024-07-01,25.7,46.7,111,43.0,41.7,67.8,1,2,50.67
London,2024-07-02,14.9,48.9,69,31.9,81.7,70.2,1,1,54.63
London,2024-07-03,15.6,64.5,68,38.3,77.5,61.4,1,3,56.88
London,2024-07-04,8.8,57.1,47,38.1,65.7,62.4,1,3,55.58
London,2024-07-05,35.6,66.7,69,40.2,45.2,68.8,1,0,52.94
London,2024-07-06,20.5,55.2,53,50.4,74.3,66.1,0,1,47.19
London,2024-07-07,29.9,57.1,44,55.5,65.4,66.6,0,2,50.03
London,2024-07-08,17.1,73.3,39,47.6,85.4,60.6,1,1,58.1
London,2024-07-09,19.1,68.3,76,38.3,57.3,68.3,1,0,50.97
London,2024-07-10,16.9,67.0,72,43.6,47.3,59.9,1,4,52.89
London,2024-07-11,8.1,62.1,95,49.7,60.6,70.6,1,4,63.25
London,2024-07-12,18.3,56.6,106,44.9,78.4,69.4,1,0,57.86
London,2024-07-13,26.9,83.5,63,39.7,62.0,66.7,0,2,47.36
London,2024-07-14,20.0,73.9,82,28.8,77.9,70.2,0,5,49.4
London,2024-07-15,34.3,82.3,67,45.8,75.4,75.8,1,1,63.54
London,2024-07-16,16.2,95.0,43,41.4,99.7,63.0,1,2,63.24
London,2024-07-17,15.4,55.0,104,28.7,63.8,67.4,1,0,51.02
London,2024-07-18,2.9,49.0,93,42.5,86.5,72.6,1,2,65.82
London,2024-07-19,8.9,67.3,69,38.1,96.2,64.7,1,1,62.55
London,2024-07-20,35.7,45.1,62,45.9,61.7,60.5,0,2,47.56
London,2024-07-21,22.4,75.1,44,31.8,87.9,60.2,0,2,45.57
London,2024-07-22,26.7,55.6,50,42.4,68.4,73.7,1,1,54.28
London,2024-07-23,42.7,47.1,29,29.9,81.5,64.8,1,1,56.33
London,2024-07-24,27.3,51.3,57,33.6,24.9,64.6,1,0,40.86
London,2024-07-25,18.8,65.9,42,40.0,79.2,52.6,1,0,51.25
London,2024-07-26,8.2,62.9,101,40.7,37.6,67.9,1,2,54.37
London,2024-07-27,11.8,61.2,55,37.3,70.0,69.8,0,3,49.11
London,2024-07-28,14.9,66.3,68,44.7,58.7,65.7,0,7,51.46
London,2024-07-29,32.5,55.3,63,46.7,51.7,65.2,1,0,52.7
London,2024-07-30,16.3,61.3,94,41.6,69.2,67.3,1,2,57.12
London,2024-07-31,14.8,72.1,20,38.5,57.3,68.3,1,2,51.96
London,2024-08-01,8.0,67.3,73,32.0,45.6,63.1,1,1,51.0
London,2024-08-02,11.0,65.8,108,49.1,67.4,72.6,1,5,65.51
London,2024-08-03,28.9,76.2,48,50.4,92.9,74.5,0,3,58.03
London,2024-08-04,21.8,62.7,67,49.2,60.2,69.4,0,1,45.47
London,2024-08-05,12.3,70.3,20,44.8,62.4,71.7,1,3,57.02
London,2024-08-06,14.8,73.7,104,43.6,56.2,64.6,1,3,57.7
London,2024-08-07,30.8,59.3,80,48.2,66.0,76.8,1,2,60.24
London,2024-08-08,32.8,69.7,26,45.4,55.6,60.4,1,1,52.86
London,2024-08-09,21.5,49.7,89,46.8,63.7,64.2,1,0,51.74
London,2024-08-10,5.7,46.4,88,41.0,72.8,72.8,0,6,56.36
London,2024-08-11,23.4,66.8,92,37.3,63.2,69.1,0,4,47.38
London,2024-08-12,27.8,88.3,93,47.6,79.6,66.3,1,3,64.16
London,2024-08-13,27.6,64.8,81,48.2,77.8,75.7,1,5,64.24
London,2024-08-14,14.9,73.0,40,57.8,70.7,72.8,1,2,61.85
London,2024-08-15,26.9,56.9,59,52.1,57.1,72.1,1,0,54.24
London,2024-08-16,18.1,79.6,41,40.7,74.5,76.9,1,1,57.22
London,2024-08-17,25.8,66.6,64,44.5,77.9,70.7,0,2,50.5
London,2024-08-18,16.8,67.6,74,33.6,44.6,72.0,0,3,43.01
London,2024-08-19,11.9,63.2,73,36.6,88.5,63.8,1,0,58.17
London,2024-08-20,11.3,86.0,70,35.5,78.3,77.3,1,0,60.55
London,2024-08-21,19.5,46.5,46,44.8,44.7,66.6,1,2,47.78
London,2024-08-22,29.9,50.3,30,33.7,83.7,64.8,1,3,54.74
London,2024-08-23,18.1,62.8,114,41.4,68.5,65.9,1,2,57.07
London,2024-08-24,16.6,66.2,76,49.1,75.9,72.7,0,0,51.24
London,2024-08-25,28.0,94.2,59,42.8,59.6,68.5,0,4,50.99
London,2024-08-26,22.0,69.7,63,37.9,57.3,61.5,1,1,48.83
London,2024-08-27,7.7,74.9,76,42.1,84.6,70.6,1,2,64.78
London,2024-08-28,19.3,63.3,80,43.2,59.8,68.9,1,0,52.56
London,2024-08-29,28.0,61.6,58,37.6,50.4,59.6,1,2,49.17
London,2024-08-30,11.9,89.2,90,48.8,48.2,66.1,1,4,60.67
London,2024-08-31,9.1,77.0,73,46.0,61.7,58.1,0,5,53.09
London,2024-09-01,26.7,66.3,70,42.7,65.7,68.5,0,2,47.79
London,2024-09-02,12.3,42.1,77,45.8,40.0,72.5,1,1,51.37
London,2024-09-03,10.8,73.7,30,31.1,71.5,68.5,1,2,55.05
London,2024-09-04,18.2,62.6,67,40.6,57.5,64.3,1,0,50.28
London,2024-09-05,28.7,62.7,82,42.2,70.5,70.9,1,2,58.08
London,2024-09-06,9.8,61.6,62,36.1,55.7,58.5,1,1,51.47
London,2024-09-07,20.7,69.8,63,41.1,83.8,66.7,0,2,49.32
London,2024-09-08,17.6,71.5,103,47.7,62.4,61.4,0,1,48.5
London,2024-09-09,9.5,75.9,80,32.6,38.3,70.6,1,1,51.64
London,2024-09-10,16.7,73.0,85,34.4,78.3,65.6,1,4,58.8
London,2024-09-11,21.7,64.1,62,34.6,69.4,69.6,1,0,50.43
London,2024-09-12,20.1,60.7,20,34.8,63.8,58.2,1,1,46.34
London,2024-09-13,17.3,68.9,63,43.9,54.5,68.1,1,1,52.85
London,2024-09-14,31.8,67.9,64,33.5,66.3,65.9,0,3,47.6
London,2024-09-15,21.0,61.7,62,32.2,70.7,69.1,0,2,43.61
London,2024-09-16,22.2,52.7,32,50.4,85.2,61.1,1,1,54.64
London,2024-09-17,30.0,60.9,70,43.6,67.6,74.5,1,3,59.12
London,2024-09-18,21.9,64.5,44,29.2,42.6,70.6,1,1,43.67
London,2024-09-19,20.7,55.3,50,42.1,66.2,69.5,1,1,51.56
London,2024-09-20,20.9,79.2,31,34.6,73.9,68.1,1,6,56.34
London,2024-09-21,18.1,39.0,61,46.8,62.8,66.3,0,5,46.97
London,2024-09-22,4.2,78.2,69,44.4,91.5,69.2,0,4,61.55
London,2024-09-23,23.9,75.1,72,41.7,44.0,74.6,1,0,50.4
London,2024-09-24,24.6,63.5,70,48.9,36.4,68.8,1,2,50.6
London,2024-09-25,21.4,51.5,84,39.3,55.3,64.1,1,3,50.41
London,2024-09-26,20.9,60.8,61,34.1,55.1,68.4,1,0,47.18
London,2024-09-27,26.4,62.8,89,34.4,64.9,59.4,1,4,53.84
London,2024-09-28,1.9,38.3,62,46.1,63.7,70.7,0,4,53.37
London,2024-09-29,21.0,67.3,88,42.3,83.0,73.7,0,4,53.24
London,2024-09-30,23.6,51.4,72,38.3,50.5,73.8,1,3,50.65
London,2024-10-01,28.5,62.6,59,30.6,52.0,64.7,1,1,47.95
London,2024-10-02,21.3,67.8,90,34.9,65.3,64.9,1,1,51.67
London,2024-10-03,18.4,67.5,62,50.8,39.4,72.3,1,1,51.89
London,2024-10-04,19.9,72.1,51,35.7,72.5,58.5,1,0,50.36
London,2024-10-05,27.7,64.6,57,32.8,86.9,58.2,0,2,47.05
London,2024-10-06,11.3,59.6,65,41.5,70.9,58.0,0,2,48.12
London,2024-10-07,19.0,67.6,64,45.4,54.4,70.9,1,2,53.86
London,2024-10-08,27.1,82.3,55,42.0,71.7,59.2,1,0,54.45
London,2024-10-09,13.5,57.5,73,27.9,77.5,67.8,1,5,57.23
London,2024-10-10,9.9,58.0,115,42.7,39.2,58.4,1,0,51.42
London,2024-10-11,34.9,57.9,89,39.3,52.4,65.1,1,2,54.95
London,2024-10-12,1.2,73.7,72,45.9,65.1,60.8,0,7,58.63
London,2024-10-13,22.4,73.3,61,48.9,58.7,62.5,0,5,48.05
London,2024-10-14,25.6,61.7,109,52.8,100.0,60.9,1,1,64.35
London,2024-10-15,11.3,61.7,62,44.0,63.3,71.0,1,2,57.68
London,2024-10-16,22.3,66.1,79,52.1,77.5,69.7,1,4,61.27
London,2024-10-17,4.7,69.4,85,30.4,67.4,66.5,1,4,60.15
London,2024-10-18,18.5,63.8,80,33.3,64.2,63.3,1,4,53.41
London,2024-10-19,28.7,63.5,63,34.4,45.4,68.7,0,5,44.15
London,2024-10-20,13.4,65.1,47,51.8,53.9,62.4,0,2,47.13
London,2024-10-21,21.5,74.8,67,49.8,49.3,67.8,1,3,54.22
London,2024-10-22,21.8,59.0,46,40.7,67.0,67.7,1,0,49.97
London,2024-10-23,23.2,60.7,71,28.7,63.9,61.6,1,2,48.43
London,2024-10-24,-3.5,50.7,75,39.6,80.8,65.8,1,0,62.83
London,2024-10-25,12.4,59.7,50,39.3,35.1,63.0,1,3,48.88
London,2024-10-26,28.0,73.7,88,41.0,63.6,68.6,0,5,51.55
London,2024-10-27,11.6,72.3,55,39.4,90.6,72.6,0,4,56.38
London,2024-10-28,23.7,64.3,45,50.1,52.0,73.0,1,0,51.6
London,2024-10-29,33.2,63.4,88,38.5,41.3,61.1,1,5,54.1
London,2024-10-30,27.2,57.3,105,56.4,57.2,63.0,1,2,57.97
London,2024-10-31,26.1,74.4,31,46.1,72.6,69.9,1,3,57.83
London,2024-11-01,19.6,62.5,57,37.4,67.8,60.5,1,0,49.7
London,2024-11-02,18.7,68.5,61,46.1,56.5,70.0,0,2,46.4
London,2024-11-03,23.5,75.5,76,40.4,72.3,66.8,0,2,48.11
London,2024-11-04,1.9,78.3,121,50.9,85.8,65.0,1,3,72.23
London,2024-11-05,12.0,61.0,85,26.9,79.3,59.1,1,4,56.49
London,2024-11-06,20.0,54.1,88,44.6,62.3,69.2,1,1,53.55
London,2024-11-07,26.5,71.6,34,29.1,76.0,63.5,1,1,51.03
London,2024-11-08,11.4,60.2,86,28.9,44.5,58.9,1,1,47.73
London,2024-11-09,15.0,80.0,78,40.8,84.0,60.3,0,4,53.82
London,2024-11-10,28.2,60.3,90,29.5,67.6,60.9,0,3,44.96
London,2024-11-11,9.1,66.9,33,43.4,80.1,62.6,1,0,57.65
London,2024-11-12,9.3,47.7,110,39.5,46.4,64.2,1,2,53.66
London,2024-11-13,3.8,70.9,50,31.1,47.9,69.6,1,3,54.9
London,2024-11-14,19.7,62.0,41,31.3,62.5,66.7,1,1,48.02
London,2024-11-15,13.5,86.2,73,36.4,71.0,62.7,1,2,57.77
London,2024-11-16,21.9,88.4,33,62.2,76.4,76.1,0,4,56.89
London,2024-11-17,16.0,69.0,98,39.9,76.7,64.5,0,4,52.35
London,2024-11-18,28.8,75.3,73,44.4,78.0,67.9,1,2,60.48
London,2024-11-19,31.6,51.1,29,43.0,67.5,61.3,1,1,52.5
London,2024-11-20,30.7,60.3,38,40.5,65.0,61.8,1,2,53.26
London,2024-11-21,29.0,63.0,71,30.5,51.9,65.3,1,0,48.07
London,2024-11-22,17.0,65.4,63,35.0,63.3,64.5,1,0,50.46
London,2024-11-23,29.2,59.0,50,57.7,68.4,63.1,0,1,50.03
London,2024-11-24,25.1,67.6,57,40.6,60.6,72.0,0,6,49.0
London,2024-11-25,27.2,70.3,67,39.8,65.0,68.1,1,1,54.4
London,2024-11-26,18.1,68.6,57,35.7,68.5,69.4,1,6,57.17
London,2024-11-27,26.2,67.1,75,52.3,68.3,64.0,1,1,57.46
London,2024-11-28,17.3,73.1,100,32.8,51.7,66.9,1,1,51.28
London,2024-11-29,15.7,54.9,85,41.6,92.5,68.8,1,3,61.97
London,2024-11-30,15.1,55.5,45,56.3,60.9,69.0,0,1,48.41
London,2024-12-01,17.6,73.5,44,46.4,86.5,68.5,0,2,52.26
London,2024-12-02,17.4,66.0,74,56.5,78.1,64.1,1,4,63.12
London,2024-12-03,20.6,66.1,58,30.1,61.7,74.3,1,1,49.7
London,2024-12-04,21.3,53.2,89,32.3,60.7,79.7,1,4,53.59
London,2024-12-05,14.7,59.9,96,36.6,63.3,70.4,1,2,55.66
London,2024-12-06,26.5,71.5,56,33.2,44.5,66.9,1,2,48.33
London,2024-12-07,27.1,74.0,108,35.5,55.3,66.9,0,3,47.09
London,2024-12-08,27.7,68.6,69,43.9,53.1,66.6,0,0,44.16
London,2024-12-09,14.9,66.6,44,56.3,59.2,63.5,1,4,58.74
London,2024-12-10,34.7,68.2,75,33.7,69.7,66.9,1,6,60.81
London,2024-12-11,0.9,52.4,33,42.9,64.7,71.0,1,3,60.27
London,2024-12-12,19.8,88.6,86,38.6,64.5,62.0,1,2,55.29
London,2024-12-13,11.5,69.2,86,39.4,72.2,62.1,1,1,57.6
London,2024-12-14,38.7,77.3,102,50.7,55.1,59.3,0,0,52.09
London,2024-12-15,24.8,69.8,57,36.4,57.2,72.7,0,4,45.7
London,2024-12-16,20.4,75.8,75,32.9,75.9,66.7,1,2,54.79
London,2024-12-17,1.8,69.9,82,37.7,47.7,68.5,1,3,58.81
London,2024-12-18,26.6,49.9,98,43.0,77.8,60.6,1,2,56.6
London,2024-12-19,21.1,54.7,69,38.5,58.3,68.0,1,3,51.16
London,2024-12-20,25.7,64.4,77,51.6,57.0,67.1,1,1,55.21
London,2024-12-21,21.6,69.6,49,47.1,66.5,72.1,0,4,49.05
London,2024-12-22,10.1,61.3,43,28.6,100.0,64.0,0,1,50.13
London,2024-12-23,11.5,60.0,105,43.9,79.8,74.9,1,1,62.67
London,2024-12-24,8.5,61.2,65,34.5,88.2,72.5,1,3,62.32
London,2024-12-25,27.9,63.8,48,51.6,70.0,70.9,1,5,61.17
London,2024-12-26,20.7,63.7,63,46.4,61.6,65.3,1,3,54.34
London,2024-12-27,31.2,72.7,99,35.1,81.1,63.8,1,1,58.95
London,2024-12-28,21.1,75.3,75,39.8,49.5,70.5,0,5,46.23
London,2024-12-29,16.5,69.4,58,33.6,88.7,69.8,0,5,52.63
London,2024-12-30,18.0,69.5,57,31.4,78.7,68.9,1,0,53.07
London,2024-12-31,23.9,69.9,98,44.9,58.7,65.0,1,2,55.02
Tokyo,2023-01-01,27.2,66.5,120,35.9,67.7,63.7,0,3,48.98
Tokyo,2023-01-02,32.7,71.4,95,39.4,45.8,57.9,1,1,52.35
Tokyo,2023-01-03,18.5,67.8,121,32.3,58.6,58.8,1,1,51.18
Tokyo,2023-01-04,20.3,67.3,114,23.2,45.7,53.2,1,0,43.08
Tokyo,2023-01-05,23.9,86.1,123,35.3,65.0,56.4,1,1,54.14
Tokyo,2023-01-06,13.8,71.5,84,46.7,76.3,59.1,1,0,58.3
Tokyo,2023-01-07,29.4,65.0,74,41.0,89.5,54.4,0,1,49.88
Tokyo,2023-01-08,18.3,59.9,90,29.0,55.3,56.0,0,2,39.66
Tokyo,2023-01-09,14.8,57.4,101,37.3,60.3,64.8,1,2,54.22
Tokyo,2023-01-10,22.7,67.4,100,35.7,58.9,63.3,1,1,50.74
Tokyo,2023-01-11,25.9,61.7,104,33.1,63.7,57.4,1,1,50.85
Tokyo,2023-01-12,18.6,75.2,118,23.4,58.6,55.8,1,1,48.68
Tokyo,2023-01-13,19.2,85.2,99,29.8,51.9,56.7,1,4,51.6
Tokyo,2023-01-14,31.4,67.7,73,40.0,47.6,66.0,0,5,47.66
Tokyo,2023-01-15,20.2,72.5,121,39.5,83.8,58.4,0,1,49.95
Tokyo,2023-01-16,26.9,68.7,111,42.4,34.2,60.6,1,3,51.2
Tokyo,2023-01-17,7.8,80.6,107,39.9,90.1,61.8,1,2,65.81
Tokyo,2023-01-18,18.8,49.8,106,30.3,57.9,58.4,1,1,47.71
Tokyo,2023-01-19,22.3,65.3,105,40.1,55.1,60.7,1,3,52.31
Tokyo,2023-01-20,13.2,73.5,103,44.4,71.2,57.4,1,3,60.27
Tokyo,2023-01-21,22.8,77.8,88,34.0,59.6,63.7,0,4,45.46
Tokyo,2023-01-22,21.3,81.1,132,41.2,72.1,62.1,0,3,51.37
Tokyo,2023-01-23,12.8,61.7,98,30.9,67.1,57.4,1,0,51.91
Tokyo,2023-01-24,19.2,63.2,115,36.6,56.7,55.2,1,0,49.46
Tokyo,2023-01-25,7.3,68.6,118,39.9,80.6,60.0,1,3,63.98
Tokyo,2023-01-26,12.9,80.9,56,34.9,82.6,58.5,1,1,56.95
Tokyo,2023-01-27,17.2,65.3,92,44.9,86.3,58.3,1,0,58.11
Tokyo,2023-01-28,17.3,53.8,92,26.7,45.8,54.0,0,3,37.44
Tokyo,2023-01-29,21.0,41.4,125,36.6,76.6,57.9,0,4,46.84
Tokyo,2023-01-30,19.1,50.5,144,28.5,44.6,57.9,1,3,48.01
Tokyo,2023-01-31,25.5,75.0,122,33.6,65.7,61.0,1,2,54.92
Tokyo,2023-02-01,5.6,59.5,104,35.2,67.9,52.0,1,3,57.8
Tokyo,2023-02-02,19.3,77.6,105,38.1,58.4,59.7,1,5,56.08
Tokyo,2023-02-03,37.1,48.5,109,34.8,63.4,63.3,1,1,55.71
Tokyo,2023-02-04,10.8,76.2,111,41.1,77.2,69.0,0,0,53.68
Tokyo,2023-02-05,21.5,71.2,106,37.5,61.3,59.6,0,7,48.69
Tokyo,2023-02-06,18.8,68.2,84,46.2,23.3,58.6,1,2,46.8
Tokyo,2023-02-07,23.0,68.1,78,27.0,55.7,59.1,1,2,46.86
Tokyo,2023-02-08,12.2,74.8,114,50.0,90.2,57.3,1,2,65.86
Tokyo,2023-02-09,21.6,51.0,64,27.0,83.1,64.5,1,0,49.0
Tokyo,2023-02-10,12.3,47.4,101,33.4,59.2,60.1,1,0,50.44
Tokyo,2023-02-11,16.2,82.1,81,39.1,91.4,62.9,0,5,56.0
Tokyo,2023-02-12,16.1,59.5,79,37.0,43.9,63.5,0,4,42.91
Tokyo,2023-02-13,11.9,59.0,113,38.9,52.4,53.2,1,2,52.96
Tokyo,2023-02-14,12.2,82.9,78,48.4,83.0,51.8,1,2,62.0
Tokyo,2023-02-15,10.6,46.9,120,37.8,65.2,52.0,1,2,54.62
Tokyo,2023-02-16,27.5,67.3,110,37.3,54.5,55.9,1,0,50.62
Tokyo,2023-02-17,22.6,66.5,115,27.0,68.0,59.6,1,3,51.79
Tokyo,2023-02-18,2.3,73.2,122,42.7,69.6,48.3,0,1,53.49
Tokyo,2023-02-19,11.8,66.7,108,34.2,70.5,59.1,0,1,48.06
Tokyo,2023-02-20,27.9,60.7,79,29.8,59.8,64.0,1,0,48.91
Tokyo,2023-02-21,32.9,53.6,97,23.3,66.9,55.9,1,2,50.95
Tokyo,2023-02-22,19.5,52.9,118,36.3,67.5,55.5,1,3,53.12
Tokyo,2023-02-23,20.8,62.4,89,27.3,48.0,61.0,1,2,45.81
Tokyo,2023-02-24,20.8,70.8,99,47.0,80.4,58.4,1,2,58.63
Tokyo,2023-02-25,27.5,64.9,128,25.4,79.5,62.6,0,5,50.31
Tokyo,2023-02-26,10.5,73.3,122,28.2,94.8,60.2,0,3,54.95
Tokyo,2023-02-27,28.2,55.1,93,42.3,80.4,52.6,1,3,57.29
Tokyo,2023-02-28,8.3,58.8,115,29.2,69.0,60.2,1,3,57.14
Tokyo,2023-03-01,29.2,72.9,121,26.8,72.9,54.6,1,1,53.74
Tokyo,2023-03-02,9.7,64.3,87,42.3,77.2,49.5,1,1,57.49
Tokyo,2023-03-03,16.3,69.6,101,31.3,84.5,47.5,1,2,54.93
Tokyo,2023-03-04,4.2,53.6,111,36.7,69.9,59.0,0,1,50.48
Tokyo,2023-03-05,17.1,53.6,93,33.7,36.6,55.1,0,1,36.21
Tokyo,2023-03-06,17.3,71.7,121,48.1,42.4,56.9,1,2,53.7
Tokyo,2023-03-07,17.3,62.5,102,44.1,62.3,70.7,1,5,59.64
Tokyo,2023-03-08,24.1,59.3,109,45.9,96.0,63.3,1,2,62.02
Tokyo,2023-03-09,8.4,75.4,99,26.8,82.8,66.2,1,3,61.16
Tokyo,2023-03-10,32.6,62.0,147,41.0,68.8,59.0,1,0,58.35
Tokyo,2023-03-11,12.8,64.8,98,27.3,62.7,61.1,0,4,46.32
Tokyo,2023-03-12,26.3,73.3,124,36.2,65.8,63.5,0,4,50.0
Tokyo,2023-03-13,22.3,69.6,119,39.7,65.1,55.8,1,4,55.28
Tokyo,2023-03-14,18.1,67.5,79,23.9,73.3,64.5,1,2,51.65
Tokyo,2023-03-15,23.6,53.6,130,41.1,88.4,55.6,1,3,58.95
Tokyo,2023-03-16,20.9,50.7,113,19.0,37.2,63.1,1,1,40.86
Tokyo,2023-03-17,30.2,68.3,123,34.7,100.0,56.0,1,3,63.28
Tokyo,2023-03-18,22.5,54.5,87,35.8,70.2,46.6,0,2,40.93
Tokyo,2023-03-19,23.9,75.6,121,32.2,50.2,45.0,0,3,40.83
Tokyo,2023-03-20,19.5,62.3,162,39.9,46.4,62.3,1,1,52.52
Tokyo,2023-03-21,22.3,70.3,126,21.8,74.7,66.0,1,2,52.8
Tokyo,2023-03-22,19.3,61.3,109,41.1,51.4,54.9,1,2,50.73
Tokyo,2023-03-23,34.6,64.3,127,30.5,72.6,56.1,1,4,59.04
Tokyo,2023-03-24,22.0,53.8,100,37.3,58.5,71.2,1,2,51.7
Tokyo,2023-03-25,18.8,67.6,90,27.9,37.2,56.1,0,5,38.84
Tokyo,2023-03-26,39.6,75.4,125,38.9,65.0,63.3,0,7,58.66
Tokyo,2023-03-27,29.8,65.9,109,34.0,72.3,56.5,1,1,54.9
Tokyo,2023-03-28,35.8,62.1,85,51.3,65.7,63.7,1,1,60.48
Tokyo,2023-03-29,31.2,66.3,108,24.1,76.8,55.1,1,5,56.69
Tokyo,2023-03-30,32.5,52.8,102,42.7,50.9,51.2,1,1,51.5
Tokyo,2023-03-31,-12.5,53.9,70,45.2,79.0,60.4,1,2,68.38
Tokyo,2023-04-01,12.7,60.8,101,34.1,92.8,60.9,0,7,56.49
Tokyo,2023-04-02,29.3,76.3,101,42.1,62.1,59.2,0,1,47.99
Tokyo,2023-04-03,30.7,65.9,108,24.4,60.4,57.8,1,1,50.41
Tokyo,2023-04-04,16.6,65.8,108,28.4,59.0,59.4,1,3,51.83
Tokyo,2023-04-05,33.7,74.2,116,41.8,86.6,64.4,1,3,65.72
Tokyo,2023-04-06,21.3,65.7,95,42.6,37.1,56.3,1,1,46.64
Tokyo,2023-04-07,32.0,51.4,94,43.3,74.7,53.5,1,2,56.89
Tokyo,2023-04-08,20.6,76.7,90,37.8,42.9,57.2,0,4,42.29
Tokyo,2023-04-09,1.1,77.8,107,39.5,52.6,55.2,0,2,51.38
Tokyo,2023-04-10,24.2,73.6,95,37.6,73.6,58.1,1,2,55.1
Tokyo,2023-04-11,3.6,57.8,94,34.6,67.0,60.8,1,2,58.29
Tokyo,2023-04-12,-3.5,58.0,111,35.1,72.7,64.1,1,1,63.05
Tokyo,2023-04-13,15.7,81.3,102,35.2,72.6,65.2,1,1,57.43
Tokyo,2023-04-14,7.2,62.0,117,33.1,91.4,59.6,1,0,60.99
Tokyo,2023-04-15,17.2,42.5,102,34.8,61.6,55.9,0,4,43.44
Tokyo,2023-04-16,10.0,63.9,110,34.7,68.1,62.9,0,6,53.03
Tokyo,2023-04-17,18.5,81.8,124,31.0,70.6,59.8,1,1,54.9
Tokyo,2023-04-18,22.9,62.7,111,30.2,56.2,64.9,1,3,50.79
Tokyo,2023-04-19,11.6,55.2,104,29.8,51.7,59.5,1,1,49.9
Tokyo,2023-04-20,36.4,69.6,91,39.3,73.5,64.0,1,5,63.37
Tokyo,2023-04-21,21.3,68.3,87,38.1,55.6,57.6,1,3,50.87
Tokyo,2023-04-22,16.7,64.7,92,44.3,70.2,61.0,0,3,49.86
Tokyo,2023-04-23,27.5,60.7,131,35.5,65.9,60.7,0,3,48.09
Tokyo,2023-04-24,21.1,56.9,122,37.1,48.1,59.4,1,1,48.4
Tokyo,2023-04-25,13.1,65.3,121,35.6,59.1,60.0,1,2,55.09
Tokyo,2023-04-26,33.1,86.9,97,43.8,96.7,64.0,1,2,67.48
Tokyo,2023-04-27,17.2,55.0,112,37.6,96.7,55.9,1,0,57.72
Tokyo,2023-04-28,21.2,73.8,119,41.0,68.0,50.6,1,1,53.42
Tokyo,2023-04-29,21.1,65.6,121,32.6,65.6,59.4,0,2,44.3
Tokyo,2023-04-30,22.2,67.7,77,46.3,66.8,58.0,0,8,50.85
Tokyo,2023-05-01,13.9,63.1,113,21.6,51.5,55.4,1,1,47.12
Tokyo,2023-05-02,19.4,79.2,83,37.9,51.8,50.4,1,3,50.42
Tokyo,2023-05-03,20.7,71.0,125,41.0,79.5,64.3,1,6,62.53
Tokyo,2023-05-04,12.0,61.3,44,39.2,55.3,64.6,1,3,53.22
Tokyo,2023-05-05,36.8,72.6,121,37.4,57.1,62.8,1,1,58.01
Tokyo,2023-05-06,5.8,58.0,118,40.0,65.8,59.9,0,2,51.71
Tokyo,2023-05-07,16.6,51.4,95,31.8,51.5,65.6,0,2,41.46
Tokyo,2023-05-08,20.6,55.5,108,34.8,90.1,61.5,1,2,56.71
Tokyo,2023-05-09,34.1,94.0,139,34.2,72.7,62.4,1,1,62.13
Tokyo,2023-05-10,21.9,59.9,86,33.5,69.7,64.0,1,1,50.76
Tokyo,2023-05-11,26.4,65.7,113,36.6,68.0,53.6,1,2,53.93
Tokyo,2023-05-12,34.5,78.5,124,42.4,75.5,64.8,1,1,63.2
Tokyo,2023-05-13,20.6,56.8,84,30.2,100.0,59.7,0,0,46.44
Tokyo,2023-05-14,24.8,70.3,76,51.1,76.3,49.5,0,1,48.03
Tokyo,2023-05-15,26.6,72.9,134,31.0,77.5,57.8,1,1,55.98
Tokyo,2023-05-16,4.8,70.4,100,15.0,66.1,64.8,1,1,53.62
Tokyo,2023-05-17,23.5,39.4,95,38.8,56.6,52.5,1,2,47.34
Tokyo,2023-05-18,20.2,44.6,79,40.9,70.7,67.8,1,2,53.28
Tokyo,2023-05-19,21.3,74.9,125,38.2,70.8,65.1,1,3,57.8
Tokyo,2023-05-20,25.0,48.7,133,39.8,100.0,69.4,0,5,57.24
Tokyo,2023-05-21,20.0,60.0,110,47.0,78.0,55.5,0,3,50.26
Tokyo,2023-05-22,13.5,58.6,125,41.3,59.4,50.9,1,3,55.38
Tokyo,2023-05-23,22.0,61.5,124,46.3,57.8,55.4,1,1,52.4
Tokyo,2023-05-24,25.4,59.0,124,51.7,65.4,58.9,1,3,58.82
Tokyo,2023-05-25,14.8,58.8,83,43.2,57.6,64.6,1,2,54.48
Tokyo,2023-05-26,27.6,73.2,106,23.8,83.1,55.7,1,3,55.41
Tokyo,2023-05-27,24.5,68.9,111,39.0,69.1,58.7,0,2,47.16
Tokyo,2023-05-28,26.0,72.2,81,44.0,50.0,58.9,0,2,44.21
Tokyo,2023-05-29,16.2,59.0,58,41.6,98.3,62.0,1,2,59.98
Tokyo,2023-05-30,19.5,67.3,113,34.4,27.1,56.5,1,3,45.87
Tokyo,2023-05-31,25.1,68.1,97,31.6,34.7,59.7,1,2,45.86
Tokyo,2023-06-01,12.6,65.9,112,20.2,62.9,61.8,1,0,50.05
Tokyo,2023-06-02,11.7,61.7,117,25.3,64.1,55.3,1,2,52.45
Tokyo,2023-06-03,14.5,76.0,58,31.8,77.3,57.5,0,4,48.29
Tokyo,2023-06-04,16.6,46.5,129,36.7,23.4,69.4,0,4,40.75
Tokyo,2023-06-05,32.7,74.6,144,36.4,69.3,57.7,1,1,58.97
Tokyo,2023-06-06,20.7,57.1,114,37.4,69.3,67.4,1,4,56.45
Tokyo,2023-06-07,16.9,69.1,140,39.4,98.5,59.7,1,5,66.28
Tokyo,2023-06-08,22.4,42.6,112,47.7,64.7,60.0,1,4,55.16
Tokyo,2023-06-09,12.7,62.9,135,30.6,62.7,60.3,1,1,54.31
Tokyo,2023-06-10,20.9,65.5,131,48.3,52.2,59.6,0,9,52.43
Tokyo,2023-06-11,31.7,62.9,108,34.1,30.3,59.1,0,2,40.21
Tokyo,2023-06-12,26.6,52.2,65,42.9,44.9,63.1,1,2,49.07
Tokyo,2023-06-13,25.6,74.6,104,35.4,72.0,61.8,1,2,55.91
Tokyo,2023-06-14,16.9,65.1,91,34.6,26.6,54.9,1,1,43.6
Tokyo,2023-06-15,30.3,58.0,134,29.1,48.4,49.6,1,2,49.03
Tokyo,2023-06-16,20.7,61.0,47,24.4,76.6,69.1,1,4,51.63
Tokyo,2023-06-17,14.6,86.1,99,35.8,64.3,52.5,0,3,48.07
Tokyo,2023-06-18,12.8,78.0,113,23.8,58.8,61.3,0,1,44.2
Tokyo,2023-06-19,19.8,73.7,114,35.6,65.3,53.6,1,3,53.87
Tokyo,2023-06-20,28.1,75.1,109,28.2,92.3,62.4,1,0,57.73
Tokyo,2023-06-21,8.6,73.2,137,36.3,55.0,60.8,1,2,58.03
Tokyo,2023-06-22,23.6,72.9,91,43.5,72.9,57.6,1,1,55.14
Tokyo,2023-06-23,12.2,67.6,117,45.3,69.5,61.0,1,0,58.77
Tokyo,2023-06-24,30.5,59.3,114,35.4,71.4,55.7,0,3,48.5
Tokyo,2023-06-25,9.7,53.3,117,24.8,60.5,62.1,0,4,46.43
Tokyo,2023-06-26,21.1,53.5,97,55.0,46.8,60.9,1,3,53.51
Tokyo,2023-06-27,4.2,59.2,90,22.6,58.7,64.0,1,0,51.91
Tokyo,2023-06-28,17.4,55.9,88,44.2,37.6,67.1,1,0,48.46
Tokyo,2023-06-29,29.7,55.9,87,38.2,71.5,53.8,1,3,54.93
Tokyo,2023-06-30,15.9,79.0,117,43.0,56.9,63.1,1,2,57.39
Tokyo,2023-07-01,30.4,57.2,108,29.7,60.3,58.8,0,2,43.85
Tokyo,2023-07-02,9.5,71.7,116,33.6,30.0,55.4,0,2,41.81
Tokyo,2023-07-03,37.2,55.0,127,30.2,51.9,55.3,1,2,53.16
Tokyo,2023-07-04,11.7,74.9,117,33.1,75.4,51.5,1,0,55.86
Tokyo,2023-07-05,38.1,60.0,97,40.5,56.6,62.3,1,2,57.54
Tokyo,2023-07-06,12.5,72.1,96,27.4,46.8,62.5,1,1,49.66
Tokyo,2023-07-07,-0.4,54.9,134,33.2,75.7,61.1,1,0,61.31
Tokyo,2023-07-08,19.4,67.3,62,32.6,80.1,56.9,0,4,46.37
Tokyo,2023-07-09,20.1,65.8,90,49.1,75.2,59.4,0,1,48.87
Tokyo,2023-07-10,23.2,60.3,108,20.8,57.1,58.5,1,4,47.77
Tokyo,2023-07-11,13.7,56.3,52,33.7,78.5,55.9,1,2,53.16
Tokyo,2023-07-12,4.3,68.6,136,37.1,55.0,65.2,1,3,61.05
Tokyo,2023-07-13,14.5,68.1,106,44.7,56.4,58.3,1,2,55.78
Tokyo,2023-07-14,26.1,64.6,79,20.5,48.1,71.0,1,1,45.76
Tokyo,2023-07-15,25.8,66.9,102,34.0,82.5,56.5,0,2,47.92
Tokyo,2023-07-16,20.7,71.8,81,47.6,56.6,61.4,0,0,44.13
Tokyo,2023-07-17,28.5,61.9,108,49.1,49.4,60.0,1,6,58.28
Tokyo,2023-07-18,31.1,49.9,68,46.8,53.0,50.7,1,2,51.27
Tokyo,2023-07-19,21.5,80.9,102,31.1,69.7,61.3,1,2,53.47
Tokyo,2023-07-20,19.8,63.1,117,18.9,72.1,61.1,1,2,50.2
Tokyo,2023-07-21,21.1,60.6,108,34.5,44.0,59.9,1,1,46.61
Tokyo,2023-07-22,31.0,62.2,82,35.0,52.5,62.0,0,5,46.27
Tokyo,2023-07-23,25.7,61.1,106,33.1,76.5,66.2,0,6,51.1
Tokyo,2023-07-24,25.2,68.7,88,25.9,67.0,62.6,1,1,50.05
Tokyo,2023-07-25,13.6,71.7,107,44.5,60.2,62.7,1,0,56.34
Tokyo,2023-07-26,6.0,63.2,119,38.7,87.8,57.7,1,4,65.52
Tokyo,2023-07-27,26.0,59.0,105,41.1,80.8,63.5,1,4,59.86
Tokyo,2023-07-28,23.7,74.1,112,33.0,73.3,63.3,1,0,53.7
Tokyo,2023-07-29,26.0,68.2,69,23.3,52.7,58.4,0,6,41.21
Tokyo,2023-07-30,25.9,67.8,74,47.4,67.4,57.0,0,5,49.92
Tokyo,2023-07-31,8.9,59.0,88,33.8,66.0,61.2,1,0,53.96
Tokyo,2023-08-01,25.3,44.4,95,36.3,49.0,60.2,1,0,46.02
Tokyo,2023-08-02,31.8,50.5,99,30.4,47.6,57.6,1,1,47.91
Tokyo,2023-08-03,20.2,58.8,98,34.2,77.1,58.3,1,6,56.72
Tokyo,2023-08-04,24.5,55.5,105,37.4,64.4,68.0,1,2,53.76
Tokyo,2023-08-05,30.7,57.9,112,34.2,45.7,53.6,0,2,41.65
Tokyo,2023-08-06,31.4,56.9,127,24.3,83.7,63.3,0,3,49.98
Tokyo,2023-08-07,33.7,59.6,119,44.9,77.1,62.0,1,4,63.75
Tokyo,2023-08-08,14.8,55.7,115,37.7,53.2,51.8,1,3,51.98
Tokyo,2023-08-09,15.1,61.6,135,27.0,54.1,55.2,1,4,52.07
Tokyo,2023-08-10,27.7,63.7,120,21.5,70.9,67.7,1,2,53.46
Tokyo,2023-08-11,20.8,58.7,83,45.6,56.8,59.7,1,0,50.11
Tokyo,2023-08-12,12.5,79.3,125,40.0,61.0,60.4,0,4,52.29
Tokyo,2023-08-13,23.0,52.2,88,45.1,69.6,56.2,0,2,45.1
Tokyo,2023-08-14,26.7,48.2,105,35.9,60.7,56.3,1,1,49.85
Tokyo,2023-08-15,11.9,66.6,94,32.1,68.0,56.5,1,2,54.59
Tokyo,2023-08-16,16.5,56.9,90,44.4,40.2,55.2,1,0,47.54
Tokyo,2023-08-17,20.6,72.0,118,45.1,51.7,59.2,1,1,52.81
Tokyo,2023-08-18,34.4,53.0,119,44.4,51.6,61.2,1,1,55.55
Tokyo,2023-08-19,16.9,62.8,129,35.4,56.0,59.3,0,4,46.61
Tokyo,2023-08-20,14.7,43.0,115,43.9,71.7,55.8,0,2,48.06
Tokyo,2023-08-21,18.2,75.3,107,53.3,62.6,67.8,1,1,59.53
Tokyo,2023-08-22,19.2,76.4,96,31.1,80.4,62.5,1,1,55.16
Tokyo,2023-08-23,26.6,48.7,127,41.5,30.8,59.1,1,3,48.72
Tokyo,2023-08-24,16.0,52.3,150,42.9,85.5,58.3,1,6,64.47
Tokyo,2023-08-25,24.3,61.8,109,31.3,65.2,53.2,1,1,49.52
Tokyo,2023-08-26,13.7,62.2,87,32.0,62.5,61.0,0,6,48.06
Tokyo,2023-08-27,34.0,74.6,95,37.4,31.1,62.2,0,2,43.3
Tokyo,2023-08-28,27.2,74.2,101,23.9,68.7,54.4,1,1,50.38
Tokyo,2023-08-29,22.6,78.6,106,37.7,82.7,51.3,1,6,59.51
Tokyo,2023-08-30,24.2,73.4,107,40.1,67.7,55.1,1,2,54.67
Tokyo,2023-08-31,6.5,78.2,86,33.4,84.8,50.9,1,3,61.07
Tokyo,2023-09-01,14.2,69.4,93,20.7,61.7,52.2,1,1,47.84
Tokyo,2023-09-02,16.1,66.8,101,38.0,75.2,53.2,0,2,47.79
Tokyo,2023-09-03,23.7,77.2,99,28.3,69.3,65.6,0,1,44.51
Tokyo,2023-09-04,20.9,48.8,101,45.4,78.1,58.3,1,2,55.6
Tokyo,2023-09-05,30.6,83.9,112,40.1,33.0,69.5,1,1,53.3
Tokyo,2023-09-06,18.0,80.1,150,37.0,80.0,59.2,1,1,59.69
Tokyo,2023-09-07,11.7,79.8,93,48.3,84.5,62.1,1,2,64.7
Tokyo,2023-09-08,29.3,42.4,124,35.3,86.6,54.9,1,1,56.02
Tokyo,2023-09-09,15.5,62.9,96,19.9,63.6,60.2,0,2,41.27
Tokyo,2023-09-10,36.4,67.3,66,31.8,66.5,68.2,0,2,48.63
Tokyo,2023-09-11,27.0,72.2,105,40.4,41.6,64.5,1,3,52.94
Tokyo,2023-09-12,20.2,76.8,60,34.7,90.5,63.2,1,3,57.86
Tokyo,2023-09-13,12.2,61.6,112,40.1,75.9,65.2,1,1,59.37
Tokyo,2023-09-14,13.2,61.0,90,40.0,80.8,64.5,1,1,58.66
Tokyo,2023-09-15,10.9,53.3,92,38.7,72.8,62.3,1,1,56.54
Tokyo,2023-09-16,29.5,73.0,97,33.0,55.1,52.5,0,3,44.14
Tokyo,2023-09-17,12.6,52.7,87,36.9,44.3,64.6,0,4,44.23
Tokyo,2023-09-18,7.9,81.5,116,46.9,78.1,58.9,1,1,64.52
Tokyo,2023-09-19,32.7,78.9,93,15.0,61.8,57.6,1,5,52.71
Tokyo,2023-09-20,23.6,47.0,99,54.4,70.6,60.8,1,3,57.76
Tokyo,2023-09-21,19.7,77.8,106,22.8,71.5,55.0,1,1,50.22
Tokyo,2023-09-22,24.3,77.6,115,41.1,72.1,59.5,1,2,57.47
Tokyo,2023-09-23,11.6,65.8,151,42.5,63.7,60.3,0,4,53.84
Tokyo,2023-09-24,28.1,71.3,117,29.5,53.4,60.1,0,1,42.75
Tokyo,2023-09-25,14.4,69.3,62,32.1,92.0,61.2,1,3,58.7
Tokyo,2023-09-26,16.8,73.6,123,29.1,80.0,57.0,1,2,56.41
Tokyo,2023-09-27,7.4,53.5,131,34.8,69.5,68.0,1,0,58.34
Tokyo,2023-09-28,22.0,63.5,106,23.9,75.0,59.9,1,3,51.38
Tokyo,2023-09-29,18.4,72.4,64,36.3,72.7,55.7,1,0,51.37
Tokyo,2023-09-30,5.7,69.7,113,32.1,54.8,55.5,0,3,48.35
Tokyo,2023-10-01,16.7,49.7,121,33.3,73.2,65.2,0,6,50.56
Tokyo,2023-10-02,28.8,56.6,118,30.7,72.6,61.4,1,1,54.02
Tokyo,2023-10-03,22.1,60.6,112,42.4,64.5,60.1,1,4,55.37
Tokyo,2023-10-04,33.8,72.3,106,39.4,61.0,65.1,1,1,57.71
Tokyo,2023-10-05,23.6,76.7,105,29.7,61.8,57.2,1,0,49.3
Tokyo,2023-10-06,17.4,62.7,124,35.0,80.4,66.7,1,6,61.88
Tokyo,2023-10-07,20.9,75.3,117,35.0,94.4,63.2,0,6,55.58
Tokyo,2023-10-08,18.8,53.8,132,31.8,54.6,50.0,0,2,40.51
Tokyo,2023-10-09,23.6,58.5,94,30.6,59.1,58.7,1,2,48.58
Tokyo,2023-10-10,16.0,62.6,76,45.1,72.7,63.0,1,3,58.16
Tokyo,2023-10-11,17.1,46.1,168,34.8,80.6,52.8,1,2,56.76
Tokyo,2023-10-12,2.5,61.5,122,35.9,60.0,58.9,1,4,60.79
Tokyo,2023-10-13,39.5,51.6,104,51.5,81.6,56.4,1,3,65.46
Tokyo,2023-10-14,17.8,66.1,91,25.8,64.4,67.6,0,0,41.82
Tokyo,2023-10-15,9.3,82.7,105,42.6,50.6,62.6,0,3,51.15
Tokyo,2023-10-16,35.2,59.4,102,29.2,63.6,62.3,1,1,54.02
Tokyo,2023-10-17,24.9,81.4,115,36.0,48.6,63.3,1,3,53.49
Tokyo,2023-10-18,23.1,74.9,113,28.6,59.5,52.6,1,1,48.58
Tokyo,2023-10-19,21.5,50.4,111,15.0,77.1,53.5,1,4,48.21
Tokyo,2023-10-20,21.7,67.4,99,28.7,83.6,65.6,1,1,53.95
Tokyo,2023-10-21,12.9,63.5,103,35.7,66.0,63.7,0,2,48.17
Tokyo,2023-10-22,14.6,50.6,96,45.9,66.7,58.1,0,3,48.7
Tokyo,2023-10-23,23.4,59.1,90,47.6,58.5,51.7,1,0,50.01
Tokyo,2023-10-24,25.5,66.3,132,26.9,72.5,52.8,1,0,50.91
Tokyo,2023-10-25,26.1,66.0,81,26.5,88.9,55.2,1,2,53.85
Tokyo,2023-10-26,12.0,77.2,106,25.3,48.0,59.1,1,1,49.95
Tokyo,2023-10-27,6.4,56.5,109,35.9,57.5,60.0,1,0,54.44
Tokyo,2023-10-28,21.8,72.1,93,35.4,59.5,52.7,0,1,40.86
Tokyo,2023-10-29,4.2,58.3,56,26.9,73.2,59.9,0,1,46.29
Tokyo,2023-10-30,20.2,76.8,91,41.5,52.9,60.4,1,3,53.23
Tokyo,2023-10-31,16.9,68.2,113,24.6,77.7,52.8,1,1,52.08
Tokyo,2023-11-01,24.8,67.2,112,26.9,57.1,48.7,1,1,46.8
Tokyo,2023-11-02,20.1,88.6,121,18.0,42.2,52.5,1,1,44.23
Tokyo,2023-11-03,21.8,52.1,101,37.8,75.5,59.8,1,2,53.15
Tokyo,2023-11-04,25.5,52.1,135,24.6,78.8,51.4,0,1,42.88
Tokyo,2023-11-05,24.8,83.6,101,33.9,74.2,57.4,0,4,49.29
Tokyo,2023-11-06,12.7,54.6,99,33.9,75.0,52.7,1,2,54.53
Tokyo,2023-11-07,24.7,71.3,104,34.1,71.8,60.3,1,1,53.77
Tokyo,2023-11-08,16.3,53.5,92,36.3,70.4,67.9,1,6,58.42
Tokyo,2023-11-09,9.5,68.1,129,43.9,65.4,60.6,1,3,61.74
Tokyo,2023-11-10,23.8,45.3,123,32.9,63.7,56.2,1,5,52.38
Tokyo,2023-11-11,26.0,78.0,106,22.7,84.6,51.6,0,1,44.93
Tokyo,2023-11-12,20.1,52.4,79,35.8,53.0,65.7,0,2,40.81
Tokyo,2023-11-13,18.9,82.7,83,36.6,98.0,62.2,1,3,61.95
Tokyo,2023-11-14,21.0,70.1,97,46.4,59.0,49.2,1,1,51.51
Tokyo,2023-11-15,17.8,62.4,129,41.6,68.9,59.0,1,0,55.18
Tokyo,2023-11-16,15.6,51.0,122,35.2,56.3,59.4,1,3,52.77
Tokyo,2023-11-17,31.2,73.9,118,46.2,72.3,57.3,1,6,64.38
Tokyo,2023-11-18,41.6,64.2,124,32.2,76.9,63.7,0,4,56.4
Tokyo,2023-11-19,29.6,68.5,76,37.9,48.1,51.3,0,1,40.74
Tokyo,2023-11-20,19.9,66.6,104,39.5,53.1,59.4,1,1,50.61
Tokyo,2023-11-21,22.1,75.6,111,41.0,65.2,61.4,1,4,56.8
Tokyo,2023-11-22,24.7,71.2,116,27.2,70.5,52.4,1,2,51.62
Tokyo,2023-11-23,29.6,61.2,115,41.6,60.4,62.4,1,0,54.58
Tokyo,2023-11-24,27.4,75.7,83,23.8,54.1,64.2,1,0,47.62
Tokyo,2023-11-25,13.4,76.9,125,44.2,87.7,59.9,0,4,58.15
Tokyo,2023-11-26,20.8,74.2,114,15.0,45.3,48.1,0,5,36.47
Tokyo,2023-11-27,25.4,72.2,80,24.3,65.0,68.0,1,3,51.85
Tokyo,2023-11-28,16.4,57.3,63,36.8,55.6,59.5,1,2,49.64
Tokyo,2023-11-29,6.7,59.0,116,37.8,80.8,59.5,1,0,59.99
Tokyo,2023-11-30,-4.8,60.5,105,34.4,86.9,53.4,1,1,64.22
Tokyo,2023-12-01,15.0,45.8,136,34.0,58.4,58.7,1,4,54.02
Tokyo,2023-12-02,14.4,57.6,120,35.0,44.2,59.5,0,3,43.43
Tokyo,2023-12-03,29.7,44.9,102,35.1,61.0,55.7,0,6,46.45
Tokyo,2023-12-04,7.4,48.5,98,28.9,57.2,57.9,1,1,51.12
Tokyo,2023-12-05,25.8,60.9,89,33.2,53.5,54.3,1,2,48.24
Tokyo,2023-12-06,13.1,48.4,114,33.7,62.6,63.0,1,1,52.99
Tokyo,2023-12-07,35.9,55.2,74,25.9,70.8,67.7,1,3,55.63
Tokyo,2023-12-08,27.0,69.6,120,38.4,53.0,67.6,1,3,55.7
Tokyo,2023-12-09,23.3,62.9,134,38.0,55.6,53.2,0,1,42.48
Tokyo,2023-12-10,-3.4,84.7,89,43.7,51.2,59.8,0,2,54.72
Tokyo,2023-12-11,9.3,83.5,112,39.7,63.5,59.1,1,4,61.54
Tokyo,2023-12-12,20.7,63.4,81,25.3,56.7,53.9,1,3,46.3
Tokyo,2023-12-13,16.0,90.5,136,34.0,69.1,52.3,1,0,55.77
Tokyo,2023-12-14,10.4,58.4,104,50.5,66.5,67.3,1,0,59.89
Tokyo,2023-12-15,25.9,70.2,109,43.0,77.2,63.1,1,1,58.4
Tokyo,2023-12-16,18.3,60.1,108,36.0,89.8,56.5,0,2,49.46
Tokyo,2023-12-17,34.7,69.2,101,42.7,77.7,67.2,0,1,54.15
Tokyo,2023-12-18,19.6,63.3,91,40.3,41.8,62.9,1,4,50.84
Tokyo,2023-12-19,16.0,70.0,88,31.3,83.0,64.6,1,2,57.21
Tokyo,2023-12-20,20.1,73.8,138,22.5,60.2,57.7,1,1,49.35
Tokyo,2023-12-21,23.4,62.2,75,59.0,69.0,59.6,1,0,56.24
Tokyo,2023-12-22,22.4,76.9,97,29.7,94.2,58.1,1,1,55.89
Tokyo,2023-12-23,15.8,83.9,115,35.8,85.9,50.8,0,2,51.37
Tokyo,2023-12-24,22.2,62.4,113,42.6,80.0,67.4,0,3,51.25
Tokyo,2023-12-25,16.2,71.9,119,37.5,65.1,54.4,1,3,56.05
Tokyo,2023-12-26,19.2,59.8,88,41.3,85.4,64.3,1,2,58.07
Tokyo,2023-12-27,3.6,60.8,110,36.5,36.2,52.5,1,1,51.47
Tokyo,2023-12-28,4.5,71.0,104,27.7,67.9,51.8,1,2,56.37
Tokyo,2023-12-29,27.4,54.4,120,45.2,20.0,58.2,1,2,47.11
Tokyo,2023-12-30,47.1,64.6,128,44.1,46.0,50.0,0,6,55.17
Tokyo,2023-12-31,20.6,67.7,108,31.1,64.3,60.4,0,3,44.39
Tokyo,2024-01-01,17.5,70.8,84,24.2,52.3,57.9,1,4,48.82
Tokyo,2024-01-02,0.8,69.4,65,37.7,53.4,60.2,1,2,57.15
Tokyo,2024-01-03,37.1,79.4,91,35.0,68.7,63.3,1,0,58.18
Tokyo,2024-01-04,12.4,95.0,108,31.1,74.1,62.8,1,2,59.98
Tokyo,2024-01-05,40.2,61.4,122,30.0,63.3,59.1,1,2,57.64
Tokyo,2024-01-06,22.9,46.8,127,30.3,62.1,62.0,0,5,44.34
Tokyo,2024-01-07,10.6,73.5,115,34.4,79.3,61.6,0,3,53.51
Tokyo,2024-01-08,20.3,52.6,84,33.1,87.0,60.8,1,2,54.12
Tokyo,2024-01-09,8.8,59.2,107,30.1,77.9,55.7,1,0,55.34
Tokyo,2024-01-10,27.9,74.1,89,46.8,95.6,62.0,1,2,64.0
Tokyo,2024-01-11,12.9,45.5,91,31.7,59.7,54.2,1,1,48.9
Tokyo,2024-01-12,13.8,70.4,119,55.0,81.9,60.2,1,1,64.42
Tokyo,2024-01-13,15.0,67.9,112,31.9,76.8,52.0,0,3,48.09
Tokyo,2024-01-14,18.9,56.6,129,27.9,69.8,61.1,0,2,44.51
Tokyo,2024-01-15,14.4,62.7,96,43.6,71.3,57.4,1,2,57.34
Tokyo,2024-01-16,32.7,70.4,108,30.7,78.6,54.9,1,3,58.22
Tokyo,2024-01-17,26.9,71.0,85,32.4,67.4,54.8,1,4,53.79
Tokyo,2024-01-18,19.5,52.5,138,15.0,66.8,61.6,1,1,47.42
Tokyo,2024-01-19,18.2,74.9,176,38.7,74.1,54.1,1,2,59.6
Tokyo,2024-01-20,12.9,74.4,135,43.5,79.8,56.2,0,4,56.18
Tokyo,2024-01-21,17.5,63.1,125,34.9,82.8,58.5,0,3,50.41
Tokyo,2024-01-22,14.7,72.3,108,40.8,60.7,59.9,1,3,57.11
Tokyo,2024-01-23,15.8,46.8,116,29.8,57.2,53.6,1,4,50.53
Tokyo,2024-01-24,12.2,72.6,97,35.3,58.9,54.9,1,4,55.66
Tokyo,2024-01-25,13.9,53.5,82,26.4,70.4,69.1,1,1,52.18
Tokyo,2024-01-26,21.6,62.2,112,31.4,54.8,58.1,1,2,48.6
Tokyo,2024-01-27,25.1,57.4,85,44.1,50.1,56.0,0,2,42.1
Tokyo,2024-01-28,23.2,79.9,137,32.2,54.6,68.5,0,5,48.46
Tokyo,2024-01-29,11.3,83.1,75,50.4,63.4,53.0,1,3,59.93
Tokyo,2024-01-30,31.0,60.9,139,30.0,40.7,59.2,1,1,49.44
Tokyo,2024-01-31,8.3,66.2,106,29.9,93.2,59.0,1,4,63.1
Tokyo,2024-02-01,34.7,50.2,83,28.0,50.8,60.6,1,6,52.91
Tokyo,2024-02-02,24.7,82.6,71,43.3,52.8,58.6,1,4,54.14
Tokyo,2024-02-03,10.3,69.1,97,37.6,79.4,52.9,0,1,49.93
Tokyo,2024-02-04,15.9,74.0,91,31.6,54.4,64.5,0,3,44.94
Tokyo,2024-02-05,28.9,81.7,126,35.9,74.6,52.6,1,1,57.26
Tokyo,2024-02-06,37.9,56.9,89,27.6,73.4,59.7,1,3,56.93
Tokyo,2024-02-07,30.9,63.0,129,34.8,50.5,57.5,1,1,52.1
Tokyo,2024-02-08,12.3,59.3,110,40.1,41.1,58.9,1,1,50.93
Tokyo,2024-02-09,21.1,59.5,133,45.5,82.7,56.5,1,1,58.0
Tokyo,2024-02-10,18.8,58.9,82,35.7,58.9,62.4,0,4,44.34
Tokyo,2024-02-11,28.1,60.3,132,30.5,86.6,57.5,0,6,53.0
Tokyo,2024-02-12,22.1,65.2,88,45.4,72.8,62.1,1,1,54.97
Tokyo,2024-02-13,15.9,73.3,124,30.6,43.7,61.9,1,1,49.99
Tokyo,2024-02-14,16.4,77.2,98,44.9,57.3,64.0,1,2,56.74
Tokyo,2024-02-15,20.8,71.1,130,36.2,66.0,64.6,1,1,54.63
Tokyo,2024-02-16,21.8,55.8,95,19.0,50.9,50.5,1,4,43.13
Tokyo,2024-02-17,13.2,52.8,111,34.5,46.3,62.2,0,3,43.71
Tokyo,2024-02-18,29.5,62.2,119,40.5,78.2,59.2,0,2,51.19
Tokyo,2024-02-19,29.2,66.3,125,25.6,66.6,56.7,1,2,52.91
Tokyo,2024-02-20,30.0,66.4,83,29.4,75.6,64.0,1,0,53.59
Tokyo,2024-02-21,20.3,66.6,57,36.1,61.2,61.0,1,1,49.11
Tokyo,2024-02-22,24.3,79.5,79,40.1,83.3,62.5,1,2,58.32
Tokyo,2024-02-23,23.8,65.5,91,35.2,67.8,64.2,1,1,52.38
Tokyo,2024-02-24,20.4,71.6,87,25.5,75.1,51.4,0,5,44.55
Tokyo,2024-02-25,23.0,59.7,106,41.9,62.0,54.3,0,4,45.66
Tokyo,2024-02-26,16.5,73.1,111,46.2,48.9,53.8,1,2,53.83
Tokyo,2024-02-27,21.1,72.8,119,32.6,63.9,56.4,1,0,50.42
Tokyo,2024-02-28,29.3,62.1,134,41.8,72.1,58.2,1,2,58.84
Tokyo,2024-02-29,21.2,72.9,92,49.4,76.0,54.5,1,3,58.28
Tokyo,2024-03-01,17.4,72.1,131,32.9,81.8,70.1,1,3,60.98
Tokyo,2024-03-02,18.6,73.0,130,35.1,88.0,66.7,0,2,52.95
Tokyo,2024-03-03,12.6,55.2,83,41.3,55.6,60.3,0,5,47.88
Tokyo,2024-03-04,28.5,79.9,85,38.8,31.7,63.3,1,2,49.84
Tokyo,2024-03-05,15.5,63.2,115,33.6,48.2,58.7,1,1,49.86
Tokyo,2024-03-06,30.7,62.3,141,47.5,56.3,53.4,1,1,56.51
Tokyo,2024-03-07,19.6,76.5,96,43.3,83.1,55.1,1,3,59.3
Tokyo,2024-03-08,21.2,58.1,98,35.4,41.5,62.8,1,2,46.98
Tokyo,2024-03-09,-1.6,59.9,124,46.7,57.1,56.2,0,1,53.81
Tokyo,2024-03-10,29.1,81.3,72,29.5,37.0,58.9,0,4,40.92
Tokyo,2024-03-11,19.9,72.4,115,23.9,44.6,57.2,1,2,46.17
Tokyo,2024-03-12,25.9,78.0,107,33.3,75.3,62.3,1,0,55.02
Tokyo,2024-03-13,13.6,92.5,107,31.4,86.2,56.7,1,2,60.62
Tokyo,2024-03-14,20.4,59.0,115,46.2,91.8,62.7,1,1,60.41
Tokyo,2024-03-15,29.1,55.0,118,37.1,84.8,61.5,1,4,60.71
Tokyo,2024-03-16,10.8,58.2,125,35.0,46.9,51.6,0,6,46.78
Tokyo,2024-03-17,17.1,52.9,116,36.0,66.0,58.9,0,3,46.15
Tokyo,2024-03-18,22.0,62.3,79,47.2,78.8,59.0,1,2,56.18
Tokyo,2024-03-19,10.8,39.3,126,36.0,89.0,63.3,1,1,59.54
Tokyo,2024-03-20,24.5,74.7,112,44.8,60.5,54.0,1,3,55.7
Tokyo,2024-03-21,10.4,51.6,114,32.7,62.5,57.2,1,0,52.25
Tokyo,2024-03-22,27.4,80.0,80,47.8,75.1,54.5,1,1,57.95
Tokyo,2024-03-23,6.8,64.1,116,30.0,42.8,60.0,0,6,47.83
Tokyo,2024-03-24,18.6,57.7,73,41.7,62.4,59.9,0,1,43.27
Tokyo,2024-03-25,16.1,64.0,92,23.7,100.0,52.2,1,2,55.85
Tokyo,2024-03-26,27.4,59.9,66,40.3,43.2,55.0,1,4,49.34
Tokyo,2024-03-27,26.7,63.1,100,48.0,79.0,59.4,1,2,59.46
Tokyo,2024-03-28,12.6,65.4,96,38.4,84.2,57.0,1,2,59.35
Tokyo,2024-03-29,13.5,72.6,106,38.8,65.1,62.2,1,2,57.39
Tokyo,2024-03-30,0.9,82.0,114,33.4,86.3,61.7,0,4,60.12
Tokyo,2024-03-31,14.1,40.8,108,43.5,80.2,54.6,0,2,49.1
Tokyo,2024-04-01,5.7,77.6,104,29.1,54.2,65.5,1,3,57.5
Tokyo,2024-04-02,22.0,56.6,141,32.9,77.1,64.4,1,0,53.68
Tokyo,2024-04-03,32.2,65.1,114,33.4,41.8,63.8,1,4,53.55
Tokyo,2024-04-04,24.8,89.2,112,21.8,60.1,69.9,1,3,53.54
Tokyo,2024-04-05,12.3,61.4,101,51.6,60.4,49.6,1,2,56.92
Tokyo,2024-04-06,20.3,76.2,75,43.3,66.5,64.1,0,4,49.07
Tokyo,2024-04-07,29.7,57.7,96,36.7,59.4,62.5,0,6,48.76
Tokyo,2024-04-08,25.3,50.5,101,41.7,21.0,65.7,1,3,46.37
Tokyo,2024-04-09,24.3,64.2,106,44.7,76.4,68.6,1,0,57.47
Tokyo,2024-04-10,18.5,65.4,115,34.4,70.3,58.2,1,1,53.44
Tokyo,2024-04-11,30.6,71.5,126,36.0,68.4,58.1,1,3,58.35
Tokyo,2024-04-12,18.8,67.5,120,31.4,61.7,57.4,1,2,51.91
Tokyo,2024-04-13,34.3,69.0,118,45.3,50.5,58.2,0,3,50.2
Tokyo,2024-04-14,39.4,64.2,128,43.7,42.8,60.6,0,4,51.52
Tokyo,2024-04-15,18.2,74.2,122,24.6,92.2,64.7,1,1,57.64
Tokyo,2024-04-16,17.7,57.1,128,40.0,75.7,61.9,1,2,57.65
Tokyo,2024-04-17,14.4,55.6,116,45.7,72.3,59.1,1,3,59.51
Tokyo,2024-04-18,19.4,65.8,106,41.4,61.8,61.8,1,3,55.21
Tokyo,2024-04-19,22.8,62.9,88,24.5,50.1,54.6,1,2,44.13
Tokyo,2024-04-20,21.6,66.3,145,40.4,93.9,58.7,0,0,51.41
Tokyo,2024-04-21,10.6,63.5,95,43.5,31.4,51.8,0,3,42.67
Tokyo,2024-04-22,21.8,51.5,82,49.4,55.7,54.3,1,2,50.43
Tokyo,2024-04-23,18.7,69.6,110,50.6,73.1,56.8,1,3,60.0
Tokyo,2024-04-24,11.1,76.1,97,40.2,65.6,52.1,1,2,56.98
Tokyo,2024-04-25,25.1,81.9,113,40.2,86.0,55.9,1,1,59.15
Tokyo,2024-04-26,8.1,67.0,77,55.6,86.8,69.8,1,4,69.61
Tokyo,2024-04-27,5.8,62.6,133,22.6,92.7,64.4,0,3,55.13
Tokyo,2024-04-28,19.6,64.1,95,37.4,77.6,58.4,0,4,48.72
Tokyo,2024-04-29,36.3,60.8,85,40.7,62.8,51.9,1,1,54.92
Tokyo,2024-04-30,37.9,61.5,98,37.3,91.0,50.6,1,0,59.89
Tokyo,2024-05-01,23.1,56.4,81,36.6,78.0,59.4,1,0,51.38
Tokyo,2024-05-02,15.1,67.1,132,33.3,77.4,51.8,1,1,55.82
Tokyo,2024-05-03,31.5,65.7,111,38.2,81.6,55.9,1,3,60.28
Tokyo,2024-05-04,35.9,57.0,88,40.4,66.2,60.6,0,1,48.66
Tokyo,2024-05-05,21.8,54.1,138,43.1,85.4,56.4,0,6,53.4
Tokyo,2024-05-06,39.4,78.7,109,33.7,69.9,54.1,1,2,59.88
Tokyo,2024-05-07,22.0,75.4,108,41.1,64.6,58.8,1,2,54.34
Tokyo,2024-05-08,14.3,81.6,89,32.2,49.8,53.5,1,1,49.88
Tokyo,2024-05-09,18.5,69.3,97,18.4,85.0,60.3,1,2,52.63
Tokyo,2024-05-10,16.5,67.4,107,33.5,68.7,64.3,1,1,54.54
Tokyo,2024-05-11,28.5,74.6,137,22.0,78.6,62.0,0,2,48.39
Tokyo,2024-05-12,16.9,72.3,118,39.6,47.9,63.1,0,3,46.41
Tokyo,2024-05-13,13.4,84.7,110,32.7,74.7,63.3,1,2,59.32
Tokyo,2024-05-14,13.3,48.9,98,45.0,74.8,59.0,1,2,57.84
Tokyo,2024-05-15,23.6,59.8,73,38.0,61.2,55.4,1,3,50.35
Tokyo,2024-05-16,25.0,63.2,100,43.6,57.0,60.3,1,4,55.02
Tokyo,2024-05-17,29.5,82.6,103,36.3,98.2,64.7,1,1,63.41
Tokyo,2024-05-18,27.7,54.9,127,38.7,72.8,57.7,0,2,48.29
Tokyo,2024-05-19,11.2,52.8,116,31.8,51.3,53.0,0,3,43.34
Tokyo,2024-05-20,23.8,69.6,104,36.6,60.7,60.1,1,0,50.79
Tokyo,2024-05-21,28.4,66.5,133,41.0,55.7,56.5,1,2,55.05
Tokyo,2024-05-22,11.5,51.1,115,36.3,65.4,63.6,1,2,56.15
Tokyo,2024-05-23,25.7,53.3,148,36.1,65.7,55.7,1,1,53.08
Tokyo,2024-05-24,37.3,78.2,125,24.9,68.1,65.0,1,1,58.07
Tokyo,2024-05-25,14.8,60.5,93,48.2,36.2,62.3,0,2,43.92
Tokyo,2024-05-26,24.7,45.1,120,44.9,68.9,49.7,0,2,45.27
Tokyo,2024-05-27,36.3,73.2,119,29.6,74.4,60.1,1,1,58.55
Tokyo,2024-05-28,21.0,56.8,63,44.0,42.5,59.5,1,1,46.28
Tokyo,2024-05-29,22.7,68.3,100,38.2,72.1,62.7,1,2,54.85
Tokyo,2024-05-30,5.3,67.5,110,36.9,76.0,57.6,1,3,62.08
Tokyo,2024-05-31,31.5,67.1,104,24.5,48.4,60.8,1,2,49.64
Tokyo,2024-06-01,3.3,78.5,61,33.9,47.3,54.6,0,3,46.4
Tokyo,2024-06-02,13.9,64.6,109,51.2,36.3,58.8,0,3,46.52
Tokyo,2024-06-03,22.8,70.9,112,28.5,83.2,63.0,1,4,57.08
Tokyo,2024-06-04,31.0,57.0,98,35.5,67.9,56.2,1,3,55.07
Tokyo,2024-06-05,16.9,47.9,117,38.5,67.5,62.1,1,0,52.82
Tokyo,2024-06-06,16.0,68.1,128,41.4,78.2,64.4,1,2,60.82
Tokyo,2024-06-07,17.7,71.1,109,34.6,73.1,57.3,1,3,56.13
Tokyo,2024-06-08,17.0,68.8,132,22.7,43.7,58.6,0,1,38.69
Tokyo,2024-06-09,21.5,55.6,109,30.1,58.3,65.3,0,1,40.62
Tokyo,2024-06-10,21.1,75.9,105,31.5,73.7,63.1,1,2,54.52
Tokyo,2024-06-11,27.0,70.7,145,39.9,35.2,63.2,1,2,52.28
Tokyo,2024-06-12,14.9,61.3,123,32.5,85.9,55.7,1,1,57.0
Tokyo,2024-06-13,31.6,80.8,103,24.2,61.9,60.2,1,0,51.77
Tokyo,2024-06-14,16.3,66.6,107,37.9,27.1,53.7,1,1,45.53
Tokyo,2024-06-15,21.5,71.4,111,25.6,86.7,65.4,0,3,48.38
Tokyo,2024-06-16,28.4,86.3,121,38.4,59.9,59.9,0,0,47.46
Tokyo,2024-06-17,19.7,77.5,94,43.7,88.9,54.9,1,1,58.84
Tokyo,2024-06-18,22.7,69.2,84,25.0,51.3,58.7,1,2,45.66
Tokyo,2024-06-19,10.9,69.9,109,37.2,78.1,59.2,1,3,60.83
Tokyo,2024-06-20,18.0,63.7,99,39.8,66.2,61.0,1,1,53.83
Tokyo,2024-06-21,20.3,65.6,110,31.3,47.1,62.1,1,1,47.7
Tokyo,2024-06-22,17.7,64.9,97,28.3,72.1,56.0,0,1,43.03
Tokyo,2024-06-23,21.3,69.1,94,26.4,100.0,56.4,0,4,49.5
Tokyo,2024-06-24,32.2,63.1,108,33.5,72.8,64.2,1,0,56.01
Tokyo,2024-06-25,15.9,54.6,79,43.9,66.8,60.1,1,1,53.87
Tokyo,2024-06-26,27.7,65.4,124,32.9,61.4,62.6,1,4,55.84
Tokyo,2024-06-27,22.8,69.6,127,33.3,55.0,54.4,1,2,50.21
Tokyo,2024-06-28,4.1,70.3,116,30.9,67.2,46.3,1,3,57.71
Tokyo,2024-06-29,23.9,64.7,68,53.6,83.0,52.6,0,1,49.27
Tokyo,2024-06-30,28.6,43.4,96,21.9,60.7,56.6,0,0,37.02
Tokyo,2024-07-01,32.7,68.8,95,26.6,71.5,58.4,1,2,54.59
Tokyo,2024-07-02,22.5,65.6,103,15.5,58.4,67.9,1,0,44.87
Tokyo,2024-07-03,22.8,65.2,79,36.8,64.7,58.7,1,6,54.33
Tokyo,2024-07-04,14.7,81.8,90,38.8,76.0,56.4,1,2,58.2
Tokyo,2024-07-05,21.6,69.3,140,23.8,46.9,46.8,1,2,45.04
Tokyo,2024-07-06,16.8,59.9,103,35.6,83.8,68.8,0,4,52.39
Tokyo,2024-07-07,15.4,76.6,102,33.2,68.9,49.0,0,3,46.58
Tokyo,2024-07-08,11.9,50.9,72,24.5,25.3,57.2,1,2,41.34
Tokyo,2024-07-09,24.2,69.0,141,29.2,65.7,55.5,1,0,50.91
Tokyo,2024-07-10,20.7,61.5,127,29.1,66.7,67.9,1,0,51.46
Tokyo,2024-07-11,29.3,81.1,121,36.2,69.0,59.1,1,1,57.25
Tokyo,2024-07-12,9.3,63.8,138,42.6,51.2,58.6,1,1,56.62
Tokyo,2024-07-13,28.3,71.5,155,45.5,68.1,62.4,0,2,53.41
Tokyo,2024-07-14,26.1,69.2,114,43.2,60.8,59.8,0,0,45.96
Tokyo,2024-07-15,8.3,67.4,102,44.9,80.5,65.6,1,1,63.33
Tokyo,2024-07-16,28.9,59.1,75,40.3,56.8,67.9,1,4,55.32
Tokyo,2024-07-17,18.6,78.8,109,33.0,62.8,58.7,1,2,53.48
Tokyo,2024-07-18,24.9,68.4,91,41.3,51.7,58.9,1,2,51.45
Tokyo,2024-07-19,24.4,71.5,132,27.5,97.1,63.5,1,5,62.17
Tokyo,2024-07-20,29.3,75.6,75,32.7,82.6,61.5,0,6,52.71
Tokyo,2024-07-21,26.6,68.0,93,30.0,60.0,52.5,0,5,44.07
Tokyo,2024-07-22,34.1,59.3,83,48.4,38.2,54.0,1,1,51.37
Tokyo,2024-07-23,28.9,73.6,94,46.2,86.7,58.4,1,4,63.68
Tokyo,2024-07-24,24.9,82.2,103,32.8,85.6,60.5,1,2,58.16
Tokyo,2024-07-25,15.9,80.5,134,35.5,56.5,57.6,1,4,56.84
Tokyo,2024-07-26,33.6,73.6,109,50.7,59.4,53.5,1,4,61.2
Tokyo,2024-07-27,14.5,69.4,99,33.5,55.7,62.5,0,4,46.77
Tokyo,2024-07-28,18.9,72.8,84,54.7,45.5,56.1,0,6,48.94
Tokyo,2024-07-29,26.3,60.7,98,42.5,44.8,48.3,1,4,50.32
Tokyo,2024-07-30,10.9,57.2,87,52.8,64.7,63.4,1,3,60.9
Tokyo,2024-07-31,25.3,60.8,137,49.4,87.6,62.8,1,1,62.42
Tokyo,2024-08-01,17.8,67.3,97,37.8,56.1,58.2,1,2,51.94
Tokyo,2024-08-02,25.0,63.1,133,33.9,60.5,62.3,1,3,54.2
Tokyo,2024-08-03,18.9,65.8,55,36.1,37.6,52.9,0,2,36.14
Tokyo,2024-08-04,23.7,54.3,106,42.7,52.6,56.5,0,4,44.1
Tokyo,2024-08-05,18.0,80.1,134,42.8,73.1,67.3,1,2,61.35
Tokyo,2024-08-06,19.7,54.2,77,36.8,48.1,57.5,1,2,46.88
Tokyo,2024-08-07,24.9,77.2,98,34.9,62.5,59.9,1,3,54.1
Tokyo,2024-08-08,17.5,74.0,77,20.2,68.4,61.5,1,1,49.05
Tokyo,2024-08-09,13.9,56.3,119,26.6,61.0,54.5,1,2,50.72
Tokyo,2024-08-10,23.7,74.9,102,30.9,73.7,50.8,0,3,45.1
Tokyo,2024-08-11,24.4,68.5,123,43.5,43.4,65.3,0,4,46.59
Tokyo,2024-08-12,5.4,54.1,113,28.1,56.8,61.5,1,4,56.07
Tokyo,2024-08-13,21.3,57.0,111,37.9,66.8,56.6,1,1,51.28
Tokyo,2024-08-14,13.1,62.5,117,39.5,47.6,60.5,1,0,51.86
Tokyo,2024-08-15,23.6,83.2,127,40.2,49.6,58.1,1,6,56.7
Tokyo,2024-08-16,30.8,44.4,124,34.4,84.7,58.6,1,5,60.2
Tokyo,2024-08-17,19.9,77.3,115,30.7,51.2,62.3,0,5,45.27
Tokyo,2024-08-18,27.9,60.6,88,51.4,51.5,60.5,0,4,48.42
Tokyo,2024-08-19,10.9,70.9,113,35.8,72.8,53.2,1,3,58.61
Tokyo,2024-08-20,16.8,69.0,134,32.3,44.3,50.9,1,2,49.2
Tokyo,2024-08-21,6.3,60.3,98,38.1,68.5,61.0,1,0,57.28
Tokyo,2024-08-22,11.5,63.2,134,39.4,67.0,60.1,1,3,59.67
Tokyo,2024-08-23,20.9,75.1,128,35.7,69.4,60.6,1,0,53.85
Tokyo,2024-08-24,24.2,61.5,104,43.5,46.0,57.8,0,2,42.37
Tokyo,2024-08-25,10.4,72.5,106,34.3,46.2,58.8,0,3,45.82
Tokyo,2024-08-26,20.5,67.4,74,37.8,49.4,54.9,1,2,47.81
Tokyo,2024-08-27,31.7,66.3,117,36.8,78.6,68.7,1,1,60.29
Tokyo,2024-08-28,21.4,70.3,108,31.7,64.9,71.2,1,2,53.7
Tokyo,2024-08-29,25.6,61.3,85,53.7,75.9,54.8,1,2,58.32
Tokyo,2024-08-30,13.3,74.8,68,25.7,71.3,61.7,1,3,54.22
Tokyo,2024-08-31,20.6,69.3,115,39.8,68.7,58.6,0,0,45.37
Tokyo,2024-09-01,29.8,51.6,136,38.9,69.2,64.0,0,3,50.59
Tokyo,2024-09-02,12.0,70.7,87,48.9,82.8,65.7,1,5,66.32
Tokyo,2024-09-03,23.0,70.7,139,31.2,63.1,60.6,1,1,52.28
Tokyo,2024-09-04,23.9,61.7,132,23.9,81.8,62.3,1,1,53.4
Tokyo,2024-09-05,3.4,57.0,126,35.6,82.4,55.9,1,2,62.4
Tokyo,2024-09-06,17.5,59.6,135,31.4,68.2,56.2,1,3,54.3
Tokyo,2024-09-07,25.1,66.3,136,48.1,52.2,65.0,0,2,48.66
Tokyo,2024-09-08,17.4,69.3,129,34.8,63.8,62.4,0,3,48.18
Tokyo,2024-09-09,20.1,82.0,117,42.0,65.6,58.2,1,3,57.42
Tokyo,2024-09-10,22.8,71.2,137,38.6,63.2,54.9,1,2,54.03
Tokyo,2024-09-11,10.0,74.2,82,26.0,61.2,68.5,1,3,55.41
Tokyo,2024-09-12,22.7,79.7,81,45.6,43.6,56.6,1,4,52.01
Tokyo,2024-09-13,15.4,65.1,120,47.9,78.6,55.4,1,5,63.16
Tokyo,2024-09-14,34.9,65.3,74,36.2,46.8,63.3,0,3,45.48
Tokyo,2024-09-15,20.1,57.3,78,45.1,59.2,59.8,0,7,48.18
Tokyo,2024-09-16,14.2,61.5,148,21.2,53.7,68.5,1,0,50.42
Tokyo,2024-09-17,33.7,36.7,114,41.4,54.3,57.3,1,4,54.88
Tokyo,2024-09-18,16.8,70.0,115,38.6,57.8,53.9,1,3,54.19
Tokyo,2024-09-19,17.9,39.5,79,29.0,81.5,62.4,1,2,51.59
Tokyo,2024-09-20,16.3,49.3,103,43.3,58.2,57.0,1,7,56.97
Tokyo,2024-09-21,18.7,71.8,125,43.2,80.2,48.6,0,2,50.09
Tokyo,2024-09-22,22.1,50.1,89,29.2,61.7,55.0,0,4,40.02
Tokyo,2024-09-23,16.1,75.3,101,32.0,63.5,53.4,1,1,51.77
Tokyo,2024-09-24,25.8,56.6,107,32.4,70.7,63.1,1,0,51.81
Tokyo,2024-09-25,28.7,80.9,55,29.3,60.5,61.3,1,1,50.41
Tokyo,2024-09-26,21.0,65.8,113,39.5,70.1,60.0,1,4,56.56
Tokyo,2024-09-27,20.2,62.3,73,18.8,76.4,58.1,1,4,49.7
Tokyo,2024-09-28,26.3,74.9,92,33.6,55.8,57.0,0,2,43.05
Tokyo,2024-09-29,20.8,67.5,94,48.7,78.5,56.7,0,2,49.82
Tokyo,2024-09-30,14.6,74.1,145,37.5,66.3,63.2,1,2,59.13
Tokyo,2024-10-01,18.1,79.0,56,20.8,59.0,69.6,1,1,48.0
Tokyo,2024-10-02,26.6,81.6,93,39.6,67.4,61.9,1,3,57.55
Tokyo,2024-10-03,7.0,50.7,92,38.1,73.4,53.7,1,0,55.42
Tokyo,2024-10-04,29.1,69.5,99,40.1,59.6,61.1,1,3,56.12
Tokyo,2024-10-05,26.4,49.6,130,30.9,46.7,62.5,0,2,40.86
Tokyo,2024-10-06,16.0,55.4,93,33.4,88.3,60.4,0,3,49.7
Tokyo,2024-10-07,32.8,74.9,127,43.4,54.3,60.3,1,5,60.91
Tokyo,2024-10-08,24.3,78.2,110,33.0,79.5,62.7,1,0,55.37
Tokyo,2024-10-09,9.5,74.8,90,42.3,47.8,64.2,1,0,54.61
Tokyo,2024-10-10,13.2,67.9,117,37.7,57.1,64.6,1,2,56.14
Tokyo,2024-10-11,6.2,55.2,97,46.9,78.5,67.1,1,6,67.28
Tokyo,2024-10-12,11.5,53.3,81,34.0,96.7,58.8,0,2,51.44
Tokyo,2024-10-13,27.3,67.8,111,33.1,61.5,54.2,0,3,45.04
Tokyo,2024-10-14,27.7,61.5,81,40.6,78.9,56.8,1,2,56.26
Tokyo,2024-10-15,9.5,55.3,76,35.0,60.8,58.3,1,1,52.36
Tokyo,2024-10-16,20.8,69.8,82,39.8,79.2,47.3,1,1,52.68
Tokyo,2024-10-17,32.6,72.0,125,27.8,76.8,63.5,1,2,58.67
Tokyo,2024-10-18,21.1,63.2,130,33.0,70.5,55.0,1,0,51.2
Tokyo,2024-10-19,17.6,57.1,113,40.5,67.2,50.9,0,2,45.5
Tokyo,2024-10-20,16.5,67.6,114,34.4,75.2,58.5,0,4,49.92
Tokyo,2024-10-21,26.4,58.0,78,33.6,84.3,63.2,1,0,53.83
Tokyo,2024-10-22,12.7,57.7,132,31.1,79.3,65.3,1,0,57.14
Tokyo,2024-10-23,16.9,60.0,92,32.4,54.0,58.2,1,3,50.21
Tokyo,2024-10-24,25.2,55.6,108,45.7,61.3,48.9,1,4,54.2
Tokyo,2024-10-25,33.7,72.8,98,28.5,67.2,63.4,1,1,55.23
Tokyo,2024-10-26,42.6,75.8,129,24.3,54.4,59.4,0,3,49.87
Tokyo,2024-10-27,31.3,59.7,141,36.0,100.0,59.7,0,6,59.29
Tokyo,2024-10-28,18.1,58.1,129,33.5,91.3,59.5,1,0,56.91
Tokyo,2024-10-29,27.4,64.2,140,31.4,36.2,48.1,1,2,46.76
Tokyo,2024-10-30,17.4,54.1,126,39.9,75.1,63.4,1,1,56.71
Tokyo,2024-10-31,23.6,61.5,107,29.6,84.9,63.7,1,3,56.1
Tokyo,2024-11-01,14.4,62.4,127,24.2,56.2,57.0,1,2,50.35
Tokyo,2024-11-02,23.1,61.4,122,34.2,55.2,51.7,0,5,43.56
Tokyo,2024-11-03,20.6,68.1,100,47.8,27.7,64.6,0,4,42.97
Tokyo,2024-11-04,28.1,58.8,124,41.4,67.5,62.0,1,2,57.14
Tokyo,2024-11-05,14.0,74.0,122,41.8,57.3,63.6,1,3,58.52
Tokyo,2024-11-06,7.8,82.6,98,33.0,67.9,55.5,1,1,57.24
Tokyo,2024-11-07,19.4,57.6,91,39.9,51.5,55.2,1,1,48.34
Tokyo,2024-11-08,30.5,56.5,91,37.6,59.4,70.1,1,4,56.65
Tokyo,2024-11-09,19.8,74.3,88,39.5,73.2,51.3,0,3,46.89
Tokyo,2024-11-10,18.5,65.0,86,50.8,54.6,57.7,0,1,45.28
Tokyo,2024-11-11,19.1,72.0,109,29.9,64.9,52.2,1,2,50.98
Tokyo,2024-11-12,34.0,61.7,133,33.5,50.5,67.7,1,4,57.36
Tokyo,2024-11-13,27.2,64.6,90,35.2,59.9,61.6,1,0,50.68
Tokyo,2024-11-14,23.1,56.2,79,34.7,57.1,60.7,1,1,47.65
Tokyo,2024-11-15,28.4,66.5,91,36.1,85.7,60.5,1,0,56.66
Tokyo,2024-11-16,24.5,80.0,73,38.1,67.8,58.7,0,3,46.67
Tokyo,2024-11-17,25.2,64.5,127,34.1,71.9,51.1,0,4,47.29
Tokyo,2024-11-18,13.2,55.5,100,32.1,52.9,68.2,1,2,52.31
Tokyo,2024-11-19,16.1,66.6,95,38.3,63.0,58.3,1,4,55.64
Tokyo,2024-11-20,9.5,82.6,114,29.4,61.4,57.6,1,4,57.92
Tokyo,2024-11-21,28.8,73.7,116,36.1,63.5,61.7,1,3,56.98
Tokyo,2024-11-22,27.1,66.6,119,41.3,58.6,53.9,1,1,53.22
Tokyo,2024-11-23,5.2,75.9,68,50.9,57.1,57.6,0,1,51.3
Tokyo,2024-11-24,7.9,68.8,100,36.5,53.2,61.4,0,1,47.02
Tokyo,2024-11-25,23.7,79.5,122,36.7,64.9,60.6,1,2,55.27
Tokyo,2024-11-26,26.0,70.1,91,43.1,42.0,50.3,1,1,48.31
Tokyo,2024-11-27,25.4,35.2,132,37.0,41.5,59.5,1,3,48.1
Tokyo,2024-11-28,16.7,55.8,140,41.1,100.0,56.7,1,1,61.97
Tokyo,2024-11-29,31.0,61.3,108,36.8,65.6,55.7,1,0,53.34
Tokyo,2024-11-30,20.3,64.7,138,35.8,63.1,55.6,0,2,45.12
Tokyo,2024-12-01,21.5,59.6,110,44.8,27.1,61.5,0,2,39.09
Tokyo,2024-12-02,29.7,54.5,94,41.7,75.1,62.0,1,1,56.64
Tokyo,2024-12-03,15.3,59.2,108,34.0,78.3,57.6,1,1,55.14
Tokyo,2024-12-04,27.0,68.2,60,39.6,59.0,62.9,1,0,50.72
Tokyo,2024-12-05,31.6,62.2,107,32.6,75.6,59.8,1,1,55.98
Tokyo,2024-12-06,4.0,56.7,121,46.6,75.3,61.8,1,3,65.36
Tokyo,2024-12-07,22.3,83.0,104,46.7,78.1,62.7,0,1,51.12
Tokyo,2024-12-08,3.9,74.3,103,32.4,42.8,59.0,0,3,47.31
Tokyo,2024-12-09,27.0,66.9,129,35.3,64.2,54.4,1,2,54.04
Tokyo,2024-12-10,13.8,57.4,124,38.7,48.1,66.1,1,6,57.25
Tokyo,2024-12-11,16.3,73.2,84,32.7,74.2,53.3,1,1,53.01
Tokyo,2024-12-12,6.4,52.0,121,34.4,84.3,53.0,1,3,60.74
Tokyo,2024-12-13,24.1,48.9,105,39.1,56.1,51.6,1,2,48.85
Tokyo,2024-12-14,36.3,54.3,105,29.0,71.0,48.7,0,2,45.92
Tokyo,2024-12-15,40.2,66.3,94,26.8,37.6,60.8,0,2,42.98
Tokyo,2024-12-16,25.0,64.9,134,42.6,59.8,58.8,1,2,55.29
Tokyo,2024-12-17,26.8,64.2,102,24.6,85.4,58.2,1,3,55.11
Tokyo,2024-12-18,30.7,53.8,148,30.0,47.3,59.7,1,3,52.12
Tokyo,2024-12-19,20.3,68.8,91,31.2,62.8,53.4,1,0,47.79
Tokyo,2024-12-20,22.1,64.7,129,42.0,63.9,53.8,1,2,53.58
Tokyo,2024-12-21,38.5,54.1,131,36.4,56.0,52.4,0,3,48.67
Tokyo,2024-12-22,28.1,68.4,74,36.8,87.7,58.8,0,4,51.47
Tokyo,2024-12-23,28.6,64.3,83,30.5,54.6,58.8,1,2,49.7
Tokyo,2024-12-24,23.5,65.4,104,51.5,76.0,63.3,1,3,60.54
Tokyo,2024-12-25,19.1,67.2,109,35.9,100.0,55.7,1,3,60.62
Tokyo,2024-12-26,15.2,62.1,84,39.9,72.6,57.4,1,2,55.53
Tokyo,2024-12-27,18.4,58.7,123,34.3,49.3,51.4,1,6,51.98
Tokyo,2024-12-28,5.6,65.7,85,30.2,60.5,57.3,0,3,47.51
Tokyo,2024-12-29,17.1,69.0,106,43.5,62.2,58.6,0,1,46.88
Tokyo,2024-12-30,13.7,56.2,121,27.3,60.2,64.1,1,2,52.61
Tokyo,2024-12-31,28.2,49.0,134,27.1,76.7,53.9,1,2,53.18
Paris,2023-01-01,30.2,58.3,89,47.8,84.7,63.5,0,3,54.55
Paris,2023-01-02,12.0,58.5,79,26.9,62.9,55.1,1,1,49.47
Paris,2023-01-03,16.9,68.4,70,43.6,100.0,62.1,1,3,62.96
Paris,2023-01-04,13.7,75.3,71,55.8,61.4,57.6,1,4,60.69
Paris,2023-01-05,11.7,50.1,98,41.7,89.0,61.8,1,1,60.21
Paris,2023-01-06,25.8,54.5,61,31.2,74.4,55.0,1,1,49.1
Paris,2023-01-07,6.9,72.2,79,39.6,57.7,56.6,0,2,48.44
Paris,2023-01-08,7.8,69.7,103,49.6,57.5,64.9,0,2,53.19
Paris,2023-01-09,29.0,68.5,67,27.7,58.9,59.9,1,1,48.95
Paris,2023-01-10,9.9,60.7,61,62.4,78.0,53.5,1,1,62.15
Paris,2023-01-11,18.8,82.8,106,46.6,60.6,61.8,1,5,60.03
Paris,2023-01-12,8.6,63.8,87,41.5,46.3,59.0,1,2,53.98
Paris,2023-01-13,19.6,63.8,82,41.4,54.9,59.0,1,2,51.05
Paris,2023-01-14,34.2,59.2,102,51.3,57.4,62.1,0,1,50.44
Paris,2023-01-15,33.8,71.5,49,44.0,57.2,57.9,0,1,46.04
Paris,2023-01-16,24.1,67.9,111,54.8,46.8,58.5,1,0,53.13
Paris,2023-01-17,29.8,57.4,81,49.2,52.6,48.7,1,4,54.06
Paris,2023-01-18,24.9,64.2,71,58.6,84.6,57.9,1,2,61.21
Paris,2023-01-19,20.7,77.4,103,46.1,63.6,55.4,1,1,54.59
Paris,2023-01-20,11.1,63.9,82,42.8,66.6,56.7,1,2,56.74
Paris,2023-01-21,27.8,61.5,68,44.7,65.4,58.8,0,4,48.13
Paris,2023-01-22,26.9,66.5,74,52.0,28.7,65.3,0,3,43.57
Paris,2023-01-23,11.0,76.6,96,40.1,63.0,58.0,1,1,56.66
Paris,2023-01-24,29.4,55.5,62,54.6,44.0,57.5,1,2,52.38
Paris,2023-01-25,17.0,57.1,69,41.0,54.3,55.7,1,3,50.75
Paris,2023-01-26,22.0,59.6,76,55.8,79.8,61.7,1,2,58.8
Paris,2023-01-27,26.4,60.3,53,38.4,79.9,60.2,1,1,53.55
Paris,2023-01-28,34.6,64.3,78,45.1,68.1,57.0,0,5,52.74
Paris,2023-01-29,23.0,54.5,86,40.5,78.5,60.0,0,2,46.4
Paris,2023-01-30,21.9,68.3,65,47.9,75.2,58.0,1,4,57.06
Paris,2023-01-31,10.2,50.3,60,54.3,39.4,61.3,1,1,52.38
Paris,2023-02-01,22.0,63.2,99,32.0,51.6,54.6,1,2,46.8
Paris,2023-02-02,16.1,70.1,88,70.1,60.3,58.2,1,2,62.25
Paris,2023-02-03,18.7,68.1,68,45.4,49.7,58.0,1,0,49.34
Paris,2023-02-04,16.2,67.6,81,51.2,79.3,58.1,0,5,54.69
Paris,2023-02-05,16.4,59.2,111,44.7,78.0,49.2,0,4,50.79
Paris,2023-02-06,14.9,70.7,74,58.5,71.1,61.2,1,2,61.58
Paris,2023-02-07,19.3,60.7,93,44.6,59.7,60.8,1,2,53.53
Paris,2023-02-08,27.9,55.9,72,54.0,71.6,54.0,1,2,57.05
Paris,2023-02-09,23.4,74.9,85,48.9,79.0,64.3,1,1,58.87
Paris,2023-02-10,13.9,62.3,74,43.5,63.6,63.1,1,1,54.96
Paris,2023-02-11,24.4,59.5,61,35.9,67.5,64.3,0,4,45.13
Paris,2023-02-12,16.6,59.7,94,51.3,55.7,54.8,0,2,46.6
Paris,2023-02-13,34.2,66.7,86,44.3,40.8,55.6,1,1,51.95
Paris,2023-02-14,7.7,58.6,83,33.6,75.5,60.5,1,2,57.55
Paris,2023-02-15,17.4,64.2,99,50.4,30.8,64.0,1,2,51.35
Paris,2023-02-16,20.9,71.5,81,56.2,67.2,65.2,1,0,57.23
Paris,2023-02-17,9.8,38.1,67,53.2,86.3,49.0,1,3,60.23
Paris,2023-02-18,8.6,75.6,72,65.9,54.9,57.6,0,2,54.7
Paris,2023-02-19,7.3,70.9,74,50.6,84.6,51.0,0,8,60.35
Paris,2023-02-20,35.5,79.3,98,31.5,66.6,60.2,1,2,57.61
Paris,2023-02-21,24.7,79.7,97,43.3,61.9,64.2,1,1,55.51
Paris,2023-02-22,21.8,50.1,89,48.8,61.3,66.0,1,3,54.56
Paris,2023-02-23,20.7,60.7,60,40.5,48.7,63.6,1,3,49.36
Paris,2023-02-24,29.4,61.5,90,46.6,54.5,57.5,1,3,55.14
Paris,2023-02-25,14.0,69.6,95,47.9,58.9,59.3,0,3,49.96
Paris,2023-02-26,11.8,46.5,111,48.6,69.5,57.2,0,5,52.97
Paris,2023-02-27,21.8,58.8,107,39.3,63.0,53.6,1,1,50.12
Paris,2023-02-28,18.8,56.0,107,43.5,57.0,62.8,1,4,55.16
Paris,2023-03-01,29.6,59.5,108,43.5,56.4,66.7,1,4,57.86
Paris,2023-03-02,22.4,71.1,101,49.8,50.5,62.4,1,2,53.95
Paris,2023-03-03,14.1,79.2,78,53.8,73.7,69.5,1,5,66.12
Paris,2023-03-04,22.5,71.8,136,45.5,45.6,60.2,0,1,44.44
Paris,2023-03-05,29.2,70.0,71,43.4,49.0,65.4,0,5,48.0
Paris,2023-03-06,22.4,61.6,91,45.8,44.0,64.9,1,2,50.51
Paris,2023-03-07,20.5,62.6,68,52.8,80.4,64.3,1,1,58.22
Paris,2023-03-08,17.4,75.1,102,54.6,69.7,58.1,1,2,60.52
Paris,2023-03-09,33.9,63.0,111,51.2,60.7,66.1,1,5,63.85
Paris,2023-03-10,23.5,59.3,57,43.0,68.8,59.8,1,3,53.17
Paris,2023-03-11,22.4,69.6,100,43.4,65.8,55.3,0,3,46.63
Paris,2023-03-12,23.7,77.8,73,35.4,62.6,55.9,0,5,45.57
Paris,2023-03-13,26.7,70.5,79,52.3,78.3,56.6,1,2,59.76
Paris,2023-03-14,15.6,66.9,77,39.4,55.3,48.0,1,1,49.4
Paris,2023-03-15,8.7,61.6,77,30.2,53.4,55.0,1,5,53.3
Paris,2023-03-16,20.5,89.1,79,51.3,68.0,64.6,1,5,61.91
Paris,2023-03-17,15.1,62.1,85,40.1,35.3,64.1,1,1,48.6
Paris,2023-03-18,23.6,65.6,108,38.6,63.0,59.8,0,3,45.97
Paris,2023-03-19,27.0,67.8,95,38.4,77.4,55.9,0,6,51.58
Paris,2023-03-20,28.3,73.3,111,42.8,75.6,59.5,1,0,57.92
Paris,2023-03-21,19.2,77.2,84,46.1,65.4,60.8,1,1,55.48
Paris,2023-03-22,19.7,66.3,115,26.9,89.3,64.2,1,0,55.0
Paris,2023-03-23,21.2,71.7,86,49.9,91.8,49.8,1,3,60.35
Paris,2023-03-24,18.5,80.6,106,47.4,90.1,60.5,1,3,64.15
Paris,2023-03-25,22.8,62.8,68,44.4,42.3,66.8,0,3,42.1
Paris,2023-03-26,14.8,79.8,83,40.9,65.7,56.3,0,3,48.97
Paris,2023-03-27,27.4,57.9,86,44.9,53.9,47.6,1,1,49.79
Paris,2023-03-28,21.1,67.4,107,36.7,52.7,55.8,1,2,49.73
Paris,2023-03-29,37.5,72.9,75,55.2,72.9,59.2,1,1,63.44
Paris,2023-03-30,27.7,72.5,55,41.7,75.2,64.6,1,3,57.86
Paris,2023-03-31,21.9,62.9,90,56.8,53.3,60.4,1,0,52.96
Paris,2023-04-01,28.0,59.7,52,43.5,57.7,62.0,0,3,45.07
Paris,2023-04-02,23.0,55.2,101,52.0,58.5,72.2,0,3,49.37
Paris,2023-04-03,7.1,71.2,132,33.9,67.9,63.8,1,1,59.78
Paris,2023-04-04,26.1,86.6,73,60.9,64.1,56.4,1,2,60.35
Paris,2023-04-05,15.9,75.4,59,39.7,57.2,60.1,1,1,51.87
Paris,2023-04-06,18.1,51.6,47,45.2,45.1,65.1,1,4,50.49
Paris,2023-04-07,24.3,72.4,62,57.7,60.0,60.4,1,2,56.68
Paris,2023-04-08,14.7,62.6,91,51.3,66.9,66.1,0,1,50.89
Paris,2023-04-09,20.9,47.0,59,50.6,60.1,57.0,0,2,42.93
Paris,2023-04-10,24.8,59.8,123,37.5,67.2,55.3,1,1,52.7
Paris,2023-04-11,21.6,73.0,73,33.0,85.5,54.1,1,1,52.8
Paris,2023-04-12,19.2,50.9,100,22.5,79.7,64.8,1,2,51.5
Paris,2023-04-13,24.7,66.1,44,61.8,68.9,57.5,1,2,57.67
Paris,2023-04-14,19.6,63.8,96,41.9,66.5,64.6,1,0,53.5
Paris,2023-04-15,25.1,52.5,89,40.2,63.4,65.0,0,5,47.43
Paris,2023-04-16,29.1,70.7,57,46.6,50.5,48.8,0,4,44.79
Paris,2023-04-17,13.3,82.1,97,50.2,88.9,57.1,1,5,67.55
Paris,2023-04-18,21.5,76.1,55,31.0,53.2,58.7,1,3,47.72
Paris,2023-04-19,6.4,63.6,131,39.3,52.7,61.6,1,3,59.01
Paris,2023-04-20,41.9,60.5,79,37.3,58.2,57.8,1,1,56.04
Paris,2023-04-21,15.9,60.1,100,45.9,66.8,59.4,1,3,57.6
Paris,2023-04-22,18.2,58.9,103,35.5,48.4,59.8,0,4,43.01
Paris,2023-04-23,15.5,77.1,91,46.6,58.6,59.1,0,0,46.98
Paris,2023-04-24,28.9,58.3,63,35.1,59.9,60.3,1,2,50.78
Paris,2023-04-25,6.9,61.7,122,46.9,82.3,54.4,1,1,63.26
Paris,2023-04-26,10.6,66.7,66,52.6,66.3,66.4,1,1,59.97
Paris,2023-04-27,16.7,69.6,74,58.8,62.2,54.5,1,0,56.18
Paris,2023-04-28,12.5,52.2,87,46.7,65.3,57.5,1,1,55.41
Paris,2023-04-29,11.0,59.0,103,46.8,70.4,52.7,0,1,49.68
Paris,2023-04-30,21.5,68.4,114,44.8,59.1,55.2,0,0,43.79
Paris,2023-05-01,29.0,70.4,85,47.7,72.6,60.5,1,2,59.25
Paris,2023-05-02,39.6,50.3,79,51.0,61.4,57.4,1,1,58.45
Paris,2023-05-03,18.6,75.3,57,47.1,81.2,58.9,1,1,57.3
Paris,2023-05-04,16.6,71.7,64,48.4,62.5,59.3,1,2,55.64
Paris,2023-05-05,17.9,73.6,101,55.5,57.4,54.4,1,3,58.05
Paris,2023-05-06,30.8,53.2,96,45.3,64.4,57.4,0,3,48.77
Paris,2023-05-07,35.5,59.6,77,43.7,59.1,57.2,0,0,46.25
Paris,2023-05-08,22.3,69.4,95,46.6,49.4,60.1,1,1,51.1
Paris,2023-05-09,12.5,49.9,71,49.4,64.0,67.9,1,4,59.22
Paris,2023-05-10,11.5,65.2,47,44.5,74.8,58.9,1,2,57.52
Paris,2023-05-11,21.8,50.7,92,50.3,50.6,63.9,1,0,50.16
Paris,2023-05-12,16.4,55.0,95,38.1,56.1,59.5,1,2,51.51
Paris,2023-05-13,22.9,63.3,50,42.5,81.7,55.0,0,3,46.59
Paris,2023-05-14,10.1,60.9,61,54.8,47.2,54.5,0,5,49.35
Paris,2023-05-15,24.9,71.5,69,47.3,62.4,59.5,1,1,53.73
Paris,2023-05-16,27.8,45.7,75,50.1,48.7,61.0,1,4,53.44
Paris,2023-05-17,11.5,61.3,63,41.7,73.8,54.2,1,4,57.77
Paris,2023-05-18,8.9,75.5,93,41.7,74.1,53.5,1,3,60.83
Paris,2023-05-19,22.2,59.0,53,45.7,73.6,58.3,1,4,54.72
Paris,2023-05-20,29.2,67.1,66,36.9,71.8,53.2,0,1,44.75
Paris,2023-05-21,22.2,70.8,68,34.6,77.2,62.4,0,4,47.03
Paris,2023-05-22,16.5,57.0,91,39.1,97.1,61.8,1,5,62.83
Paris,2023-05-23,26.1,51.6,128,51.6,50.9,61.6,1,2,55.28
Paris,2023-05-24,30.4,52.9,66,45.3,48.0,56.9,1,2,50.81
Paris,2023-05-25,16.5,82.6,86,30.5,45.1,56.0,1,4,50.54
Paris,2023-05-26,16.3,74.3,97,49.6,56.6,65.8,1,4,59.65
Paris,2023-05-27,27.4,62.3,77,35.7,39.1,53.3,0,5,40.58
Paris,2023-05-28,21.3,56.2,80,48.0,70.8,59.6,0,5,49.11
Paris,2023-05-29,22.6,42.7,79,43.6,81.2,56.1,1,1,52.58
Paris,2023-05-30,13.4,73.0,58,52.7,82.1,65.2,1,2,62.92
Paris,2023-05-31,33.1,72.2,79,51.2,52.8,57.4,1,3,58.05
Paris,2023-06-01,20.3,68.0,96,15.0,67.7,59.4,1,1,46.31
Paris,2023-06-02,26.0,66.0,82,52.1,99.7,57.8,1,0,61.97
Paris,2023-06-03,13.8,88.1,100,60.7,78.5,51.1,0,2,57.35
Paris,2023-06-04,25.4,61.7,91,34.7,44.9,60.6,0,3,40.91
Paris,2023-06-05,9.4,70.5,101,48.9,62.5,53.9,1,2,59.38
Paris,2023-06-06,18.4,64.7,86,36.9,57.8,57.1,1,1,49.97
Paris,2023-06-07,19.0,62.5,91,41.1,88.2,53.8,1,0,55.58
Paris,2023-06-08,20.5,65.9,75,41.2,74.6,60.1,1,2,54.63
Paris,2023-06-09,8.1,56.9,84,43.3,47.9,65.1,1,2,55.23
Paris,2023-06-10,27.3,73.7,92,36.1,59.9,58.4,0,3,45.97
Paris,2023-06-11,5.8,63.0,78,52.8,50.8,53.6,0,3,50.46
Paris,2023-06-12,34.5,57.1,54,49.7,72.9,61.7,1,3,60.21
Paris,2023-06-13,20.8,87.4,56,55.9,40.9,67.3,1,3,55.09
Paris,2023-06-14,27.1,43.3,76,35.0,87.4,63.0,1,0,53.51
Paris,2023-06-15,16.4,66.6,74,46.2,61.2,56.3,1,1,53.44
Paris,2023-06-16,19.4,69.8,51,50.6,54.1,62.1,1,2,53.11
Paris,2023-06-17,30.9,64.1,76,44.3,93.4,61.8,0,2,54.35
Paris,2023-06-18,5.9,73.7,83,50.4,36.0,57.6,0,3,48.82
Paris,2023-06-19,6.0,59.9,92,37.7,64.3,56.8,1,3,57.87
Paris,2023-06-20,20.1,69.8,50,46.9,60.2,58.6,1,2,52.38
Paris,2023-06-21,25.5,51.1,63,22.6,67.0,60.4,1,1,45.84
Paris,2023-06-22,31.5,63.4,72,51.4,58.4,61.2,1,2,57.19
Paris,2023-06-23,18.0,76.1,117,42.8,55.3,65.6,1,1,55.46
Paris,2023-06-24,23.5,65.3,60,56.5,66.4,59.0,0,2,48.2
Paris,2023-06-25,26.5,79.2,96,59.4,64.6,59.2,0,6,56.44
Paris,2023-06-26,22.9,70.1,96,51.4,75.4,56.8,1,0,56.58
Paris,2023-06-27,20.7,55.1,96,35.4,28.9,50.0,1,2,41.99
Paris,2023-06-28,27.0,49.3,95,49.3,65.3,58.8,1,2,55.5
Paris,2023-06-29,13.3,73.3,58,37.9,63.9,59.5,1,3,55.05
Paris,2023-06-30,27.3,48.0,104,42.4,89.0,55.7,1,2,58.22
Paris,2023-07-01,33.7,70.2,93,50.4,100.0,58.5,0,5,61.87
Paris,2023-07-02,19.6,45.8,94,43.3,77.7,56.7,0,4,48.13
Paris,2023-07-03,29.9,50.9,67,39.2,83.9,56.0,1,2,55.86
Paris,2023-07-04,17.7,85.0,104,35.6,77.2,59.1,1,1,57.02
Paris,2023-07-05,18.7,65.1,69,53.1,56.3,56.2,1,2,53.91
Paris,2023-07-06,26.4,62.9,80,46.1,80.7,48.7,1,8,61.32
Paris,2023-07-07,24.0,61.3,79,38.7,71.9,61.4,1,1,52.71
Paris,2023-07-08,3.8,62.7,87,50.2,82.0,57.2,0,5,59.52
Paris,2023-07-09,23.4,60.7,81,58.7,68.1,57.1,0,3,50.21
Paris,2023-07-10,28.0,59.4,47,39.5,57.9,58.7,1,2,50.29
Paris,2023-07-11,7.1,72.2,51,41.1,77.3,56.5,1,1,58.45
Paris,2023-07-12,16.1,77.1,99,49.1,65.3,57.9,1,1,57.8
Paris,2023-07-13,20.0,57.1,81,45.4,57.7,63.7,1,1,51.79
Paris,2023-07-14,17.4,76.6,83,44.9,78.1,56.4,1,6,61.71
Paris,2023-07-15,11.1,64.0,120,34.0,91.9,67.7,0,4,56.9
Paris,2023-07-16,15.5,66.1,101,54.7,46.9,50.1,0,1,45.52
Paris,2023-07-17,26.2,66.2,86,51.4,52.9,57.8,1,1,53.52
Paris,2023-07-18,15.7,66.0,93,33.4,75.0,61.2,1,3,56.4
Paris,2023-07-19,22.2,60.9,84,49.3,100.0,51.8,1,3,60.73
Paris,2023-07-20,20.8,63.5,113,38.7,89.9,62.1,1,0,57.22
Paris,2023-07-21,19.2,61.3,62,50.8,70.1,58.8,1,3,56.35
Paris,2023-07-22,20.1,73.6,102,57.2,48.4,54.2,0,4,48.73
Paris,2023-07-23,15.2,79.0,93,49.8,44.4,62.5,0,1,46.85
Paris,2023-07-24,23.3,65.1,53,52.6,80.7,56.1,1,3,57.85
Paris,2023-07-25,2.6,71.3,91,39.8,62.7,57.2,1,2,59.84
Paris,2023-07-26,5.6,50.8,99,41.5,52.3,59.7,1,3,56.61
Paris,2023-07-27,15.2,68.9,140,49.7,61.0,52.9,1,2,58.66
Paris,2023-07-28,18.2,55.2,63,46.7,43.3,67.1,1,2,50.37
Paris,2023-07-29,32.4,74.2,71,48.1,79.4,59.8,0,1,52.81
Paris,2023-07-30,20.9,65.6,91,36.8,55.3,57.0,0,6,44.94
Paris,2023-07-31,18.7,61.0,91,24.4,75.6,54.7,1,5,52.71
Paris,2023-08-01,16.3,62.4,49,57.0,45.7,58.9,1,2,52.99
Paris,2023-08-02,27.7,64.2,68,50.7,53.5,58.2,1,1,53.03
Paris,2023-08-03,30.8,68.8,82,42.8,65.7,60.3,1,4,58.49
Paris,2023-08-04,19.0,57.6,82,51.9,75.6,61.0,1,4,59.68
Paris,2023-08-05,6.4,58.7,80,35.7,69.2,62.7,0,1,48.77
Paris,2023-08-06,14.3,69.6,99,29.5,67.6,60.9,0,2,46.16
Paris,2023-08-07,21.2,62.2,92,41.0,71.0,64.0,1,1,53.88
Paris,2023-08-08,34.4,72.7,67,47.7,45.5,53.2,1,4,55.64
Paris,2023-08-09,20.8,75.4,85,42.3,42.2,59.5,1,3,50.45
Paris,2023-08-10,11.9,59.0,71,44.8,63.4,58.7,1,0,53.94
Paris,2023-08-11,19.6,72.7,111,52.7,41.1,52.3,1,3,53.39
Paris,2023-08-12,30.3,66.0,73,48.0,77.6,65.1,0,2,52.6
Paris,2023-08-13,10.1,64.5,77,55.0,89.0,53.7,0,1,55.47
Paris,2023-08-14,26.2,73.8,48,52.7,42.8,56.4,1,1,50.45
Paris,2023-08-15,28.8,55.6,75,44.9,76.1,54.2,1,3,56.81
Paris,2023-08-16,36.6,67.0,70,39.1,77.1,59.1,1,2,59.47
Paris,2023-08-17,32.1,70.9,114,42.0,81.2,53.8,1,3,61.8
Paris,2023-08-18,25.5,54.9,89,45.2,83.8,55.8,1,2,57.19
Paris,2023-08-19,14.9,60.0,79,56.5,71.8,65.2,0,2,53.08
Paris,2023-08-20,32.4,75.2,107,49.0,57.8,67.2,0,3,53.56
Paris,2023-08-21,23.2,81.9,99,49.4,52.1,66.6,1,2,56.19
Paris,2023-08-22,12.6,68.5,118,47.7,72.7,54.8,1,1,59.83
Paris,2023-08-23,4.8,65.5,89,40.8,53.8,57.9,1,2,56.89
Paris,2023-08-24,9.3,67.9,86,39.1,70.3,68.2,1,2,59.83
Paris,2023-08-25,35.7,74.0,79,49.8,81.0,51.0,1,0,60.91
Paris,2023-08-26,14.5,80.2,84,49.0,72.6,60.9,0,4,54.47
Paris,2023-08-27,13.9,53.7,67,37.9,62.7,54.7,0,3,44.2
Paris,2023-08-28,16.4,71.2,57,49.6,82.1,66.1,1,3,61.62
Paris,2023-08-29,13.6,68.3,72,50.5,100.0,62.1,1,2,65.46
Paris,2023-08-30,29.3,55.2,124,45.7,65.7,54.0,1,3,57.56
Paris,2023-08-31,13.8,76.7,62,37.6,45.7,52.2,1,2,49.53
Paris,2023-09-01,10.2,55.7,70,48.5,47.1,56.4,1,2,53.33
Paris,2023-09-02,18.4,76.7,101,44.7,79.4,60.2,0,3,52.63
Paris,2023-09-03,12.5,69.6,58,57.3,83.4,53.0,0,6,57.61
Paris,2023-09-04,17.0,75.8,61,53.3,43.5,64.6,1,2,54.25
Paris,2023-09-05,13.9,52.9,90,59.4,58.8,63.5,1,1,58.36
Paris,2023-09-06,20.0,71.4,99,45.0,50.3,52.8,1,6,54.78
Paris,2023-09-07,21.9,49.7,101,55.4,62.7,52.3,1,6,57.27
Paris,2023-09-08,29.3,62.6,99,42.0,44.3,52.1,1,2,50.54
Paris,2023-09-09,34.3,87.4,104,29.3,53.7,45.0,0,4,46.05
Paris,2023-09-10,29.0,80.4,57,53.7,94.1,55.9,0,4,57.68
Paris,2023-09-11,19.9,62.4,74,36.0,79.5,55.4,1,3,53.98
Paris,2023-09-12,21.9,60.1,70,38.0,71.8,63.5,1,2,52.38
Paris,2023-09-13,28.6,68.4,61,51.9,62.5,47.9,1,1,53.76
Paris,2023-09-14,18.3,70.1,92,36.3,75.3,62.9,1,1,55.17
Paris,2023-09-15,20.1,80.1,90,46.0,72.1,61.2,1,1,57.14
Paris,2023-09-16,20.9,70.9,88,41.0,62.1,64.0,0,4,47.41
Paris,2023-09-17,9.9,75.3,115,41.4,63.7,56.3,0,3,51.82
Paris,2023-09-18,-0.7,58.3,74,46.3,46.4,65.8,1,4,60.71
Paris,2023-09-19,17.4,79.1,58,43.0,52.1,59.2,1,2,52.13
Paris,2023-09-20,31.6,71.3,67,50.0,67.2,62.9,1,6,62.77
Paris,2023-09-21,26.7,80.8,52,55.5,70.6,64.4,1,1,59.3
Paris,2023-09-22,22.7,74.8,58,41.8,47.0,61.1,1,4,50.82
Paris,2023-09-23,18.5,64.1,77,43.2,53.4,65.9,0,1,43.81
Paris,2023-09-24,21.6,65.6,78,34.8,79.1,66.1,0,4,48.15
Paris,2023-09-25,20.5,70.2,106,45.7,55.6,60.0,1,4,55.7
Paris,2023-09-26,22.7,48.4,54,51.1,59.5,60.8,1,0,49.67
Paris,2023-09-27,19.0,70.2,82,55.1,68.2,56.1,1,2,57.84
Paris,2023-09-28,18.1,76.4,109,48.6,59.5,54.3,1,2,56.33
Paris,2023-09-29,36.0,73.3,59,36.9,44.5,58.8,1,3,52.97
Paris,2023-09-30,23.4,65.4,99,31.7,73.7,65.9,0,2,45.93
Paris,2023-10-01,28.3,54.1,106,43.5,59.8,52.5,0,2,45.2
Paris,2023-10-02,12.2,57.5,75,37.6,60.3,64.3,1,6,57.29
Paris,2023-10-03,24.7,67.3,77,39.4,48.8,65.8,1,4,52.35
Paris,2023-10-04,19.9,54.3,90,59.0,51.2,65.2,1,0,53.95
Paris,2023-10-05,14.3,71.9,107,48.7,69.3,53.8,1,2,59.21
Paris,2023-10-06,-2.0,74.5,68,37.0,61.0,53.0,1,0,57.33
Paris,2023-10-07,18.9,34.5,89,46.1,79.4,57.9,0,3,47.6
Paris,2023-10-08,29.1,78.0,120,40.7,72.9,51.8,0,3,51.19
Paris,2023-10-09,19.1,52.1,86,52.5,65.9,65.1,1,3,57.46
Paris,2023-10-10,9.8,67.3,87,48.8,59.7,61.2,1,0,57.28
Paris,2023-10-11,21.7,44.0,74,55.2,53.3,52.0,1,3,50.89
Paris,2023-10-12,24.2,79.9,98,38.6,93.4,56.3,1,1,58.94
Paris,2023-10-13,23.8,74.0,77,56.8,56.2,53.8,1,3,56.02
Paris,2023-10-14,27.2,72.8,90,41.6,84.5,59.7,0,3,52.35
Paris,2023-10-15,40.5,69.9,101,52.2,66.8,51.5,0,6,58.42
Paris,2023-10-16,25.3,73.1,85,38.9,67.9,62.9,1,1,54.27
Paris,2023-10-17,30.7,81.9,83,49.8,70.6,48.1,1,3,59.8
Paris,2023-10-18,14.2,60.3,96,55.6,84.5,62.3,1,2,63.96
Paris,2023-10-19,25.5,66.6,87,48.6,58.8,65.6,1,4,57.61
Paris,2023-10-20,15.6,54.1,88,33.4,74.3,64.3,1,3,55.4
Paris,2023-10-21,19.6,64.8,65,34.3,58.1,62.2,0,4,43.17
Paris,2023-10-22,20.1,57.2,61,43.5,74.8,58.9,0,4,47.32
Paris,2023-10-23,23.2,47.9,63,47.4,56.9,57.8,1,3,50.72
Paris,2023-10-24,32.0,68.2,102,52.0,59.6,58.1,1,2,59.25
Paris,2023-10-25,24.0,67.9,75,49.0,65.7,60.6,1,2,55.47
Paris,2023-10-26,31.0,65.0,107,56.2,78.8,63.0,1,4,66.34
Paris,2023-10-27,18.3,39.8,85,44.3,50.1,64.0,1,0,48.34
Paris,2023-10-28,26.8,50.4,83,55.4,61.0,56.9,0,3,48.26
Paris,2023-10-29,25.6,49.0,107,44.8,80.7,65.2,0,1,49.62
Paris,2023-10-30,13.7,65.2,78,44.5,56.5,64.6,1,0,53.79
Paris,2023-10-31,27.1,53.6,72,47.7,56.2,65.3,1,4,55.38
Paris,2023-11-01,9.9,65.7,56,42.2,69.2,53.9,1,2,56.01
Paris,2023-11-02,37.2,58.1,62,43.5,54.6,64.5,1,0,54.41
Paris,2023-11-03,17.1,65.4,105,38.6,67.7,63.0,1,1,55.0
Paris,2023-11-04,7.9,81.8,93,40.4,55.8,53.8,0,1,48.19
Paris,2023-11-05,12.7,57.3,97,41.9,46.6,59.3,0,3,45.28
Paris,2023-11-06,14.3,66.4,81,55.0,64.7,60.0,1,1,58.42
Paris,2023-11-07,24.1,69.1,85,29.7,53.6,59.9,1,4,49.87
Paris,2023-11-08,23.5,72.0,82,54.9,65.8,58.2,1,2,57.33
Paris,2023-11-09,37.0,64.1,100,50.9,80.7,62.0,1,0,63.64
Paris,2023-11-10,17.0,76.1,31,53.9,37.7,58.0,1,1,49.76
Paris,2023-11-11,11.6,63.6,71,41.9,73.2,60.1,0,5,52.18
Paris,2023-11-12,25.9,67.9,78,56.9,81.8,58.9,0,0,51.86
Paris,2023-11-13,17.2,46.0,82,39.0,52.5,54.3,1,3,49.08
Paris,2023-11-14,20.0,72.7,71,57.6,73.8,53.4,1,2,58.47
Paris,2023-11-15,15.8,72.8,60,57.5,43.0,58.3,1,2,54.29
Paris,2023-11-16,21.6,64.3,53,41.2,67.0,61.2,1,4,53.24
Paris,2023-11-17,15.1,52.4,60,36.3,83.7,61.2,1,1,54.49
Paris,2023-11-18,12.4,56.4,63,30.0,72.8,58.4,0,6,47.82
Paris,2023-11-19,17.0,72.2,87,43.1,88.2,53.0,0,7,55.38
Paris,2023-11-20,13.3,77.4,78,37.1,67.0,60.7,1,3,57.09
Paris,2023-11-21,13.2,67.3,65,40.3,79.8,59.7,1,5,60.36
Paris,2023-11-22,22.9,74.1,70,34.1,72.5,62.5,1,3,53.79
Paris,2023-11-23,29.4,75.2,85,54.5,47.9,61.9,1,3,57.87
Paris,2023-11-24,18.0,45.4,59,54.3,59.0,64.3,1,0,52.36
Paris,2023-11-25,24.6,76.7,71,54.0,67.1,58.1,0,5,52.12
Paris,2023-11-26,24.1,57.7,85,49.5,56.1,60.4,0,4,46.88
Paris,2023-11-27,19.7,56.8,96,50.6,78.6,61.8,1,1,57.9
Paris,2023-11-28,11.3,68.3,105,42.9,65.1,59.1,1,1,57.54
Paris,2023-11-29,5.3,67.4,72,49.9,64.5,58.1,1,0,59.06
Paris,2023-11-30,27.4,51.4,62,38.4,94.7,60.4,1,1,56.57
Paris,2023-12-01,26.2,85.0,52,36.4,59.9,57.5,1,1,50.86
Paris,2023-12-02,36.2,52.3,86,49.5,43.2,66.2,0,2,47.97
Paris,2023-12-03,26.4,70.5,66,38.6,92.7,68.1,0,2,52.05
Paris,2023-12-04,9.0,74.2,111,48.9,20.0,64.6,1,1,53.03
Paris,2023-12-05,14.1,81.8,86,41.8,85.1,63.4,1,1,61.33
Paris,2023-12-06,21.8,50.3,99,44.8,97.3,66.0,1,3,61.14
Paris,2023-12-07,3.6,73.4,81,41.3,65.3,66.8,1,3,62.57
Paris,2023-12-08,16.1,72.5,95,43.9,68.2,50.8,1,0,54.18
Paris,2023-12-09,25.2,66.8,83,53.2,78.3,68.5,0,1,52.48
Paris,2023-12-10,21.5,40.9,91,63.2,80.4,65.3,0,5,55.18
Paris,2023-12-11,27.8,37.4,79,29.4,63.2,67.4,1,1,48.53
Paris,2023-12-12,25.3,74.9,102,45.3,73.6,61.6,1,1,57.92
Paris,2023-12-13,12.8,79.4,127,44.3,86.0,57.5,1,0,62.62
Paris,2023-12-14,14.2,69.5,79,48.3,66.6,66.2,1,0,57.47
Paris,2023-12-15,26.5,66.6,73,37.8,39.7,56.7,1,3,48.11
Paris,2023-12-16,15.2,59.9,107,25.2,46.6,59.2,0,1,38.69
Paris,2023-12-17,20.0,48.0,73,52.7,47.6,64.4,0,4,45.11
Paris,2023-12-18,18.6,57.2,92,32.8,49.0,64.6,1,3,49.51
Paris,2023-12-19,26.8,51.2,52,36.0,50.7,52.5,1,2,45.72
Paris,2023-12-20,17.8,72.4,66,53.2,59.6,59.6,1,1,55.27
Paris,2023-12-21,13.2,58.9,113,54.0,71.8,55.7,1,1,60.1
Paris,2023-12-22,17.6,67.8,95,45.1,73.5,63.7,1,3,59.28
Paris,2023-12-23,20.3,66.8,75,55.0,55.9,65.9,0,3,48.75
Paris,2023-12-24,4.0,70.4,60,37.2,73.3,56.9,0,2,50.95
Paris,2023-12-25,21.3,79.8,75,57.4,66.3,57.9,1,3,58.94
Paris,2023-12-26,19.7,82.9,75,34.3,53.5,55.6,1,0,48.06
Paris,2023-12-27,2.6,51.5,107,48.2,92.0,58.8,1,3,67.97
Paris,2023-12-28,13.3,69.1,86,50.8,93.1,61.9,1,3,65.85
Paris,2023-12-29,27.2,57.1,81,39.4,64.4,55.5,1,0,50.51
Paris,2023-12-30,30.9,82.8,90,55.7,59.0,55.9,0,0,50.49
Paris,2023-12-31,21.6,40.8,83,50.4,54.3,63.3,0,2,43.1
Paris,2024-01-01,19.2,66.2,91,49.3,80.9,60.7,1,1,58.74
Paris,2024-01-02,16.1,57.7,103,43.8,67.7,60.7,1,5,58.9
Paris,2024-01-03,20.8,51.1,35,46.1,60.8,53.3,1,1,47.54
Paris,2024-01-04,15.3,67.7,86,51.4,82.4,62.2,1,1,61.32
Paris,2024-01-05,7.2,60.3,32,42.2,57.0,62.5,1,4,56.04
Paris,2024-01-06,18.8,63.5,93,36.2,68.4,57.4,0,1,44.02
Paris,2024-01-07,4.0,54.2,67,58.4,71.8,60.4,0,1,55.02
Paris,2024-01-08,10.5,61.7,110,34.5,56.2,63.6,1,2,54.99
Paris,2024-01-09,15.1,63.2,113,48.3,43.3,49.8,1,2,52.3
Paris,2024-01-10,21.6,55.5,96,50.8,77.8,62.8,1,0,56.25
Paris,2024-01-11,6.9,67.1,109,61.7,72.6,52.2,1,2,65.75
Paris,2024-01-12,24.7,54.4,84,54.1,71.7,59.5,1,4,58.95
Paris,2024-01-13,3.4,63.6,93,47.3,45.9,61.7,0,8,55.31
Paris,2024-01-14,10.3,94.2,115,40.4,74.7,52.0,0,7,58.08
Paris,2024-01-15,21.0,68.4,66,31.8,44.8,62.0,1,2,45.94
Paris,2024-01-16,26.2,69.3,99,50.2,67.8,62.9,1,3,59.71
Paris,2024-01-17,18.5,69.9,77,42.9,61.7,52.3,1,3,53.24
Paris,2024-01-18,15.2,69.0,78,52.3,47.1,61.2,1,1,54.11
Paris,2024-01-19,22.0,64.6,107,45.7,82.1,63.2,1,1,57.92
Paris,2024-01-20,26.7,67.4,84,46.1,74.1,57.1,0,4,50.88
Paris,2024-01-21,21.6,65.1,112,25.4,72.2,57.6,0,2,42.63
Paris,2024-01-22,19.6,79.8,95,39.0,46.5,58.6,1,1,50.02
Paris,2024-01-23,19.6,61.7,87,61.1,40.0,63.7,1,2,54.37
Paris,2024-01-24,4.5,66.1,104,45.2,77.0,61.1,1,3,65.07
Paris,2024-01-25,40.5,79.2,86,37.3,52.8,58.1,1,0,55.81
Paris,2024-01-26,19.0,74.0,66,48.4,60.0,59.3,1,4,56.14
Paris,2024-01-27,35.6,75.4,103,37.5,86.8,54.9,0,3,55.15
Paris,2024-01-28,20.7,71.9,99,48.9,62.0,49.8,0,2,46.13
Paris,2024-01-29,17.0,66.5,61,41.2,73.6,60.7,1,0,53.57
Paris,2024-01-30,22.0,66.8,84,48.1,47.0,53.2,1,2,49.74
Paris,2024-01-31,17.4,66.1,96,38.1,69.7,54.9,1,6,57.52
Paris,2024-02-01,18.8,66.8,76,49.8,80.8,54.0,1,2,58.03
Paris,2024-02-02,15.9,63.0,78,49.6,85.3,64.7,1,2,61.57
Paris,2024-02-03,8.4,76.7,94,50.8,60.4,62.8,0,1,52.98
Paris,2024-02-04,14.2,51.5,82,50.4,80.2,59.8,0,3,52.52
Paris,2024-02-05,32.9,62.2,101,55.9,68.2,60.3,1,3,62.96
Paris,2024-02-06,34.4,51.9,56,51.5,58.9,63.3,1,2,56.89
Paris,2024-02-07,23.5,61.0,80,55.5,39.9,64.1,1,0,50.44
Paris,2024-02-08,22.6,42.1,83,43.3,61.8,60.5,1,1,49.51
Paris,2024-02-09,22.8,68.4,61,43.0,60.6,61.6,1,1,51.02
Paris,2024-02-10,32.9,38.4,79,29.1,65.0,63.2,0,3,43.91
Paris,2024-02-11,30.9,69.0,72,49.3,90.2,52.3,0,3,54.56
Paris,2024-02-12,19.7,77.6,42,52.9,62.7,53.5,1,4,55.84
Paris,2024-02-13,24.1,66.5,125,49.8,86.5,63.5,1,4,64.45
Paris,2024-02-14,16.6,67.6,75,50.4,84.2,57.0,1,2,60.26
Paris,2024-02-15,31.5,71.9,96,48.3,61.8,51.2,1,2,57.3
Paris,2024-02-16,27.5,67.2,118,38.1,42.3,66.1,1,1,51.4
Paris,2024-02-17,31.2,67.2,69,55.2,67.6,57.9,0,1,50.74
Paris,2024-02-18,33.1,61.2,71,37.8,83.2,61.1,0,2,50.73
Paris,2024-02-19,14.1,72.7,83,49.1,50.2,54.0,1,0,52.79
Paris,2024-02-20,28.3,72.2,84,41.5,56.6,65.4,1,2,55.0
Paris,2024-02-21,9.8,64.7,96,44.3,58.2,60.7,1,1,56.63
Paris,2024-02-22,21.6,68.9,107,52.4,56.6,57.9,1,7,59.32
Paris,2024-02-23,29.7,74.0,50,45.6,61.5,61.2,1,3,56.32
Paris,2024-02-24,14.0,67.7,98,24.6,75.0,57.2,0,4,47.16
Paris,2024-02-25,19.9,59.3,99,36.3,73.4,69.3,0,4,49.11
Paris,2024-02-26,16.3,55.8,62,51.3,62.4,61.0,1,2,55.12
Paris,2024-02-27,33.5,83.2,70,30.5,90.5,63.6,1,3,61.74
Paris,2024-02-28,19.5,56.5,44,39.0,21.9,56.9,1,0,39.16
Paris,2024-02-29,14.1,58.2,62,41.1,70.4,61.1,1,2,55.05
Paris,2024-03-01,11.3,67.6,80,45.7,46.6,53.4,1,3,54.01
Paris,2024-03-02,14.3,65.8,103,42.2,61.3,66.2,0,3,49.96
Paris,2024-03-03,11.4,62.2,84,44.7,69.4,64.6,0,3,51.87
Paris,2024-03-04,11.4,58.7,56,28.7,69.1,62.0,1,1,51.52
Paris,2024-03-05,19.1,59.3,82,56.1,52.6,57.6,1,0,52.46
Paris,2024-03-06,13.2,62.9,78,38.1,44.5,59.1,1,2,50.3
Paris,2024-03-07,8.9,78.3,66,66.1,74.5,56.2,1,1,65.39
Paris,2024-03-08,17.5,66.5,116,52.6,78.1,57.5,1,3,62.16
Paris,2024-03-09,15.5,71.4,109,43.9,54.7,53.8,0,3,47.37
Paris,2024-03-10,24.3,60.3,118,35.9,75.2,52.9,0,3,46.76
Paris,2024-03-11,28.3,62.2,84,55.1,46.7,62.8,1,1,54.56
Paris,2024-03-12,24.3,53.2,68,50.3,61.1,55.4,1,1,51.47
Paris,2024-03-13,10.5,41.1,90,45.3,73.1,65.1,1,1,57.72
Paris,2024-03-14,22.7,59.3,53,35.8,64.4,64.0,1,2,49.7
Paris,2024-03-15,19.6,70.3,98,53.0,100.0,60.8,1,4,66.74
Paris,2024-03-16,23.5,75.9,92,53.2,51.2,56.0,0,1,45.56
Paris,2024-03-17,26.8,50.8,79,40.5,53.9,52.1,0,1,40.06
Paris,2024-03-18,35.2,89.9,61,29.8,47.0,58.7,1,2,52.06
Paris,2024-03-19,26.8,77.9,110,36.7,83.1,52.9,1,2,58.04
Paris,2024-03-20,14.6,66.2,72,37.2,69.3,48.4,1,2,52.61
Paris,2024-03-21,41.6,57.7,75,46.3,34.1,67.2,1,0,53.93
Paris,2024-03-22,22.4,62.7,93,59.8,48.9,60.2,1,3,55.64
Paris,2024-03-23,25.4,75.5,85,38.6,73.4,54.2,0,3,47.65
Paris,2024-03-24,20.4,64.2,103,49.9,75.4,56.7,0,2,49.83
Paris,2024-03-25,20.8,75.8,86,38.9,65.6,57.3,1,2,53.06
Paris,2024-03-26,14.3,60.0,86,44.7,88.7,57.0,1,0,58.61
Paris,2024-03-27,29.8,46.5,86,58.1,88.9,59.5,1,1,62.37
Paris,2024-03-28,12.1,60.6,84,48.8,77.8,58.4,1,3,61.16
Paris,2024-03-29,17.3,72.0,49,48.7,96.7,54.4,1,4,62.4
Paris,2024-03-30,9.0,49.9,80,49.2,74.0,52.7,0,3,51.52
Paris,2024-03-31,11.9,84.4,90,43.8,47.8,52.4,0,2,46.64
Paris,2024-04-01,25.4,49.0,112,32.5,57.6,55.5,1,1,48.04
Paris,2024-04-02,33.7,46.9,37,38.0,61.5,62.8,1,2,51.81
Paris,2024-04-03,12.7,71.9,94,46.7,79.2,53.1,1,1,59.65
Paris,2024-04-04,22.5,50.6,73,47.7,57.0,67.2,1,0,50.47
Paris,2024-04-05,24.6,68.6,107,37.5,67.2,57.5,1,0,52.29
Paris,2024-04-06,33.8,80.4,73,43.2,65.8,62.2,0,3,52.05
Paris,2024-04-07,17.9,69.0,87,40.2,80.2,46.4,0,5,49.49
Paris,2024-04-08,3.5,82.0,63,52.3,79.2,58.4,1,1,65.26
Paris,2024-04-09,21.7,74.4,59,53.2,85.2,57.7,1,1,58.36
Paris,2024-04-10,14.9,63.2,68,48.7,74.6,57.2,1,2,57.77
Paris,2024-04-11,32.4,72.5,89,48.4,73.8,60.9,1,1,60.65
Paris,2024-04-12,21.3,69.2,70,53.7,56.6,58.8,1,3,54.82
Paris,2024-04-13,15.9,55.0,97,41.0,67.2,52.1,0,4,47.14
Paris,2024-04-14,13.5,70.8,72,49.7,66.1,69.2,0,1,51.19
Paris,2024-04-15,27.8,78.1,61,40.7,69.9,52.8,1,4,56.19
Paris,2024-04-16,10.9,72.3,100,37.3,57.0,65.1,1,3,57.44
Paris,2024-04-17,20.2,64.7,102,61.4,74.9,59.9,1,4,63.28
Paris,2024-04-18,30.4,83.1,84,36.1,38.3,63.0,1,1,50.52
Paris,2024-04-19,28.6,63.4,53,34.9,51.2,58.4,1,1,47.72
Paris,2024-04-20,29.6,65.1,126,53.3,69.4,58.6,0,3,54.42
Paris,2024-04-21,24.3,68.2,73,36.7,92.9,62.2,0,5,52.34
Paris,2024-04-22,19.0,57.5,82,39.6,49.9,50.9,1,4,49.4
Paris,2024-04-23,30.7,66.8,70,27.2,77.2,61.1,1,3,54.99
Paris,2024-04-24,36.6,57.1,104,29.8,53.4,56.3,1,1,51.52
Paris,2024-04-25,33.0,61.6,125,53.4,34.9,57.3,1,1,54.6
Paris,2024-04-26,29.8,73.6,126,41.3,71.6,57.2,1,3,60.17
Paris,2024-04-27,27.0,64.4,99,54.4,52.1,59.2,0,1,47.27
Paris,2024-04-28,27.9,62.6,92,48.9,61.0,51.7,0,4,48.46
Paris,2024-04-29,5.8,67.3,91,48.5,79.1,64.6,1,4,66.83
Paris,2024-04-30,17.2,64.2,75,48.0,48.0,65.9,1,2,53.37
Paris,2024-05-01,10.6,53.0,96,52.5,63.4,48.9,1,0,55.59
Paris,2024-05-02,15.7,72.6,87,52.3,47.0,60.2,1,0,53.72
Paris,2024-05-03,8.0,89.7,51,40.7,80.4,55.4,1,2,61.0
Paris,2024-05-04,19.5,66.6,47,36.1,78.7,53.5,0,2,43.91
Paris,2024-05-05,12.0,49.7,52,34.8,64.2,55.9,0,2,42.62
Paris,2024-05-06,2.0,60.1,95,45.7,76.6,64.4,1,1,64.02
Paris,2024-05-07,28.0,66.0,80,53.3,53.1,55.3,1,0,53.21
Paris,2024-05-08,16.1,72.1,105,40.9,63.4,53.8,1,0,53.39
Paris,2024-05-09,15.2,64.2,111,45.7,66.6,69.2,1,3,60.45
Paris,2024-05-10,12.8,61.7,71,36.7,33.1,61.0,1,3,48.52
Paris,2024-05-11,19.0,50.3,75,30.7,58.1,66.5,0,3,41.39
Paris,2024-05-12,16.4,49.5,46,41.8,77.2,61.2,0,4,47.69
Paris,2024-05-13,13.3,51.0,70,62.8,88.0,62.9,1,0,63.26
Paris,2024-05-14,14.2,59.7,83,34.0,51.7,63.7,1,4,52.62
Paris,2024-05-15,14.4,70.1,68,59.0,64.0,62.9,1,0,58.77
Paris,2024-05-16,31.6,64.1,88,45.7,66.4,65.1,1,1,57.96
Paris,2024-05-17,26.7,51.4,93,57.9,61.5,63.3,1,2,57.92
Paris,2024-05-18,32.7,72.4,122,47.1,72.5,58.1,0,1,53.31
Paris,2024-05-19,19.1,56.5,83,44.8,64.7,58.5,0,5,47.91
Paris,2024-05-20,13.9,59.8,84,54.2,46.9,54.1,1,3,54.93
Paris,2024-05-21,22.7,72.9,83,39.3,68.5,61.1,1,1,52.95
Paris,2024-05-22,9.2,52.3,49,47.3,76.1,51.9,1,4,58.67
Paris,2024-05-23,4.3,48.1,83,32.6,35.4,55.3,1,4,50.32
Paris,2024-05-24,17.5,76.3,67,50.2,76.8,56.2,1,3,59.49
Paris,2024-05-25,20.5,77.7,82,50.5,41.0,48.3,0,3,42.73
Paris,2024-05-26,16.9,65.2,85,39.9,64.7,64.3,0,1,46.09
Paris,2024-05-27,22.4,70.9,89,58.2,49.2,71.5,1,6,60.36
Paris,2024-05-28,28.5,58.3,84,55.9,64.1,63.4,1,1,58.04
Paris,2024-05-29,10.4,62.2,91,30.9,93.9,64.3,1,3,61.67
Paris,2024-05-30,23.3,75.4,73,37.4,56.9,61.4,1,2,50.99
Paris,2024-05-31,13.5,69.3,50,38.1,80.4,62.5,1,2,57.24
Paris,2024-06-01,32.8,93.6,56,50.1,64.7,57.8,0,2,52.18
Paris,2024-06-02,6.6,46.0,112,47.2,58.2,58.9,0,2,50.2
Paris,2024-06-03,15.0,73.8,76,44.7,74.3,63.7,1,1,58.4
Paris,2024-06-04,12.0,78.8,84,35.0,51.0,64.8,1,0,52.47
Paris,2024-06-05,15.8,72.0,122,46.0,81.4,52.3,1,3,61.59
Paris,2024-06-06,9.9,73.3,82,37.7,65.2,50.8,1,1,54.58
Paris,2024-06-07,18.5,47.7,47,38.2,64.4,54.1,1,4,49.9
Paris,2024-06-08,10.5,63.8,62,43.2,50.8,52.9,0,4,45.88
Paris,2024-06-09,19.3,71.8,82,56.8,47.4,58.5,0,2,46.62
Paris,2024-06-10,20.7,85.6,76,62.3,72.1,55.6,1,3,61.95
Paris,2024-06-11,24.2,71.4,97,47.4,75.8,56.2,1,3,58.66
Paris,2024-06-12,21.7,73.8,113,45.3,68.2,46.1,1,1,53.35
Paris,2024-06-13,16.8,58.3,67,36.7,72.9,50.0,1,2,51.57
Paris,2024-06-14,16.9,58.4,81,50.6,69.5,59.1,1,5,59.51
Paris,2024-06-15,10.0,50.8,82,45.7,68.5,57.4,0,5,51.68
Paris,2024-06-16,11.2,68.6,78,44.8,82.0,68.5,0,3,55.55
Paris,2024-06-17,28.0,57.1,79,57.9,59.1,67.8,1,4,60.26
Paris,2024-06-18,10.5,77.8,64,54.3,89.6,54.2,1,1,64.0
Paris,2024-06-19,29.3,69.8,78,50.8,60.6,59.7,1,5,59.74
Paris,2024-06-20,27.6,55.6,74,43.7,58.6,52.3,1,1,50.47
Paris,2024-06-21,18.9,79.7,80,45.1,67.7,58.3,1,0,54.62
Paris,2024-06-22,18.5,62.9,80,56.4,71.6,54.8,0,3,50.9
Paris,2024-06-23,24.2,77.2,84,51.4,62.9,55.8,0,5,50.69
Paris,2024-06-24,23.3,55.2,101,34.2,56.3,63.8,1,2,49.77
Paris,2024-06-25,14.1,69.0,58,54.8,65.0,52.5,1,2,57.13
Paris,2024-06-26,18.1,66.8,84,33.3,69.2,58.9,1,3,53.46
Paris,2024-06-27,19.6,47.2,88,49.0,82.6,63.6,1,2,58.07
Paris,2024-06-28,16.3,54.1,92,51.0,59.8,59.2,1,2,55.58
Paris,2024-06-29,13.6,70.9,115,55.7,59.2,66.9,0,4,55.67
Paris,2024-06-30,24.5,84.7,72,48.8,69.6,58.1,0,2,49.54
Paris,2024-07-01,11.5,56.8,48,38.5,85.5,65.0,1,4,59.92
Paris,2024-07-02,22.1,76.8,81,49.4,63.4,52.4,1,3,54.94
Paris,2024-07-03,24.7,57.1,113,59.5,75.0,68.3,1,3,63.57
Paris,2024-07-04,-5.1,62.8,69,43.5,46.6,58.2,1,2,58.96
Paris,2024-07-05,19.4,66.6,110,47.0,73.5,59.1,1,4,59.74
Paris,2024-07-06,22.9,70.9,74,43.4,51.8,56.6,0,4,43.9
Paris,2024-07-07,13.8,63.0,102,49.2,51.9,68.1,0,3,50.28
Paris,2024-07-08,19.1,63.7,94,30.3,60.5,57.2,1,1,48.69
Paris,2024-07-09,31.3,59.6,76,51.1,72.7,55.4,1,2,58.67
Paris,2024-07-10,14.8,81.6,79,51.3,49.2,58.2,1,1,55.25
Paris,2024-07-11,19.7,61.7,104,40.4,69.0,57.0,1,2,54.07
Paris,2024-07-12,16.2,71.6,75,37.3,40.1,54.3,1,7,52.03
Paris,2024-07-13,24.1,64.9,71,34.9,89.8,63.0,0,2,48.31
Paris,2024-07-14,3.2,64.5,62,49.2,71.2,58.5,0,2,53.97
Paris,2024-07-15,22.7,54.0,119,28.3,66.9,59.8,1,3,50.93
Paris,2024-07-16,21.2,82.0,71,43.5,75.9,53.0,1,0,53.68
Paris,2024-07-17,31.0,70.2,74,41.6,65.2,56.6,1,2,55.61
Paris,2024-07-18,31.8,62.6,59,51.0,55.4,59.2,1,1,54.71
Paris,2024-07-19,19.8,64.0,90,46.6,49.7,67.4,1,2,53.28
Paris,2024-07-20,23.5,33.0,110,36.9,65.7,52.2,0,6,44.0
Paris,2024-07-21,31.4,61.6,68,43.7,53.9,67.1,0,5,49.25
Paris,2024-07-22,30.4,63.4,56,55.9,67.6,59.0,1,5,61.17
Paris,2024-07-23,15.1,62.5,104,29.3,75.5,60.9,1,1,54.04
Paris,2024-07-24,33.3,75.1,86,34.8,56.3,57.9,1,0,52.49
Paris,2024-07-25,24.9,78.8,102,54.1,56.0,51.7,1,3,57.03
Paris,2024-07-26,28.1,79.9,59,51.9,31.3,60.4,1,1,50.57
Paris,2024-07-27,25.6,49.7,95,36.5,59.1,63.3,0,1,42.14
Paris,2024-07-28,22.6,73.0,82,57.7,60.0,65.2,0,5,52.34
Paris,2024-07-29,22.1,64.8,72,45.0,86.2,62.9,1,2,57.65
Paris,2024-07-30,24.9,59.1,60,36.0,57.4,66.4,1,0,48.31
Paris,2024-07-31,11.8,67.4,111,47.9,80.4,52.4,1,2,61.71
Paris,2024-08-01,25.6,68.5,84,43.1,75.9,59.0,1,8,61.74
Paris,2024-08-02,10.6,67.4,40,24.5,59.8,70.9,1,3,52.11
Paris,2024-08-03,33.3,76.4,83,57.5,57.3,53.1,0,3,52.64
Paris,2024-08-04,13.0,64.2,80,56.5,98.6,64.4,0,6,62.82
Paris,2024-08-05,14.4,70.2,60,41.1,33.4,52.3,1,0,45.43
Paris,2024-08-06,22.1,67.4,92,48.3,91.9,67.3,1,2,61.75
Paris,2024-08-07,13.3,73.5,50,43.7,73.5,53.9,1,2,56.4
Paris,2024-08-08,6.5,57.7,56,49.1,42.1,66.2,1,1,54.39
Paris,2024-08-09,25.4,83.8,74,49.8,49.3,56.4,1,0,52.1
Paris,2024-08-10,35.2,59.1,71,56.6,89.4,58.3,0,6,60.67
Paris,2024-08-11,29.0,59.3,106,43.3,53.5,69.6,0,1,46.9
Paris,2024-08-12,23.4,54.1,57,43.3,43.4,56.6,1,3,47.08
Paris,2024-08-13,33.5,51.1,125,51.1,68.6,51.4,1,2,59.64
Paris,2024-08-14,19.9,54.1,78,43.8,49.5,74.8,1,0,50.47
Paris,2024-08-15,40.6,42.3,90,45.7,65.3,60.8,1,1,58.5
Paris,2024-08-16,35.9,68.5,53,47.9,62.6,55.9,1,4,59.07
Paris,2024-08-17,34.9,56.7,64,37.9,59.1,49.3,0,0,42.1
Paris,2024-08-18,16.7,65.9,39,61.0,53.5,53.2,0,1,45.58
Paris,2024-08-19,29.1,53.4,87,35.7,60.4,57.5,1,2,51.37
Paris,2024-08-20,13.7,70.7,99,45.5,55.8,59.4,1,1,55.5
Paris,2024-08-21,26.0,60.3,66,41.1,81.3,73.0,1,2,58.19
Paris,2024-08-22,14.0,60.7,61,54.4,57.5,51.3,1,6,58.01
Paris,2024-08-23,34.3,55.0,92,48.8,67.5,66.2,1,1,59.61
Paris,2024-08-24,13.8,76.0,77,26.3,43.1,59.2,0,3,40.63
Paris,2024-08-25,10.3,69.2,82,52.8,60.0,55.1,0,1,49.92
Paris,2024-08-26,3.7,69.7,85,52.6,76.7,64.4,1,3,67.38
Paris,2024-08-27,29.6,62.7,42,53.3,64.7,52.3,1,2,55.1
Paris,2024-08-28,16.0,62.3,95,46.7,71.1,63.3,1,0,56.78
Paris,2024-08-29,35.5,55.0,109,46.5,70.6,65.1,1,0,59.86
Paris,2024-08-30,9.7,58.8,105,32.6,85.9,57.5,1,0,57.46
Paris,2024-08-31,17.2,75.5,86,37.1,65.9,62.1,0,3,47.72
Paris,2024-09-01,26.8,70.1,42,43.7,63.6,69.2,0,7,50.98
Paris,2024-09-02,13.5,86.8,82,51.6,72.7,62.3,1,3,63.57
Paris,2024-09-03,23.4,82.5,95,43.5,86.1,59.7,1,3,60.9
Paris,2024-09-04,25.7,74.7,42,47.6,63.8,52.1,1,3,53.76
Paris,2024-09-05,22.6,58.5,74,43.0,31.7,48.7,1,2,43.32
Paris,2024-09-06,32.0,62.2,47,39.4,60.0,51.4,1,5,53.79
Paris,2024-09-07,12.7,51.7,61,38.4,76.8,61.8,0,1,46.76
Paris,2024-09-08,12.7,58.3,118,51.5,43.8,65.6,0,2,48.81
Paris,2024-09-09,23.0,62.4,105,40.4,79.8,59.0,1,3,56.97
Paris,2024-09-10,43.3,55.7,100,50.1,91.7,63.6,1,4,70.9
Paris,2024-09-11,24.0,59.8,34,33.0,55.5,61.2,1,1,45.43
Paris,2024-09-12,16.5,66.7,55,42.9,72.9,71.6,1,3,58.26
Paris,2024-09-13,13.3,66.4,89,43.4,79.6,58.5,1,1,58.73
Paris,2024-09-14,9.7,50.8,94,56.8,97.2,64.6,0,7,64.22
Paris,2024-09-15,22.1,65.2,105,44.9,71.1,52.9,0,3,47.35
Paris,2024-09-16,19.7,59.2,103,49.0,78.5,64.3,1,3,60.16
Paris,2024-09-17,21.2,47.6,111,38.1,66.0,62.8,1,2,52.17
Paris,2024-09-18,25.7,81.4,63,38.5,77.0,62.3,1,3,57.4
Paris,2024-09-19,24.2,49.7,94,50.1,52.8,57.9,1,2,51.92
Paris,2024-09-20,6.2,77.0,93,38.1,57.4,62.8,1,1,57.65
Paris,2024-09-21,30.2,66.1,77,31.9,60.2,53.3,0,0,41.09
Paris,2024-09-22,22.1,71.1,98,42.2,62.7,60.8,0,4,47.43
Paris,2024-09-23,19.3,65.9,83,60.6,79.8,62.9,1,6,65.74
Paris,2024-09-24,29.4,60.0,84,38.2,81.6,55.3,1,0,54.89
Paris,2024-09-25,19.2,80.5,75,48.6,81.3,62.3,1,3,61.22
Paris,2024-09-26,21.4,79.8,79,45.3,100.0,63.2,1,1,61.78
Paris,2024-09-27,26.3,57.0,76,35.5,69.4,50.9,1,3,51.5
Paris,2024-09-28,22.6,61.6,90,30.3,53.3,62.9,0,2,39.81
Paris,2024-09-29,35.3,52.5,83,37.9,99.6,60.3,0,1,53.68
Paris,2024-09-30,12.4,48.5,95,46.5,74.5,54.0,1,0,55.83
Paris,2024-10-01,20.3,51.2,97,48.5,79.1,61.7,1,2,57.52
Paris,2024-10-02,15.8,75.2,109,53.3,86.5,55.3,1,6,67.38
Paris,2024-10-03,15.0,69.9,81,49.9,64.8,52.8,1,2,56.69
Paris,2024-10-04,16.7,53.6,90,50.1,65.3,55.6,1,0,53.83
Paris,2024-10-05,4.2,71.2,81,45.6,57.0,55.9,0,3,51.73
Paris,2024-10-06,9.9,57.8,64,51.7,56.2,63.8,0,2,49.34
Paris,2024-10-07,11.2,64.6,69,57.5,71.3,55.9,1,0,59.4
Paris,2024-10-08,35.2,78.2,59,57.3,65.7,46.3,1,1,59.11
Paris,2024-10-09,16.5,84.1,56,34.3,63.5,54.9,1,1,51.2
Paris,2024-10-10,8.2,67.3,67,53.6,51.9,55.4,1,1,56.53
Paris,2024-10-11,8.5,70.2,72,51.5,65.9,67.6,1,0,60.46
Paris,2024-10-12,15.6,76.1,36,54.3,54.9,67.0,0,2,48.57
Paris,2024-10-13,17.9,48.3,86,37.7,61.6,57.6,0,6,45.73
Paris,2024-10-14,27.6,41.1,61,41.2,52.8,62.2,1,1,48.24
Paris,2024-10-15,21.9,62.7,105,48.0,100.0,53.5,1,2,61.02
Paris,2024-10-16,24.8,65.6,84,43.2,58.5,54.0,1,3,52.66
Paris,2024-10-17,23.5,49.8,108,42.3,73.4,60.0,1,5,57.22
Paris,2024-10-18,28.2,61.1,84,38.9,78.0,61.5,1,1,55.92
Paris,2024-10-19,18.4,66.3,68,55.5,55.2,69.6,0,1,48.09
Paris,2024-10-20,23.6,68.1,122,48.7,37.2,55.8,0,3,43.9
Paris,2024-10-21,12.6,67.5,69,55.8,52.6,52.5,1,2,55.91
Paris,2024-10-22,6.9,54.9,72,45.0,82.9,67.2,1,1,61.95
Paris,2024-10-23,21.2,57.7,106,64.7,65.3,60.6,1,1,59.02
Paris,2024-10-24,11.5,55.5,46,51.5,85.8,64.2,1,0,59.88
Paris,2024-10-25,13.2,68.1,117,42.9,49.2,64.3,1,1,55.16
Paris,2024-10-26,24.8,62.8,78,50.9,77.4,55.2,0,2,49.36
Paris,2024-10-27,14.3,63.1,101,35.1,25.9,52.3,0,3,38.13
Paris,2024-10-28,26.4,75.3,94,36.0,89.1,54.3,1,1,57.24
Paris,2024-10-29,22.2,79.4,70,48.0,55.6,67.0,1,3,55.34
Paris,2024-10-30,22.0,78.1,102,57.0,85.1,62.9,1,1,62.74
Paris,2024-10-31,2.8,66.2,99,23.2,47.4,53.9,1,1,50.51
Paris,2024-11-01,28.7,51.8,89,33.9,77.5,56.6,1,1,53.08
Paris,2024-11-02,11.1,65.9,95,53.2,57.2,65.9,0,2,52.27
Paris,2024-11-03,25.9,55.4,89,48.0,85.6,53.8,0,3,51.0
Paris,2024-11-04,23.6,80.4,68,58.4,58.9,63.0,1,1,57.01
Paris,2024-11-05,19.8,80.5,108,46.1,60.2,60.6,1,1,55.72
Paris,2024-11-06,20.4,65.5,92,51.3,29.1,54.8,1,1,47.42
Paris,2024-11-07,19.4,71.3,89,54.6,60.5,55.6,1,1,55.54
Paris,2024-11-08,20.8,62.4,104,52.9,81.3,54.1,1,3,59.96
Paris,2024-11-09,17.3,49.3,108,37.2,57.8,61.8,0,4,45.36
Paris,2024-11-10,10.6,68.4,104,52.1,51.4,58.8,0,4,52.07
Paris,2024-11-11,29.9,71.0,79,35.3,76.0,61.4,1,2,56.75
Paris,2024-11-12,25.6,77.8,59,34.5,68.1,66.9,1,0,52.22
Paris,2024-11-13,21.3,63.4,61,42.2,58.6,51.6,1,2,48.92
Paris,2024-11-14,24.5,73.1,61,44.2,61.7,60.6,1,0,51.69
Paris,2024-11-15,37.0,68.9,79,57.8,61.9,56.4,1,3,62.75
Paris,2024-11-16,17.2,71.0,93,34.8,65.6,51.6,0,2,44.21
Paris,2024-11-17,5.0,56.1,111,39.2,71.3,53.5,0,4,52.95
Paris,2024-11-18,31.1,71.2,86,31.0,75.9,62.7,1,1,55.78
Paris,2024-11-19,18.9,59.6,91,36.4,95.6,61.7,1,2,58.51
Paris,2024-11-20,25.5,70.8,71,55.5,84.7,58.4,1,0,59.69
Paris,2024-11-21,11.4,71.7,86,41.1,70.2,56.3,1,1,56.95
Paris,2024-11-22,8.4,55.5,128,43.8,63.6,61.6,1,3,60.69
Paris,2024-11-23,19.9,60.2,98,33.9,68.4,62.0,0,6,47.82
Paris,2024-11-24,24.6,58.0,70,50.8,65.0,54.6,0,4,47.42
Paris,2024-11-25,12.4,60.9,112,34.3,84.5,59.1,1,2,59.1
Paris,2024-11-26,21.0,58.2,66,43.2,74.5,57.5,1,4,54.9
Paris,2024-11-27,13.6,75.6,96,49.4,81.0,53.8,1,1,60.98
Paris,2024-11-28,20.6,76.1,82,46.2,66.8,61.4,1,2,55.98
Paris,2024-11-29,17.6,77.1,75,58.6,76.5,52.2,1,3,61.53
Paris,2024-11-30,5.1,85.3,102,37.2,87.8,49.5,0,1,54.86
Paris,2024-12-01,11.9,50.8,43,42.3,67.9,59.8,0,0,44.17
Paris,2024-12-02,30.5,75.9,80,48.2,66.4,52.0,1,3,58.36
Paris,2024-12-03,20.2,65.4,78,50.1,63.5,56.4,1,3,55.27
Paris,2024-12-04,12.3,58.5,73,44.3,54.3,58.4,1,3,54.35
Paris,2024-12-05,25.9,55.3,67,47.9,55.5,65.9,1,1,52.31
Paris,2024-12-06,11.1,50.1,80,44.5,72.7,65.3,1,4,60.2
Paris,2024-12-07,31.2,58.7,86,45.9,59.8,69.7,0,4,51.21
Paris,2024-12-08,25.2,91.0,103,42.1,38.5,62.6,0,3,45.5
Paris,2024-12-09,22.2,56.4,104,56.3,61.4,64.4,1,1,56.04
Paris,2024-12-10,28.6,67.7,90,59.7,75.0,71.0,1,4,66.42
Paris,2024-12-11,-1.2,42.5,83,48.8,45.1,64.5,1,2,58.33
Paris,2024-12-12,25.8,64.3,67,56.2,45.6,60.8,1,1,52.62
Paris,2024-12-13,17.8,63.2,84,37.3,80.4,62.3,1,3,57.17
Paris,2024-12-14,8.6,58.5,45,46.4,77.7,55.4,0,4,52.01
Paris,2024-12-15,18.8,87.7,89,40.5,71.2,64.2,0,1,49.23
Paris,2024-12-16,24.0,73.3,102,46.3,69.9,56.0,1,1,55.79
Paris,2024-12-17,15.1,64.2,56,48.0,53.1,59.9,1,1,52.33
Paris,2024-12-18,23.3,44.3,94,49.8,75.1,60.7,1,1,55.08
Paris,2024-12-19,15.1,75.3,116,45.7,50.2,57.6,1,2,55.7
Paris,2024-12-20,10.1,90.2,68,41.0,74.0,54.8,1,2,59.76
Paris,2024-12-21,20.2,71.0,81,44.5,82.1,60.9,0,3,50.95
Paris,2024-12-22,22.9,67.4,97,39.8,55.5,55.2,0,1,41.73
Paris,2024-12-23,16.1,53.1,49,38.4,29.7,60.4,1,5,46.62
Paris,2024-12-24,13.5,72.7,46,43.1,59.0,63.0,1,3,55.38
Paris,2024-12-25,12.6,82.1,127,54.5,52.1,52.8,1,0,58.23
Paris,2024-12-26,23.5,71.0,73,36.1,37.9,54.7,1,6,48.61
Paris,2024-12-27,26.3,68.9,74,47.5,68.1,61.4,1,0,54.99
Paris,2024-12-28,14.8,77.4,95,41.6,75.5,64.6,0,1,51.27
Paris,2024-12-29,12.2,64.6,109,45.0,73.7,56.3,0,4,53.36
Paris,2024-12-30,19.7,64.2,97,37.5,84.0,45.5,1,4,55.75
Paris,2024-12-31,20.4,56.5,90,66.4,52.5,55.3,1,1,55.4
Berlin,2023-01-01,28.2,74.1,33,35.9,48.1,63.3,0,3,41.83
Berlin,2023-01-02,17.6,85.8,26,39.8,49.5,63.5,1,3,51.35
Berlin,2023-01-03,22.1,82.9,27,27.6,69.3,59.7,1,2,48.44
Berlin,2023-01-04,19.7,75.3,20,21.2,71.4,49.8,1,3,45.9
Berlin,2023-01-05,6.3,71.7,36,34.1,72.9,58.3,1,1,55.45
Berlin,2023-01-06,20.2,69.9,33,24.1,57.7,66.3,1,4,47.65
Berlin,2023-01-07,35.8,66.7,34,25.8,84.6,67.4,0,5,51.06
Berlin,2023-01-08,33.1,54.8,24,32.3,79.3,55.3,0,2,44.4
Berlin,2023-01-09,21.6,66.1,41,25.4,65.7,64.7,1,0,45.47
Berlin,2023-01-10,4.5,59.4,51,17.8,26.4,49.3,1,0,39.47
Berlin,2023-01-11,19.3,79.1,53,35.4,67.6,62.4,1,0,51.03
Berlin,2023-01-12,20.2,60.3,50,38.2,62.2,58.7,1,2,49.37
Berlin,2023-01-13,7.1,84.5,84,39.1,59.5,58.6,1,2,58.37
Berlin,2023-01-14,25.6,66.1,23,27.8,64.1,64.4,0,4,41.49
Berlin,2023-01-15,19.6,60.3,38,29.8,52.5,59.9,0,1,36.11
Berlin,2023-01-16,10.9,61.7,34,33.9,87.7,62.3,1,2,56.96
Berlin,2023-01-17,21.9,60.8,39,20.4,86.0,64.4,1,2,49.02
Berlin,2023-01-18,7.2,71.6,48,24.3,80.4,51.9,1,2,54.18
Berlin,2023-01-19,30.6,62.5,33,17.1,82.0,60.9,1,1,49.08
Berlin,2023-01-20,21.2,66.7,40,45.0,63.0,69.1,1,5,55.46
Berlin,2023-01-21,20.9,55.7,25,35.4,51.4,60.7,0,9,42.61
Berlin,2023-01-22,1.9,68.3,61,45.6,43.0,67.0,0,4,51.42
Berlin,2023-01-23,29.5,44.7,47,32.5,87.4,65.1,1,2,54.51
Berlin,2023-01-24,17.4,58.5,53,31.4,46.9,70.1,1,2,47.51
Berlin,2023-01-25,11.0,81.1,58,40.6,78.4,60.0,1,4,61.27
Berlin,2023-01-26,13.4,82.3,20,38.3,43.9,59.4,1,0,47.56
Berlin,2023-01-27,28.3,67.5,85,28.1,85.1,61.4,1,0,54.21
Berlin,2023-01-28,30.6,52.8,37,28.0,74.2,61.2,0,4,44.36
Berlin,2023-01-29,29.3,67.2,20,17.8,82.3,52.7,0,8,45.02
Berlin,2023-01-30,18.4,63.4,20,31.6,92.9,65.9,1,1,53.6
Berlin,2023-01-31,9.6,55.3,47,28.0,49.3,63.4,1,3,49.23
Berlin,2023-02-01,3.4,59.3,20,17.0,81.9,60.5,1,1,52.0
Berlin,2023-02-02,10.9,69.1,42,25.9,55.9,54.9,1,1,47.37
Berlin,2023-02-03,16.5,65.6,43,33.8,79.1,64.0,1,3,54.93
Berlin,2023-02-04,25.4,58.2,57,24.5,72.2,60.9,0,2,40.68
Berlin,2023-02-05,15.3,85.8,20,44.4,74.4,61.2,0,3,49.76
Berlin,2023-02-06,14.7,62.2,49,26.8,79.4,59.5,1,2,52.16
Berlin,2023-02-07,29.7,70.0,24,35.6,49.7,69.0,1,3,50.8
Berlin,2023-02-08,14.0,62.5,89,23.4,39.4,53.8,1,1,43.64
Berlin,2023-02-09,27.2,59.1,41,38.1,62.6,62.0,1,3,51.65
Berlin,2023-02-10,26.9,57.1,20,37.4,78.9,62.0,1,0,50.81
Berlin,2023-02-11,23.7,67.1,55,28.4,73.2,54.1,0,3,41.73
Berlin,2023-02-12,14.4,50.3,74,23.1,62.2,60.3,0,4,41.59
Berlin,2023-02-13,23.9,55.3,50,36.3,54.7,55.7,1,0,44.66
Berlin,2023-02-14,32.1,80.1,56,38.1,59.2,56.4,1,2,53.92
Berlin,2023-02-15,20.3,64.5,38,29.4,70.8,66.7,1,3,50.66
Berlin,2023-02-16,25.0,85.1,39,25.3,57.1,56.0,1,2,46.67
Berlin,2023-02-17,17.9,83.1,73,32.7,49.8,65.1,1,2,50.76
Berlin,2023-02-18,15.7,58.8,49,36.4,75.2,69.9,0,6,50.35
Berlin,2023-02-19,14.1,60.9,38,15.0,78.0,56.3,0,2,39.57
Berlin,2023-02-20,30.9,50.1,30,33.4,69.7,66.5,1,8,56.75
Berlin,2023-02-21,12.3,74.8,70,23.2,52.4,60.8,1,1,48.39
Berlin,2023-02-22,20.7,44.3,60,38.5,87.8,63.9,1,1,53.31
Berlin,2023-02-23,13.5,64.1,28,25.9,64.4,52.9,1,1,46.46
Berlin,2023-02-24,22.1,73.6,48,32.2,74.6,62.0,1,1,50.46
Berlin,2023-02-25,33.4,95.0,59,23.9,93.5,58.8,0,4,53.11
Berlin,2023-02-26,16.2,84.1,55,36.5,57.3,63.9,0,0,43.37
Berlin,2023-02-27,19.1,50.0,28,37.7,69.6,56.9,1,6,52.01
Berlin,2023-02-28,28.6,62.5,72,34.9,28.9,65.4,1,2,46.19
Berlin,2023-03-01,21.9,67.8,64,35.5,78.4,54.1,1,2,51.83
Berlin,2023-03-02,12.3,55.0,52,32.6,82.2,59.3,1,2,54.6
Berlin,2023-03-03,14.9,53.1,55,41.0,71.0,67.9,1,1,54.36
Berlin,2023-03-04,23.5,70.7,45,31.8,49.0,47.7,0,3,36.51
Berlin,2023-03-05,14.7,61.2,65,24.5,74.7,58.5,0,3,43.86
Berlin,2023-03-06,18.1,65.1,48,44.3,53.1,61.1,1,3,51.73
Berlin,2023-03-07,15.8,63.3,21,39.6,67.4,58.9,1,1,50.58
Berlin,2023-03-08,22.7,58.5,33,29.9,67.3,69.0,1,1,47.56
Berlin,2023-03-09,31.2,56.2,74,41.9,73.2,67.1,1,2,57.81
Berlin,2023-03-10,25.7,72.6,56,28.8,55.9,73.7,1,0,48.72
Berlin,2023-03-11,32.3,52.2,43,25.0,90.4,73.0,0,0,46.43
Berlin,2023-03-12,14.8,67.9,33,27.8,43.1,61.5,0,2,37.21
Berlin,2023-03-13,13.9,71.0,35,40.5,51.9,60.2,1,5,53.54
Berlin,2023-03-14,17.5,59.4,41,31.1,71.1,63.7,1,1,49.73
Berlin,2023-03-15,-4.9,60.5,73,35.6,48.9,59.1,1,2,57.23
Berlin,2023-03-16,12.7,65.1,48,30.8,64.4,55.7,1,2,50.59
Berlin,2023-03-17,21.7,63.1,82,34.0,73.6,49.8,1,3,50.99
Berlin,2023-03-18,22.3,61.2,54,39.4,57.9,57.9,0,6,43.68
Berlin,2023-03-19,15.1,70.0,40,20.2,38.0,64.9,0,2,35.15
Berlin,2023-03-20,25.3,91.9,66,42.7,63.6,65.7,1,0,54.98
Berlin,2023-03-21,31.7,75.9,84,33.8,51.8,58.8,1,2,52.45
Berlin,2023-03-22,-6.1,53.0,37,32.6,45.4,59.4,1,0,52.04
Berlin,2023-03-23,10.3,76.4,33,21.4,90.6,65.6,1,2,56.28
Berlin,2023-03-24,13.8,67.7,89,42.2,57.4,54.4,1,1,53.18
Berlin,2023-03-25,25.8,63.9,80,32.3,57.9,63.6,0,3,43.2
Berlin,2023-03-26,12.5,48.6,39,41.7,75.0,66.6,0,1,46.8
Berlin,2023-03-27,4.8,75.1,71,23.5,89.4,59.8,1,1,58.79
Berlin,2023-03-28,25.0,64.5,33,36.7,75.3,60.1,1,0,50.2
Berlin,2023-03-29,13.2,56.1,20,44.1,68.2,57.6,1,0,51.2
Berlin,2023-03-30,21.3,89.8,29,31.9,50.6,70.7,1,3,49.72
Berlin,2023-03-31,17.3,60.2,60,46.3,77.1,65.3,1,2,57.4
Berlin,2023-04-01,15.9,71.4,20,30.6,62.4,65.0,0,2,41.68
Berlin,2023-04-02,18.7,70.3,20,42.4,72.3,63.0,0,4,47.07
Berlin,2023-04-03,23.7,52.4,50,27.5,48.4,59.6,1,6,46.26
Berlin,2023-04-04,21.5,66.1,20,47.7,64.4,63.5,1,3,52.65
Berlin,2023-04-05,22.2,88.4,64,21.1,68.4,63.9,1,4,51.28
Berlin,2023-04-06,14.8,42.2,26,20.4,81.4,58.0,1,1,46.43
Berlin,2023-04-07,20.8,57.8,64,34.4,56.4,65.3,1,1,47.72
Berlin,2023-04-08,20.1,65.2,20,31.4,69.8,67.7,0,3,42.43
Berlin,2023-04-09,13.2,79.2,69,32.1,67.2,55.2,0,2,45.7
Berlin,2023-04-10,14.4,68.0,47,30.0,76.9,62.4,1,3,54.44
Berlin,2023-04-11,14.1,53.3,20,29.1,80.1,61.8,1,2,51.16
Berlin,2023-04-12,5.2,51.9,61,29.5,92.3,63.2,1,1,58.63
Berlin,2023-04-13,16.9,57.7,23,37.3,78.0,63.0,1,1,51.89
Berlin,2023-04-14,4.7,78.2,20,23.0,66.7,62.0,1,0,51.43
Berlin,2023-04-15,4.1,62.4,22,21.2,57.3,73.4,0,2,43.49
Berlin,2023-04-16,10.6,80.6,65,41.9,93.3,61.4,0,2,55.71
Berlin,2023-04-17,12.9,79.1,35,47.2,55.6,58.7,1,2,54.57
Berlin,2023-04-18,24.2,65.8,27,48.1,77.4,63.8,1,5,58.07
Berlin,2023-04-19,32.6,80.1,56,36.1,75.4,65.9,1,1,57.69
Berlin,2023-04-20,30.4,62.6,71,34.7,74.8,67.9,1,0,54.78
Berlin,2023-04-21,27.3,72.5,63,38.2,66.6,60.9,1,6,57.23
Berlin,2023-04-22,10.6,57.0,98,35.4,67.9,60.4,0,3,48.74
Berlin,2023-04-23,17.2,72.3,69,45.0,76.5,73.6,0,2,52.07
Berlin,2023-04-24,17.4,79.0,27,46.6,70.5,57.0,1,1,54.11
Berlin,2023-04-25,23.4,63.1,36,20.4,63.8,62.0,1,2,44.75
Berlin,2023-04-26,25.7,67.2,87,25.6,44.1,69.9,1,2,47.52
Berlin,2023-04-27,28.7,63.3,70,20.7,54.7,57.0,1,3,46.76
Berlin,2023-04-28,27.7,76.1,53,33.4,51.0,66.4,1,2,50.42
Berlin,2023-04-29,28.5,74.2,48,41.5,50.8,66.4,0,3,45.38
Berlin,2023-04-30,19.9,45.0,59,38.5,58.2,59.1,0,3,40.58
Berlin,2023-05-01,13.4,83.6,72,44.5,55.2,53.0,1,1,54.01
Berlin,2023-05-02,1.0,60.2,40,21.6,49.4,59.9,1,0,47.93
Berlin,2023-05-03,30.7,74.6,90,36.8,84.5,58.9,1,2,59.64
Berlin,2023-05-04,19.3,63.4,54,17.3,48.3,57.0,1,1,40.51
Berlin,2023-05-05,22.7,65.8,72,51.8,46.1,61.7,1,3,52.48
Berlin,2023-05-06,21.9,55.5,48,30.0,67.1,56.2,0,2,38.35
Berlin,2023-05-07,28.6,66.1,32,38.9,43.9,58.2,0,6,42.7
Berlin,2023-05-08,24.0,83.9,48,31.1,57.3,52.3,1,1,46.79
Berlin,2023-05-09,22.1,50.8,40,36.6,75.1,51.7,1,2,48.11
Berlin,2023-05-10,45.1,56.0,51,43.5,57.7,59.3,1,2,58.19
Berlin,2023-05-11,22.8,77.2,38,32.1,55.4,64.0,1,1,47.08
Berlin,2023-05-12,13.7,56.1,43,22.2,89.0,70.6,1,1,53.37
Berlin,2023-05-13,22.7,60.2,68,25.7,73.2,61.6,0,2,41.02
Berlin,2023-05-14,23.2,60.7,51,36.8,93.6,63.4,0,4,49.6
Berlin,2023-05-15,31.3,53.7,57,27.5,91.7,61.3,1,2,55.42
Berlin,2023-05-16,13.5,80.1,46,38.9,45.5,54.5,1,0,48.27
Berlin,2023-05-17,32.4,82.7,33,36.6,56.7,59.6,1,1,51.98
Berlin,2023-05-18,20.8,67.9,31,40.7,58.5,57.8,1,2,48.73
Berlin,2023-05-19,30.3,55.1,23,36.5,52.7,67.4,1,3,50.08
Berlin,2023-05-20,19.0,59.1,47,29.2,73.6,63.1,0,5,44.67
Berlin,2023-05-21,23.1,72.3,51,30.4,73.9,62.2,0,3,43.96
Berlin,2023-05-22,12.4,60.4,46,39.9,75.0,62.0,1,4,57.58
Berlin,2023-05-23,27.2,77.5,36,22.2,55.8,59.6,1,4,47.82
Berlin,2023-05-24,20.3,53.6,55,15.8,93.2,63.7,1,2,49.74
Berlin,2023-05-25,26.7,64.5,30,31.8,71.3,53.7,1,0,47.42
Berlin,2023-05-26,5.5,56.9,27,45.4,44.9,63.0,1,2,53.07
Berlin,2023-05-27,22.0,67.3,48,26.9,62.5,61.2,0,5,41.08
Berlin,2023-05-28,21.6,61.2,23,33.2,83.1,63.2,0,2,43.15
Berlin,2023-05-29,27.6,59.7,36,28.3,68.7,66.5,1,3,50.88
Berlin,2023-05-30,30.7,73.7,64,39.7,57.3,56.4,1,3,54.03
Berlin,2023-05-31,17.3,74.9,21,21.5,37.8,54.7,1,1,39.46
Berlin,2023-06-01,10.8,71.6,45,15.7,64.7,61.7,1,2,48.79
Berlin,2023-06-02,20.4,72.5,50,30.9,60.5,72.6,1,2,50.57
Berlin,2023-06-03,34.6,71.7,38,39.9,91.9,57.2,0,2,52.33
Berlin,2023-06-04,31.1,68.0,47,22.4,74.9,58.5,0,1,42.18
Berlin,2023-06-05,23.5,49.6,40,39.8,46.3,61.9,1,1,44.69
Berlin,2023-06-06,33.2,48.5,60,28.2,57.1,55.4,1,3,48.89
Berlin,2023-06-07,18.6,45.0,35,39.2,42.4,55.6,1,0,41.77
Berlin,2023-06-08,14.5,61.1,60,31.9,63.0,56.4,1,0,48.52
Berlin,2023-06-09,25.2,77.4,39,47.1,62.2,65.1,1,3,55.54
Berlin,2023-06-10,15.1,62.3,84,22.2,69.5,56.6,0,4,43.61
Berlin,2023-06-11,18.3,56.1,60,46.5,81.9,70.9,0,6,53.9
Berlin,2023-06-12,22.4,63.5,20,28.5,47.4,63.5,1,0,41.1
Berlin,2023-06-13,23.4,42.4,85,42.0,41.1,62.5,1,1,45.83
Berlin,2023-06-14,25.1,57.0,43,17.5,66.2,50.7,1,2,42.86
Berlin,2023-06-15,26.8,67.8,63,47.7,62.8,75.0,1,1,56.8
Berlin,2023-06-16,21.7,74.5,32,45.0,80.6,68.4,1,1,55.72
Berlin,2023-06-17,23.7,48.0,38,33.5,100.0,62.6,0,3,47.25
Berlin,2023-06-18,20.8,55.3,21,28.1,66.0,58.7,0,3,37.94
Berlin,2023-06-19,15.5,70.9,41,22.5,80.5,62.8,1,1,51.02
Berlin,2023-06-20,14.0,85.2,20,30.0,64.8,62.6,1,1,50.86
Berlin,2023-06-21,6.5,66.0,31,25.1,77.5,59.8,1,0,52.42
Berlin,2023-06-22,23.4,60.7,33,40.7,66.3,71.4,1,1,51.34
Berlin,2023-06-23,16.4,69.3,20,28.5,80.6,66.9,1,4,54.35
Berlin,2023-06-24,10.8,62.7,79,27.1,81.7,66.1,0,4,50.59
Berlin,2023-06-25,31.6,71.0,42,39.0,50.5,51.4,0,3,42.54
Berlin,2023-06-26,27.4,66.4,44,24.4,58.2,61.1,1,0,45.24
Berlin,2023-06-27,12.1,67.3,53,27.6,74.8,63.4,1,0,52.19
Berlin,2023-06-28,23.9,60.6,62,37.0,35.7,62.1,1,2,44.94
Berlin,2023-06-29,18.0,66.6,67,31.9,65.6,56.7,1,2,50.29
Berlin,2023-06-30,13.8,70.9,44,16.6,85.7,63.2,1,1,51.34
Berlin,2023-07-01,10.2,64.4,58,46.0,63.7,61.2,0,1,48.24
Berlin,2023-07-02,29.5,53.4,47,25.9,67.0,65.7,0,2,41.61
Berlin,2023-07-03,23.9,55.6,42,35.8,52.7,67.5,1,1,46.65
Berlin,2023-07-04,15.5,72.4,28,17.6,81.3,58.8,1,1,48.65
Berlin,2023-07-05,33.7,58.4,42,28.4,46.5,57.3,1,2,46.64
Berlin,2023-07-06,7.9,65.2,29,27.7,67.3,58.2,1,1,50.9
Berlin,2023-07-07,21.4,65.4,44,25.6,49.8,59.3,1,1,42.37
Berlin,2023-07-08,16.9,65.2,43,46.1,44.2,60.1,0,2,41.65
Berlin,2023-07-09,23.8,52.7,63,21.8,29.9,67.2,0,7,35.87
Berlin,2023-07-10,20.9,57.7,56,15.1,84.8,67.7,1,2,48.82
Berlin,2023-07-11,24.0,53.3,73,28.0,61.7,59.7,1,2,47.12
Berlin,2023-07-12,16.4,64.1,66,33.8,76.4,63.2,1,1,53.63
Berlin,2023-07-13,22.1,65.8,63,30.8,60.5,59.9,1,2,47.69
Berlin,2023-07-14,10.4,77.3,20,37.0,54.7,66.2,1,1,52.11
Berlin,2023-07-15,24.1,77.5,33,27.1,72.7,53.1,0,4,42.04
Berlin,2023-07-16,34.1,49.4,38,32.4,93.9,65.6,0,2,49.75
Berlin,2023-07-17,16.1,70.1,74,34.0,72.4,65.9,1,3,56.14
Berlin,2023-07-18,22.5,66.4,56,36.0,37.1,63.1,1,4,46.56
Berlin,2023-07-19,24.0,56.5,37,38.0,57.6,65.9,1,1,47.83
Berlin,2023-07-20,30.4,76.4,84,31.3,67.7,62.6,1,3,56.02
Berlin,2023-07-21,9.0,55.4,59,30.4,75.5,59.9,1,3,55.34
Berlin,2023-07-22,2.6,50.5,27,23.9,56.8,55.8,0,5,43.18
Berlin,2023-07-23,17.1,53.8,27,37.7,58.3,55.2,0,5,41.73
Berlin,2023-07-24,24.3,40.5,22,32.4,61.3,59.4,1,0,42.84
Berlin,2023-07-25,12.9,54.3,45,15.0,65.7,71.0,1,1,47.03
Berlin,2023-07-26,15.2,75.8,74,25.1,67.7,62.8,1,4,53.94
Berlin,2023-07-27,38.0,85.4,58,36.5,81.2,58.1,1,3,62.02
Berlin,2023-07-28,21.3,56.4,45,42.4,66.2,61.4,1,3,51.6
Berlin,2023-07-29,11.6,57.0,31,35.8,67.4,60.3,0,3,45.0
Berlin,2023-07-30,13.4,50.3,47,25.1,57.6,60.4,0,7,42.82
Berlin,2023-07-31,25.5,66.0,27,28.5,74.1,64.2,1,2,50.11
Berlin,2023-08-01,20.0,55.1,45,38.2,33.2,61.0,1,2,43.21
Berlin,2023-08-02,11.1,61.9,108,29.9,63.2,64.1,1,3,55.73
Berlin,2023-08-03,13.9,76.6,45,21.9,45.2,56.9,1,3,45.84
Berlin,2023-08-04,16.5,77.2,96,28.9,72.2,63.0,1,0,53.3
Berlin,2023-08-05,10.0,68.7,49,42.5,72.1,63.4,0,2,50.19
Berlin,2023-08-06,19.1,67.5,48,31.0,71.7,56.8,0,3,42.82
Berlin,2023-08-07,10.0,45.4,20,45.9,38.1,56.2,1,1,46.51
Berlin,2023-08-08,16.5,60.2,82,22.4,63.5,62.7,1,1,48.14
Berlin,2023-08-09,16.8,68.7,42,15.6,84.6,71.4,1,0,49.94
Berlin,2023-08-10,26.1,63.6,49,40.0,50.7,61.9,1,1,48.5
Berlin,2023-08-11,34.0,64.1,23,31.1,46.9,59.9,1,1,46.82
Berlin,2023-08-12,35.5,63.3,32,32.7,87.4,63.6,0,5,52.28
Berlin,2023-08-13,27.7,78.1,31,28.8,63.2,64.5,0,2,42.34
Berlin,2023-08-14,26.2,48.9,37,40.6,62.5,62.4,1,3,50.71
Berlin,2023-08-15,16.5,63.7,63,39.5,63.7,60.7,1,4,54.5
Berlin,2023-08-16,22.9,60.7,70,30.6,43.4,59.4,1,1,43.42
Berlin,2023-08-17,5.0,79.7,104,28.2,55.6,54.3,1,1,54.36
Berlin,2023-08-18,9.6,65.0,20,20.3,68.1,57.9,1,2,48.61
Berlin,2023-08-19,29.6,61.4,33,28.7,48.4,54.6,0,3,37.59
Berlin,2023-08-20,-3.5,59.1,20,32.5,64.3,61.3,0,0,46.82
Berlin,2023-08-21,22.4,64.7,20,42.4,64.8,59.2,1,1,48.64
Berlin,2023-08-22,7.4,70.6,67,34.3,77.1,54.7,1,0,55.88
Berlin,2023-08-23,27.8,52.1,34,39.6,74.2,66.2,1,3,54.28
Berlin,2023-08-24,-4.4,62.2,35,38.4,58.2,66.5,1,1,58.45
Berlin,2023-08-25,18.9,57.2,48,25.7,66.1,59.6,1,2,46.98
Berlin,2023-08-26,17.6,58.5,88,27.8,58.1,69.8,0,6,45.68
Berlin,2023-08-27,12.5,41.0,85,24.3,67.6,60.2,0,2,41.76
Berlin,2023-08-28,10.4,82.9,78,32.3,54.7,57.8,1,2,53.66
Berlin,2023-08-29,-3.3,53.5,80,43.6,72.3,62.5,1,2,63.73
Berlin,2023-08-30,15.8,63.0,55,36.3,41.7,58.3,1,0,45.31
Berlin,2023-08-31,25.9,50.8,28,26.1,65.8,59.3,1,1,44.77
Berlin,2023-09-01,17.5,58.4,23,36.9,59.9,64.1,1,1,48.19
Berlin,2023-09-02,18.2,63.7,60,28.6,76.2,62.9,0,1,42.99
Berlin,2023-09-03,26.1,55.7,44,31.6,61.9,59.1,0,2,39.66
Berlin,2023-09-04,15.8,68.9,52,23.6,47.7,62.2,1,2,45.72
Berlin,2023-09-05,5.8,57.0,20,40.6,71.3,59.7,1,2,55.95
Berlin,2023-09-06,7.9,61.3,61,39.1,20.7,74.5,1,1,48.83
Berlin,2023-09-07,17.3,86.4,70,48.9,72.1,65.6,1,3,61.1
Berlin,2023-09-08,27.3,68.2,47,25.8,82.5,66.8,1,2,53.4
Berlin,2023-09-09,5.8,65.3,54,34.4,80.1,64.3,0,3,52.17
Berlin,2023-09-10,21.1,49.2,24,37.5,59.8,61.6,0,2,38.38
Berlin,2023-09-11,23.2,62.1,44,48.4,55.7,55.3,1,1,49.12
Berlin,2023-09-12,-0.4,59.9,25,31.5,64.2,62.7,1,2,55.55
Berlin,2023-09-13,11.7,53.6,75,46.5,56.1,66.3,1,1,54.93
Berlin,2023-09-14,12.6,80.5,20,50.2,56.4,68.9,1,3,57.72
Berlin,2023-09-15,15.3,56.4,43,21.6,68.6,56.9,1,3,47.74
Berlin,2023-09-16,21.5,65.3,66,39.0,53.6,58.8,0,5,43.16
Berlin,2023-09-17,26.2,73.6,20,29.5,79.5,55.2,0,3,43.38
Berlin,2023-09-18,23.5,68.7,56,33.4,43.1,63.5,1,1,45.28
Berlin,2023-09-19,31.0,70.3,20,25.5,56.5,58.2,1,0,45.3
Berlin,2023-09-20,32.5,74.2,50,46.9,63.3,63.4,1,3,58.56
Berlin,2023-09-21,13.5,69.1,45,16.9,72.7,62.1,1,2,49.43
Berlin,2023-09-22,15.1,83.3,38,40.3,27.5,55.1,1,3,46.94
Berlin,2023-09-23,24.8,68.1,25,31.9,77.1,50.5,0,2,41.04
Berlin,2023-09-24,21.9,70.5,35,37.4,56.2,61.8,0,7,44.24
Berlin,2023-09-25,24.8,61.3,28,36.4,67.9,55.0,1,4,50.43
Berlin,2023-09-26,17.1,66.2,20,25.9,60.0,55.7,1,4,46.92
Berlin,2023-09-27,20.4,58.0,20,45.6,44.9,53.6,1,1,44.38
Berlin,2023-09-28,20.1,56.5,53,27.8,57.5,59.6,1,1,44.67
Berlin,2023-09-29,10.5,53.9,54,35.2,61.0,59.9,1,3,52.75
Berlin,2023-09-30,32.5,59.2,21,40.0,64.7,57.0,0,4,45.65
Berlin,2023-10-01,35.2,61.8,58,15.0,46.1,61.5,0,4,38.99
Berlin,2023-10-02,35.2,63.9,45,19.7,66.6,64.3,1,1,49.92
Berlin,2023-10-03,21.8,54.5,20,31.2,61.6,63.9,1,3,46.28
Berlin,2023-10-04,25.3,62.4,74,15.0,56.8,62.0,1,5,46.92
Berlin,2023-10-05,15.2,72.7,30,34.4,43.2,66.2,1,1,47.19
Berlin,2023-10-06,16.4,51.3,25,29.5,51.3,64.6,1,3,46.01
Berlin,2023-10-07,20.1,62.4,24,32.5,76.0,57.6,0,0,39.63
Berlin,2023-10-08,45.1,54.2,43,32.2,65.0,52.3,0,2,46.67
Berlin,2023-10-09,11.2,80.0,63,32.1,63.5,56.6,1,1,52.92
Berlin,2023-10-10,29.1,61.1,66,31.8,52.0,57.3,1,1,47.47
Berlin,2023-10-11,13.9,60.5,61,34.3,67.8,63.3,1,3,54.12
Berlin,2023-10-12,13.3,44.3,48,36.1,70.2,63.5,1,2,52.31
Berlin,2023-10-13,30.3,61.2,68,35.2,77.8,56.8,1,1,54.01
Berlin,2023-10-14,33.7,44.9,37,24.5,75.1,70.6,0,5,46.53
Berlin,2023-10-15,12.9,66.2,24,26.0,74.3,54.8,0,4,43.59
Berlin,2023-10-16,15.3,63.6,38,27.6,71.3,59.4,1,7,54.21
Berlin,2023-10-17,22.3,53.2,57,29.9,88.7,66.0,1,0,51.05
Berlin,2023-10-18,-2.5,64.5,27,44.0,74.2,62.2,1,3,63.2
Berlin,2023-10-19,12.6,64.0,33,50.1,87.0,66.3,1,3,62.38
Berlin,2023-10-20,22.6,64.9,49,17.6,53.5,62.9,1,2,42.54
Berlin,2023-10-21,38.5,63.8,68,39.2,60.6,66.0,0,5,52.25
Berlin,2023-10-22,29.5,74.6,66,30.4,81.1,67.5,0,2,49.01
Berlin,2023-10-23,25.8,79.3,39,27.6,90.7,60.0,1,2,54.52
Berlin,2023-10-24,11.9,56.4,32,36.2,95.2,58.9,1,9,63.34
Berlin,2023-10-25,36.4,59.9,54,34.7,33.1,57.6,1,2,47.53
Berlin,2023-10-26,13.2,70.7,20,25.9,69.3,55.0,1,2,48.99
Berlin,2023-10-27,14.0,75.8,20,25.7,44.9,49.0,1,4,44.89
Berlin,2023-10-28,13.8,67.1,29,44.2,48.2,49.2,0,3,41.57
Berlin,2023-10-29,24.0,58.6,35,28.9,93.3,64.5,0,2,45.16
Berlin,2023-10-30,2.4,61.3,51,30.9,66.7,57.1,1,2,55.17
Berlin,2023-10-31,19.6,50.9,54,25.2,73.4,65.4,1,2,48.66
Berlin,2023-11-01,19.4,47.9,56,30.9,63.9,65.4,1,1,47.42
Berlin,2023-11-02,10.0,59.7,49,27.3,40.0,64.3,1,3,47.69
Berlin,2023-11-03,21.9,70.9,57,20.7,90.8,55.0,1,3,51.11
Berlin,2023-11-04,14.9,47.3,62,21.6,74.3,56.4,0,4,41.82
Berlin,2023-11-05,21.6,72.9,33,33.0,62.8,69.3,0,4,43.38
Berlin,2023-11-06,20.2,64.8,39,24.5,77.8,59.1,1,4,50.31
Berlin,2023-11-07,15.3,61.0,80,29.6,63.1,60.4,1,2,50.99
Berlin,2023-11-08,21.1,61.6,86,36.7,50.7,56.2,1,4,49.46
Berlin,2023-11-09,23.2,70.3,60,33.3,72.7,56.4,1,2,50.97
Berlin,2023-11-10,10.3,80.1,47,31.2,53.1,67.1,1,3,53.7
Berlin,2023-11-11,10.0,71.4,53,37.0,94.8,75.8,0,7,60.07
Berlin,2023-11-12,36.7,55.3,31,26.2,47.0,56.2,0,5,40.76
Berlin,2023-11-13,15.2,52.7,58,38.6,48.4,62.2,1,3,49.82
Berlin,2023-11-14,13.3,58.1,37,27.8,70.5,55.6,1,5,51.98
Berlin,2023-11-15,13.9,66.6,51,25.4,89.3,60.6,1,1,53.91
Berlin,2023-11-16,15.2,56.6,76,32.1,80.4,63.1,1,4,56.67
Berlin,2023-11-17,21.6,69.8,72,37.1,47.1,62.1,1,2,48.08
Berlin,2023-11-18,32.4,61.2,52,40.8,72.0,58.5,0,3,48.5
Berlin,2023-11-19,20.3,77.6,64,33.2,83.2,68.2,0,1,47.42
Berlin,2023-11-20,26.0,82.0,31,17.3,74.7,67.8,1,2,49.73
Berlin,2023-11-21,22.2,49.9,61,32.9,67.9,56.4,1,4,49.14
Berlin,2023-11-22,16.6,66.0,62,40.0,78.7,61.2,1,2,56.22
Berlin,2023-11-23,22.9,60.2,60,32.1,74.8,55.9,1,2,49.81
Berlin,2023-11-24,10.1,68.4,44,31.0,77.7,57.6,1,2,54.76
Berlin,2023-11-25,15.4,52.3,47,32.2,57.6,60.2,0,4,41.67
Berlin,2023-11-26,17.1,69.5,50,49.7,44.3,62.0,0,1,42.87
Berlin,2023-11-27,18.9,61.5,34,37.7,59.4,60.9,1,0,47.22
Berlin,2023-11-28,10.1,69.4,65,37.5,74.8,60.7,1,1,56.87
Berlin,2023-11-29,26.6,65.0,69,30.3,50.3,60.9,1,1,46.85
Berlin,2023-11-30,20.8,64.2,70,38.4,43.5,68.7,1,2,48.58
Berlin,2023-12-01,21.3,64.9,65,29.3,59.2,63.6,1,0,46.25
Berlin,2023-12-02,19.5,68.9,44,30.9,84.6,63.8,0,3,46.41
Berlin,2023-12-03,12.3,72.4,55,27.6,76.9,60.2,0,0,44.56
Berlin,2023-12-04,17.1,68.0,43,21.5,60.1,48.6,1,3,45.0
Berlin,2023-12-05,9.3,42.8,20,37.2,60.3,62.0,1,2,50.38
Berlin,2023-12-06,23.2,76.4,44,49.8,69.0,63.8,1,1,55.08
Berlin,2023-12-07,24.2,64.2,48,25.5,66.8,61.6,1,2,47.69
Berlin,2023-12-08,20.2,69.1,54,19.3,49.9,64.3,1,3,44.56
Berlin,2023-12-09,23.0,54.5,20,39.5,50.2,54.4,0,6,39.49
Berlin,2023-12-10,15.3,81.4,33,44.2,56.0,64.9,0,3,46.9
Berlin,2023-12-11,16.5,58.1,74,36.4,74.7,59.0,1,0,52.2
Berlin,2023-12-12,16.6,67.0,97,15.0,63.1,64.5,1,1,47.74
Berlin,2023-12-13,10.4,70.8,31,28.6,78.5,63.8,1,0,53.17
Berlin,2023-12-14,21.1,61.2,80,39.6,85.2,61.1,1,4,57.66
Berlin,2023-12-15,29.2,62.9,48,24.4,79.0,65.2,1,2,52.33
Berlin,2023-12-16,18.1,72.4,31,22.4,46.8,66.7,0,0,34.72
Berlin,2023-12-17,15.6,57.6,35,27.7,58.0,68.2,0,4,41.73
Berlin,2023-12-18,7.1,49.5,90,41.9,76.5,57.7,1,1,58.37
Berlin,2023-12-19,30.5,69.0,55,30.7,76.9,62.5,1,1,53.84
Berlin,2023-12-20,20.4,57.6,42,23.4,64.4,61.4,1,2,45.43
Berlin,2023-12-21,15.1,57.1,50,34.7,74.9,64.5,1,2,53.72
Berlin,2023-12-22,18.2,56.6,37,23.2,76.8,53.0,1,2,46.89
Berlin,2023-12-23,28.9,77.1,42,35.9,51.6,58.3,0,3,42.66
Berlin,2023-12-24,16.1,57.6,37,38.0,70.4,59.9,0,0,42.2
Berlin,2023-12-25,26.1,66.9,41,32.0,64.3,60.0,1,3,50.27
Berlin,2023-12-26,8.0,71.4,60,27.1,63.2,50.4,1,5,54.02
Berlin,2023-12-27,31.8,50.1,41,29.1,77.8,49.0,1,4,51.65
Berlin,2023-12-28,18.9,65.1,60,28.8,47.1,57.0,1,1,44.09
Berlin,2023-12-29,4.8,68.1,70,27.9,55.2,70.8,1,3,55.99
Berlin,2023-12-30,11.9,51.8,54,28.2,34.7,63.9,0,4,38.28
Berlin,2023-12-31,6.4,76.5,20,18.9,80.8,70.6,0,1,46.59
Berlin,2024-01-01,27.3,67.9,37,28.1,41.5,62.2,1,0,42.85
Berlin,2024-01-02,7.3,57.7,34,29.1,68.4,59.6,1,1,51.51
Berlin,2024-01-03,25.7,56.9,20,33.4,58.7,65.2,1,1,46.54
Berlin,2024-01-04,14.9,70.2,37,31.3,57.6,66.1,1,2,50.28
Berlin,2024-01-05,15.8,75.8,41,42.8,98.2,66.1,1,2,62.04
Berlin,2024-01-06,16.8,71.8,20,32.1,80.7,55.3,0,4,45.38
Berlin,2024-01-07,25.8,74.4,20,38.1,43.6,51.1,0,2,36.98
Berlin,2024-01-08,28.1,74.1,62,24.3,70.8,57.3,1,2,50.66
Berlin,2024-01-09,16.9,63.2,49,39.7,48.6,61.5,1,2,49.1
Berlin,2024-01-10,28.5,69.8,49,35.1,75.8,53.2,1,1,52.2
Berlin,2024-01-11,27.9,68.9,20,34.7,45.5,63.6,1,0,45.19
Berlin,2024-01-12,28.9,66.4,64,36.4,73.2,59.3,1,3,55.34
Berlin,2024-01-13,23.6,48.9,27,22.2,76.8,69.4,0,1,38.5
Berlin,2024-01-14,18.3,70.3,55,44.4,55.2,59.9,0,1,43.05
Berlin,2024-01-15,40.0,65.3,27,22.8,83.8,56.7,1,8,59.89
Berlin,2024-01-16,24.8,77.6,59,25.3,68.8,59.6,1,2,49.82
Berlin,2024-01-17,17.9,71.9,26,15.0,75.6,61.8,1,1,46.2
Berlin,2024-01-18,3.7,65.5,77,30.9,59.6,60.9,1,3,56.51
Berlin,2024-01-19,12.5,65.3,51,23.5,76.4,56.9,1,1,50.59
Berlin,2024-01-20,19.3,65.0,29,27.0,81.9,63.2,0,2,42.75
Berlin,2024-01-21,21.8,53.5,43,31.0,60.1,53.3,0,0,34.61
Berlin,2024-01-22,26.3,65.0,46,30.2,57.5,65.5,1,0,46.97
Berlin,2024-01-23,21.0,61.0,20,34.3,72.9,64.7,1,2,49.7
Berlin,2024-01-24,13.9,68.5,23,38.2,46.5,62.4,1,1,48.03
Berlin,2024-01-25,16.8,60.8,48,24.0,49.9,59.2,1,1,43.47
Berlin,2024-01-26,27.4,61.7,40,21.4,96.1,73.1,1,3,55.91
Berlin,2024-01-27,22.7,66.0,20,25.0,65.3,62.0,0,2,37.48
Berlin,2024-01-28,12.7,72.7,60,33.5,78.6,58.5,0,5,50.52
Berlin,2024-01-29,10.0,79.4,49,33.4,78.7,62.5,1,0,56.25
Berlin,2024-01-30,13.5,53.6,27,27.7,61.6,66.2,1,2,48.51
Berlin,2024-01-31,21.5,65.2,48,47.7,47.1,56.2,1,3,49.23
Berlin,2024-02-01,4.5,67.2,43,27.4,72.1,62.5,1,3,56.47
Berlin,2024-02-02,27.4,74.4,71,15.0,68.1,64.3,1,2,48.98
Berlin,2024-02-03,24.6,65.3,20,24.5,44.6,63.5,0,3,35.0
Berlin,2024-02-04,5.3,52.2,29,22.6,40.2,60.9,0,3,37.96
Berlin,2024-02-05,22.8,63.9,61,35.4,59.4,51.7,1,2,47.3
Berlin,2024-02-06,21.3,65.1,82,15.8,86.2,61.1,1,1,49.15
Berlin,2024-02-07,16.0,80.0,49,37.5,53.9,61.6,1,3,52.43
Berlin,2024-02-08,18.8,68.7,34,44.2,68.9,58.1,1,3,53.66
Berlin,2024-02-09,25.8,65.8,37,39.6,57.1,58.1,1,2,49.31
Berlin,2024-02-10,29.6,61.9,20,30.3,56.5,63.8,0,4,41.52
Berlin,2024-02-11,-1.0,87.8,27,35.9,84.0,62.3,0,0,54.12
Berlin,2024-02-12,-0.0,64.0,34,21.9,77.4,53.1,1,2,54.54
Berlin,2024-02-13,33.3,69.1,72,15.0,79.1,63.9,1,5,55.49
Berlin,2024-02-14,34.3,46.2,68,31.0,55.1,54.9,1,3,49.78
Berlin,2024-02-15,16.9,71.7,44,18.9,62.3,57.7,1,1,45.16
Berlin,2024-02-16,17.5,75.1,45,20.8,83.1,62.9,1,2,51.76
Berlin,2024-02-17,28.2,64.5,58,35.2,60.6,61.6,0,3,44.11
Berlin,2024-02-18,32.8,67.4,25,29.4,33.3,61.7,0,6,40.05
Berlin,2024-02-19,12.2,50.0,56,30.0,69.5,67.1,1,4,54.12
Berlin,2024-02-20,31.8,71.9,62,23.4,82.6,59.4,1,2,54.4
Berlin,2024-02-21,23.2,82.5,76,34.9,58.7,63.9,1,3,52.77
Berlin,2024-02-22,18.1,61.4,43,37.3,61.7,60.8,1,0,48.34
Berlin,2024-02-23,27.4,82.3,26,33.5,81.5,58.4,1,2,54.25
Berlin,2024-02-24,19.3,52.2,41,35.3,79.8,69.8,0,1,44.29
Berlin,2024-02-25,18.0,55.5,30,26.4,69.9,56.8,0,4,40.4
Berlin,2024-02-26,10.4,58.1,44,22.8,67.5,60.0,1,2,49.73
Berlin,2024-02-27,19.9,68.8,20,27.2,65.2,58.8,1,1,45.53
Berlin,2024-02-28,8.9,78.8,38,31.5,50.3,62.2,1,2,51.51
Berlin,2024-02-29,22.2,53.2,30,25.0,86.1,64.6,1,3,50.0
Berlin,2024-03-01,16.7,61.4,25,45.9,49.9,65.3,1,2,50.47
Berlin,2024-03-02,12.8,67.1,49,31.7,69.8,65.5,0,3,46.7
Berlin,2024-03-03,11.2,70.5,69,29.5,69.2,53.5,0,2,44.99
Berlin,2024-03-04,5.6,65.5,44,35.2,77.9,66.2,1,1,58.25
Berlin,2024-03-05,36.1,66.2,28,31.4,59.2,55.1,1,3,51.46
Berlin,2024-03-06,15.5,49.0,20,21.9,64.1,58.7,1,3,45.27
Berlin,2024-03-07,26.0,68.6,65,30.2,89.0,62.7,1,1,54.8
Berlin,2024-03-08,10.0,61.9,53,36.9,58.8,74.7,1,1,54.7
Berlin,2024-03-09,29.7,71.1,49,28.3,70.9,69.1,0,3,46.4
Berlin,2024-03-10,12.1,64.0,28,25.0,53.5,57.6,0,5,40.77
Berlin,2024-03-11,28.3,55.0,64,17.8,62.0,63.4,1,3,47.28
Berlin,2024-03-12,30.6,71.5,25,31.5,76.9,55.4,1,3,53.26
Berlin,2024-03-13,6.0,55.6,34,36.1,54.5,61.6,1,1,51.35
Berlin,2024-03-14,30.0,53.5,60,32.0,56.4,54.9,1,1,47.24
Berlin,2024-03-15,18.8,71.0,38,30.1,63.7,63.4,1,2,49.3
Berlin,2024-03-16,25.1,38.5,47,15.0,65.1,69.0,0,2,35.48
Berlin,2024-03-17,23.7,59.2,33,35.3,71.4,64.0,0,3,43.15
Berlin,2024-03-18,4.3,67.9,42,38.8,71.2,57.7,1,1,57.04
Berlin,2024-03-19,24.6,42.0,48,24.9,67.9,62.7,1,1,45.06
Berlin,2024-03-20,21.2,65.9,42,22.2,49.0,54.1,1,2,41.2
Berlin,2024-03-21,25.1,64.9,67,31.4,61.7,54.6,1,1,47.65
Berlin,2024-03-22,28.3,51.8,49,30.0,70.8,61.2,1,1,49.31
Berlin,2024-03-23,30.1,56.8,68,37.3,67.1,57.3,0,2,44.89
Berlin,2024-03-24,12.2,76.4,56,48.2,47.7,65.3,0,4,49.17
Berlin,2024-03-25,17.6,57.9,54,27.6,57.0,62.3,1,4,48.65
Berlin,2024-03-26,18.5,74.5,52,35.9,57.8,61.0,1,4,52.12
Berlin,2024-03-27,4.2,68.4,103,29.5,79.8,64.7,1,2,61.36
Berlin,2024-03-28,22.3,53.1,28,39.4,93.2,56.0,1,1,52.15
Berlin,2024-03-29,15.6,84.3,34,28.9,89.2,63.9,1,2,56.52
Berlin,2024-03-30,29.8,57.0,20,39.0,60.5,58.8,0,3,42.6
Berlin,2024-03-31,19.4,56.2,34,27.5,84.5,57.7,0,2,41.79
Berlin,2024-04-01,20.4,46.9,20,42.3,49.0,67.3,1,2,46.44
Berlin,2024-04-02,18.9,57.5,70,36.2,64.8,56.6,1,2,50.18
Berlin,2024-04-03,18.4,60.4,64,29.9,51.6,64.6,1,2,47.38
Berlin,2024-04-04,9.0,54.5,38,36.3,50.9,59.1,1,2,49.9
Berlin,2024-04-05,3.9,53.0,40,30.4,61.3,59.1,1,1,51.52
Berlin,2024-04-06,8.2,56.3,68,40.3,73.7,63.4,0,2,50.37
Berlin,2024-04-07,39.4,67.3,38,21.5,66.2,66.0,0,2,45.13
Berlin,2024-04-08,13.8,54.1,65,33.0,75.1,47.7,1,0,49.59
Berlin,2024-04-09,18.9,84.1,52,21.8,52.0,61.5,1,3,47.08
Berlin,2024-04-10,25.0,57.6,42,38.8,56.5,53.8,1,1,46.51
Berlin,2024-04-11,17.1,66.2,58,24.9,56.7,62.1,1,2,47.4
Berlin,2024-04-12,32.7,59.2,22,37.6,71.9,58.3,1,7,57.24
Berlin,2024-04-13,16.0,70.3,45,28.2,61.3,60.5,0,6,44.49
Berlin,2024-04-14,39.7,68.5,20,27.4,61.7,54.8,0,2,43.21
Berlin,2024-04-15,13.5,62.6,30,40.4,66.2,56.0,1,4,53.89
Berlin,2024-04-16,20.0,53.9,58,27.0,59.9,53.4,1,4,46.37
Berlin,2024-04-17,14.9,71.1,28,33.1,91.2,55.0,1,3,56.03
Berlin,2024-04-18,20.6,65.9,51,29.2,66.1,62.2,1,2,48.71
Berlin,2024-04-19,24.0,84.5,48,37.2,75.5,56.6,1,1,52.92
Berlin,2024-04-20,19.7,64.9,45,36.0,53.9,65.2,0,6,43.95
Berlin,2024-04-21,25.3,61.6,49,44.8,64.5,65.7,0,3,46.37
Berlin,2024-04-22,23.1,64.0,43,30.0,52.7,60.0,1,5,47.62
Berlin,2024-04-23,20.8,63.6,24,35.6,77.7,56.8,1,2,50.21
Berlin,2024-04-24,30.3,71.2,51,36.3,92.1,65.0,1,1,58.83
Berlin,2024-04-25,20.7,75.3,46,32.1,65.6,62.2,1,0,48.41
Berlin,2024-04-26,25.1,63.5,47,25.5,39.7,61.5,1,2,42.51
Berlin,2024-04-27,31.8,57.3,58,29.1,57.3,57.3,0,1,40.06
Berlin,2024-04-28,19.3,63.7,60,20.4,77.8,65.1,0,0,40.19
Berlin,2024-04-29,30.0,79.5,20,34.7,56.2,66.6,1,1,50.62
Berlin,2024-04-30,8.5,62.0,63,34.0,47.0,71.8,1,3,53.77
Berlin,2024-05-01,12.7,73.2,28,29.8,63.8,54.6,1,4,51.49
Berlin,2024-05-02,18.1,68.1,21,22.9,69.8,58.3,1,1,45.91
Berlin,2024-05-03,21.9,66.6,58,36.2,78.8,62.1,1,2,53.06
Berlin,2024-05-04,24.1,76.3,77,36.6,66.6,61.5,0,1,44.51
Berlin,2024-05-05,27.2,55.4,77,30.8,100.0,57.5,0,3,49.69
Berlin,2024-05-06,11.2,58.2,56,38.0,44.1,63.9,1,1,49.48
Berlin,2024-05-07,21.0,55.8,29,15.7,90.8,66.1,1,3,49.11
Berlin,2024-05-08,15.4,74.1,35,29.1,60.7,57.7,1,4,50.54
Berlin,2024-05-09,28.0,60.9,54,34.1,98.5,63.5,1,1,57.44
Berlin,2024-05-10,20.8,75.9,77,48.6,56.0,63.1,1,3,55.26
Berlin,2024-05-11,18.7,70.0,20,40.3,84.5,58.0,0,4,48.01
Berlin,2024-05-12,16.8,50.2,33,41.0,64.8,59.1,0,3,43.09
Berlin,2024-05-13,24.4,57.0,76,32.1,59.0,63.9,1,4,50.81
Berlin,2024-05-14,24.3,65.9,66,26.0,48.1,57.2,1,1,43.6
Berlin,2024-05-15,17.3,53.1,20,21.8,60.7,56.9,1,3,43.91
Berlin,2024-05-16,10.5,51.7,52,37.4,76.8,66.6,1,0,54.88
Berlin,2024-05-17,25.6,58.9,78,25.3,67.2,54.8,1,0,46.41
Berlin,2024-05-18,7.1,67.3,84,27.5,61.4,65.3,0,5,49.51
Berlin,2024-05-19,11.1,61.1,53,30.2,53.2,67.3,0,5,45.2
Berlin,2024-05-20,21.2,72.1,49,33.8,51.1,73.3,1,3,50.01
Berlin,2024-05-21,8.7,63.2,60,22.3,62.9,60.2,1,1,49.9
Berlin,2024-05-22,16.6,74.7,55,30.5,66.0,59.1,1,4,52.84
Berlin,2024-05-23,21.0,65.5,51,37.9,71.8,55.4,1,3,51.68
Berlin,2024-05-24,15.6,85.0,20,41.2,39.9,70.0,1,1,49.69
Berlin,2024-05-25,7.0,51.5,62,40.2,68.6,64.7,0,3,50.12
Berlin,2024-05-26,15.4,68.9,55,26.5,75.6,64.3,0,6,48.16
Berlin,2024-05-27,28.1,76.2,67,24.9,96.2,69.8,1,1,57.71
Berlin,2024-05-28,25.5,57.8,56,33.7,84.3,63.1,1,4,55.71
Berlin,2024-05-29,21.5,66.8,51,40.9,35.7,59.8,1,0,43.49
Berlin,2024-05-30,13.7,74.3,63,28.3,51.0,60.5,1,5,51.8
Berlin,2024-05-31,15.5,73.8,20,27.5,63.0,60.9,1,1,47.82
Berlin,2024-06-01,31.3,78.6,20,37.4,63.0,63.8,0,3,46.33
Berlin,2024-06-02,26.4,59.5,20,33.6,41.6,66.7,0,1,35.96
Berlin,2024-06-03,17.7,65.8,55,32.8,56.1,66.6,1,1,49.02
Berlin,2024-06-04,22.8,64.2,44,33.0,65.8,68.3,1,3,50.87
Berlin,2024-06-05,20.0,73.3,20,34.9,43.9,65.2,1,0,44.12
Berlin,2024-06-06,42.8,67.2,20,15.0,76.0,73.4,1,0,53.36
Berlin,2024-06-07,16.9,61.7,50,47.3,85.4,59.4,1,2,58.13
Berlin,2024-06-08,26.8,75.7,49,33.5,74.3,63.3,0,5,48.48
Berlin,2024-06-09,16.8,73.2,53,24.0,63.2,58.7,0,8,45.37
Berlin,2024-06-10,-0.7,63.0,76,41.1,76.9,66.9,1,3,65.29
Berlin,2024-06-11,21.2,65.5,33,33.2,39.5,63.3,1,2,43.5
Berlin,2024-06-12,-7.4,69.0,52,17.1,52.5,56.6,1,2,53.19
Berlin,2024-06-13,29.9,51.0,35,44.6,54.1,59.0,1,3,51.18
Berlin,2024-06-14,10.5,54.9,34,35.7,56.8,61.7,1,1,49.82
Berlin,2024-06-15,9.6,52.3,34,36.9,67.9,57.1,0,4,46.16
Berlin,2024-06-16,10.6,65.8,23,24.3,90.2,64.6,0,2,47.17
Berlin,2024-06-17,6.8,58.0,42,26.3,47.6,63.1,1,2,48.63
Berlin,2024-06-18,22.5,68.9,46,35.5,76.6,63.1,1,3,53.24
Berlin,2024-06-19,22.4,69.2,41,33.3,54.2,52.1,1,4,46.79
Berlin,2024-06-20,17.0,39.2,52,34.1,70.3,50.6,1,4,49.37
Berlin,2024-06-21,7.4,65.5,84,33.3,66.6,61.1,1,0,54.97
Berlin,2024-06-22,23.7,70.3,37,25.2,65.7,66.1,0,2,40.06
Berlin,2024-06-23,37.1,61.2,20,37.4,91.2,63.6,0,4,53.34
Berlin,2024-06-24,10.7,60.7,20,34.7,73.3,62.7,1,1,52.78
Berlin,2024-06-25,17.4,73.9,20,29.3,42.9,59.0,1,3,44.85
Berlin,2024-06-26,6.3,65.4,45,38.0,56.8,57.1,1,0,52.08
Berlin,2024-06-27,20.2,60.3,49,31.3,72.1,58.4,1,1,48.49
Berlin,2024-06-28,31.5,74.6,69,42.3,58.0,62.5,1,3,56.6
Berlin,2024-06-29,20.6,70.3,58,32.7,66.9,62.1,0,0,40.94
Berlin,2024-06-30,16.1,50.3,78,37.6,72.8,58.8,0,7,49.54
Berlin,2024-07-01,32.3,66.2,58,38.7,97.0,63.1,1,4,63.31
Berlin,2024-07-02,18.0,65.1,25,36.9,42.9,60.5,1,0,43.89
Berlin,2024-07-03,-1.4,59.0,20,29.2,69.6,63.5,1,1,55.32
Berlin,2024-07-04,19.0,54.3,73,30.8,47.9,55.7,1,5,47.42
Berlin,2024-07-05,19.2,73.6,32,38.2,52.9,69.2,1,0,48.5
Berlin,2024-07-06,30.1,43.0,38,29.1,33.8,58.7,0,2,33.33
Berlin,2024-07-07,22.8,61.8,54,24.3,71.7,60.6,0,2,39.68
Berlin,2024-07-08,6.6,56.7,58,30.2,48.9,51.8,1,2,48.75
Berlin,2024-07-09,18.7,83.8,36,27.0,63.0,58.9,1,1,47.87
Berlin,2024-07-10,32.7,70.5,77,39.6,65.2,52.6,1,1,54.4
Berlin,2024-07-11,12.3,46.8,27,30.4,88.8,57.6,1,2,52.99
Berlin,2024-07-12,18.4,54.8,44,29.7,99.8,63.2,1,0,53.52
Berlin,2024-07-13,23.3,53.2,44,32.1,87.1,62.0,0,1,43.19
Berlin,2024-07-14,24.9,62.5,33,24.2,60.5,64.5,0,1,37.11
Berlin,2024-07-15,15.5,66.7,46,25.7,77.5,53.7,1,3,51.2
Berlin,2024-07-16,19.6,80.3,42,33.0,47.8,53.8,1,0,44.34
Berlin,2024-07-17,26.1,85.5,20,47.8,61.1,65.8,1,3,55.81
Berlin,2024-07-18,19.6,61.4,71,31.4,40.7,57.8,1,1,43.58
Berlin,2024-07-19,25.4,58.5,36,29.8,67.1,63.6,1,0,46.97
Berlin,2024-07-20,21.3,58.8,29,32.6,40.2,71.0,0,1,35.12
Berlin,2024-07-21,25.9,63.3,36,21.3,66.5,58.3,0,5,40.39
Berlin,2024-07-22,12.0,66.1,73,29.5,61.9,65.7,1,0,51.44
Berlin,2024-07-23,22.7,67.5,43,38.9,61.1,68.0,1,2,50.9
Berlin,2024-07-24,28.5,67.3,31,23.0,42.6,63.6,1,3,44.51
Berlin,2024-07-25,19.7,58.9,34,32.8,64.5,56.5,1,2,47.2
Berlin,2024-07-26,28.2,49.5,59,31.9,73.7,61.1,1,1,50.59
Berlin,2024-07-27,25.4,71.7,58,35.4,79.2,68.0,0,4,49.44
Berlin,2024-07-28,19.0,55.6,32,19.8,74.4,64.6,0,2,38.88
Berlin,2024-07-29,18.3,83.2,62,22.1,46.1,58.1,1,3,46.07
Berlin,2024-07-30,4.2,54.5,33,33.2,80.4,64.5,1,1,56.75
Berlin,2024-07-31,20.6,62.4,39,18.2,47.7,59.0,1,3,41.29
Berlin,2024-08-01,24.8,59.6,65,37.9,60.4,58.9,1,4,51.66
Berlin,2024-08-02,19.0,58.7,20,33.7,80.2,61.2,1,4,52.59
Berlin,2024-08-03,15.8,64.0,25,39.8,63.9,61.6,0,3,44.39
Berlin,2024-08-04,13.2,66.1,64,22.6,42.0,61.2,0,1,36.72
Berlin,2024-08-05,22.6,43.6,58,22.6,64.7,57.7,1,5,46.09
Berlin,2024-08-06,21.2,71.2,53,34.0,81.6,61.8,1,3,54.28
Berlin,2024-08-07,23.2,65.4,58,38.4,44.6,67.4,1,1,47.26
Berlin,2024-08-08,15.2,73.1,39,26.7,58.6,52.0,1,1,46.17
Berlin,2024-08-09,17.8,71.6,56,42.1,80.5,58.4,1,1,55.54
Berlin,2024-08-10,20.2,64.7,20,22.3,62.5,60.1,0,7,40.33
Berlin,2024-08-11,28.5,63.6,69,24.9,50.8,63.1,0,5,41.85
Berlin,2024-08-12,35.9,68.9,49,25.0,39.5,60.6,1,3,47.99
Berlin,2024-08-13,23.2,79.3,73,35.4,67.6,53.4,1,1,50.67
Berlin,2024-08-14,13.2,67.5,83,44.1,68.7,64.9,1,1,57.72
Berlin,2024-08-15,14.2,79.6,20,39.3,72.4,57.2,1,3,55.1
Berlin,2024-08-16,18.3,53.7,23,19.3,76.5,67.0,1,2,47.14
Berlin,2024-08-17,26.5,64.0,91,29.0,79.7,59.1,0,4,47.53
Berlin,2024-08-18,15.1,74.0,51,40.6,81.7,52.4,0,5,50.75
Berlin,2024-08-19,17.0,69.8,46,28.5,67.9,74.5,1,1,51.77
Berlin,2024-08-20,14.7,59.4,61,37.7,64.9,66.1,1,3,54.57
Berlin,2024-08-21,21.4,65.2,35,38.0,70.2,59.8,1,1,49.54
Berlin,2024-08-22,10.2,75.7,57,34.0,25.1,60.8,1,2,47.03
Berlin,2024-08-23,29.4,57.7,59,39.2,44.5,67.5,1,3,50.92
Berlin,2024-08-24,6.8,68.7,35,40.1,69.9,70.0,0,5,53.37
Berlin,2024-08-25,19.1,33.9,72,31.2,79.5,61.8,0,2,42.33
Berlin,2024-08-26,28.4,40.4,45,28.8,85.4,58.4,1,3,51.75
Berlin,2024-08-27,16.5,74.5,58,30.1,49.3,66.2,1,3,49.96
Berlin,2024-08-28,7.7,69.4,20,46.9,50.9,61.0,1,0,52.62
Berlin,2024-08-29,22.7,90.7,63,16.4,58.9,60.0,1,1,45.25
Berlin,2024-08-30,17.4,52.6,27,39.5,76.2,60.4,1,2,51.98
Berlin,2024-08-31,18.6,52.0,51,30.4,66.8,58.2,0,1,39.03
Berlin,2024-09-01,18.2,82.2,60,36.4,62.3,50.9,0,2,43.02
Berlin,2024-09-02,19.5,70.2,33,30.6,66.4,59.7,1,3,49.51
Berlin,2024-09-03,24.6,70.2,20,35.4,52.4,71.0,1,0,46.92
Berlin,2024-09-04,37.2,61.7,25,35.5,72.5,60.6,1,2,55.24
Berlin,2024-09-05,22.6,63.5,26,28.9,90.8,66.6,1,4,54.15
Berlin,2024-09-06,11.2,72.5,36,30.0,75.9,60.3,1,1,53.38
Berlin,2024-09-07,4.1,72.6,24,46.9,60.7,67.5,0,4,53.07
Berlin,2024-09-08,26.0,50.2,49,43.2,73.4,61.2,0,4,46.89
Berlin,2024-09-09,15.1,54.9,98,37.1,56.1,57.6,1,4,53.21
Berlin,2024-09-10,23.2,73.8,63,23.7,54.0,68.4,1,4,48.82
Berlin,2024-09-11,17.7,86.1,47,35.6,61.0,58.6,1,2,51.79
Berlin,2024-09-12,21.5,74.2,38,26.8,66.6,57.1,1,2,47.07
Berlin,2024-09-13,18.8,61.7,20,40.8,78.4,61.1,1,1,52.09
Berlin,2024-09-14,15.6,74.7,50,20.1,71.1,56.8,0,1,40.2
Berlin,2024-09-15,15.8,74.7,60,40.7,64.7,65.4,0,1,46.58
Berlin,2024-09-16,15.3,62.4,38,32.2,45.7,59.9,1,2,46.16
Berlin,2024-09-17,20.9,83.1,82,41.8,45.8,68.1,1,0,50.64
Berlin,2024-09-18,14.2,61.0,52,24.0,100.0,64.8,1,3,57.43
Berlin,2024-09-19,23.9,63.9,32,24.8,59.0,55.9,1,0,42.35
Berlin,2024-09-20,26.1,71.5,49,31.7,82.1,65.2,1,3,55.5
Berlin,2024-09-21,28.8,73.3,40,16.7,66.4,57.5,0,4,40.48
Berlin,2024-09-22,19.6,75.2,20,30.9,33.7,61.8,0,2,34.39
Berlin,2024-09-23,23.3,69.3,43,22.0,63.3,59.2,1,2,45.49
Berlin,2024-09-24,45.3,71.1,67,38.1,77.5,63.4,1,1,62.91
Berlin,2024-09-25,22.9,63.9,55,31.4,76.4,65.7,1,2,51.81
Berlin,2024-09-26,24.4,62.2,56,36.6,53.9,60.4,1,4,49.97
Berlin,2024-09-27,32.9,73.5,56,54.0,54.0,57.2,1,1,56.27
Berlin,2024-09-28,21.2,80.2,26,46.0,43.4,60.4,0,2,40.45
Berlin,2024-09-29,15.8,49.3,62,32.9,59.1,58.3,0,1,39.64
Berlin,2024-09-30,29.9,78.9,32,15.0,61.8,62.1,1,1,46.02
Berlin,2024-10-01,32.3,46.4,30,23.8,48.9,50.1,1,2,42.15
Berlin,2024-10-02,36.1,55.4,62,42.7,59.6,57.5,1,2,54.91
Berlin,2024-10-03,21.0,61.1,21,33.3,71.5,61.2,1,3,49.44
Berlin,2024-10-04,26.5,40.1,61,32.1,61.1,60.4,1,2,47.31
Berlin,2024-10-05,23.5,65.3,20,44.9,71.2,61.4,0,5,46.83
Berlin,2024-10-06,36.0,56.6,33,34.9,53.3,57.9,0,6,45.53
Berlin,2024-10-07,35.0,65.8,32,23.4,85.3,59.1,1,2,54.08
Berlin,2024-10-08,25.4,46.8,40,22.9,49.9,59.0,1,1,40.65
Berlin,2024-10-09,19.5,87.3,60,40.1,77.0,57.5,1,6,59.4
Berlin,2024-10-10,2.4,68.2,95,17.7,95.0,64.6,1,1,60.59
Berlin,2024-10-11,23.2,74.1,36,37.6,85.8,65.4,1,2,55.52
Berlin,2024-10-12,33.5,79.2,89,36.6,72.6,56.4,0,3,51.15
Berlin,2024-10-13,28.6,68.9,20,30.5,94.5,60.4,0,3,48.07
Berlin,2024-10-14,16.5,61.5,36,30.9,46.6,62.6,1,1,44.93
Berlin,2024-10-15,28.1,68.8,58,49.2,64.1,61.1,1,0,54.52
Berlin,2024-10-16,21.8,48.1,74,33.1,69.6,63.0,1,0,47.86
Berlin,2024-10-17,20.2,60.9,26,19.6,86.9,57.5,1,1,46.93
Berlin,2024-10-18,17.8,81.4,38,53.1,66.0,71.3,1,5,61.43
Berlin,2024-10-19,16.0,55.1,31,46.0,86.8,58.4,0,0,46.91
Berlin,2024-10-20,19.0,85.2,20,22.7,57.5,56.0,0,4,38.72
Berlin,2024-10-21,11.0,70.1,37,30.3,67.2,56.9,1,3,52.7
Berlin,2024-10-22,27.7,56.0,48,44.0,63.7,61.4,1,0,51.09
Berlin,2024-10-23,5.7,68.0,35,30.0,47.9,67.0,1,4,53.19
Berlin,2024-10-24,13.5,49.8,57,32.8,48.9,62.5,1,0,46.19
Berlin,2024-10-25,16.9,74.9,65,27.1,59.2,55.2,1,5,51.04
Berlin,2024-10-26,13.1,50.7,53,30.4,49.5,57.4,0,4,40.12
Berlin,2024-10-27,21.4,67.9,68,28.0,64.5,65.1,0,3,42.1
Berlin,2024-10-28,19.0,55.8,58,33.4,78.3,65.8,1,4,54.57
Berlin,2024-10-29,33.2,77.0,25,26.4,34.6,60.1,1,3,45.81
Berlin,2024-10-30,21.1,62.7,41,44.5,66.4,63.7,1,4,53.96
Berlin,2024-10-31,3.3,61.1,80,33.2,66.6,66.0,1,0,56.77
Berlin,2024-11-01,13.2,69.0,26,32.1,39.4,65.2,1,4,48.4
Berlin,2024-11-02,13.4,63.9,52,22.3,57.2,61.5,0,4,41.27
Berlin,2024-11-03,14.7,60.2,64,24.3,93.8,55.9,0,3,47.05
Berlin,2024-11-04,3.6,58.4,52,33.1,67.7,59.6,1,1,54.89
Berlin,2024-11-05,21.0,75.6,45,25.9,67.2,68.3,1,1,48.73
Berlin,2024-11-06,21.8,70.9,62,37.6,67.5,56.8,1,1,50.1
Berlin,2024-11-07,24.9,58.5,35,24.9,88.4,59.9,1,0,48.95
Berlin,2024-11-08,22.7,59.1,76,37.5,75.2,58.0,1,2,52.4
Berlin,2024-11-09,25.1,58.2,40,30.9,81.4,72.1,0,5,47.83
Berlin,2024-11-10,8.5,72.3,20,40.2,40.3,67.1,0,1,42.54
Berlin,2024-11-11,29.4,61.7,53,32.0,42.8,63.8,1,2,47.19
Berlin,2024-11-12,20.3,83.2,97,28.3,52.5,66.6,1,2,50.64
Berlin,2024-11-13,10.7,68.5,62,28.0,94.6,57.3,1,2,57.97
Berlin,2024-11-14,17.4,49.8,20,23.2,65.7,58.0,1,0,42.66
Berlin,2024-11-15,25.0,74.8,71,21.4,53.4,56.6,1,2,45.53
Berlin,2024-11-16,9.0,67.9,25,25.8,71.0,71.9,0,2,45.97
Berlin,2024-11-17,14.2,68.4,28,23.5,75.5,67.8,0,3,44.5
Berlin,2024-11-18,26.4,53.7,30,33.5,62.8,71.4,1,2,49.8
Berlin,2024-11-19,10.4,93.3,73,26.7,91.0,63.7,1,1,60.32
Berlin,2024-11-20,15.9,64.6,20,28.1,65.1,67.5,1,2,49.31
Berlin,2024-11-21,10.8,61.2,47,25.9,69.3,58.4,1,2,50.99
Berlin,2024-11-22,12.9,75.0,33,31.2,42.6,65.3,1,4,49.83
Berlin,2024-11-23,-4.2,87.6,55,35.0,54.3,50.7,0,5,52.74
Berlin,2024-11-24,15.7,60.4,20,22.2,46.4,59.2,0,3,34.94
Berlin,2024-11-25,6.7,56.9,44,15.0,87.2,69.9,1,4,56.31
Berlin,2024-11-26,21.2,83.4,61,25.5,70.3,65.0,1,1,50.2
Berlin,2024-11-27,30.8,56.4,30,41.3,59.7,56.1,1,4,52.32
Berlin,2024-11-28,21.7,76.6,20,47.4,59.7,49.5,1,1,48.47
Berlin,2024-11-29,13.8,52.1,61,33.4,72.7,63.2,1,3,54.01
Berlin,2024-11-30,7.9,50.3,23,45.5,42.6,68.4,0,5,46.23
Berlin,2024-12-01,7.0,64.1,68,39.3,41.8,60.0,0,4,46.04
Berlin,2024-12-02,25.6,55.8,59,44.8,86.9,69.0,1,3,59.52
Berlin,2024-12-03,13.0,61.4,70,19.1,41.9,65.2,1,2,45.12
Berlin,2024-12-04,13.0,61.7,45,17.7,56.7,62.8,1,0,44.39
Berlin,2024-12-05,18.3,65.4,20,27.8,65.3,63.7,1,5,50.21
Berlin,2024-12-06,29.0,60.5,83,35.6,97.9,62.5,1,1,59.34
Berlin,2024-12-07,17.2,59.3,70,31.8,40.8,62.1,0,0,36.32
Berlin,2024-12-08,10.3,83.6,32,36.7,45.2,71.8,0,2,45.22
Berlin,2024-12-09,23.2,66.4,41,44.1,81.6,59.4,1,3,55.75
Berlin,2024-12-10,28.8,63.6,20,34.6,75.0,57.2,1,0,49.79
Berlin,2024-12-11,30.4,81.3,28,52.4,71.3,65.6,1,1,59.15
Berlin,2024-12-12,23.4,56.0,78,31.7,57.5,55.2,1,8,51.78
Berlin,2024-12-13,20.8,73.0,40,29.5,65.3,66.9,1,1,48.68
Berlin,2024-12-14,6.0,55.9,90,34.2,58.9,65.0,0,3,48.75
Berlin,2024-12-15,22.8,57.7,47,34.6,67.1,52.5,0,6,42.76
Berlin,2024-12-16,22.7,49.9,20,26.4,61.3,65.2,1,2,44.03
Berlin,2024-12-17,26.3,77.6,24,41.1,75.3,61.0,1,0,52.92
Berlin,2024-12-18,14.7,72.8,33,26.7,65.9,66.5,1,4,52.54
Berlin,2024-12-19,37.3,58.6,63,33.5,43.3,53.6,1,1,48.39
Berlin,2024-12-20,27.0,49.3,58,31.1,65.0,63.9,1,3,50.26
Berlin,2024-12-21,26.8,73.9,58,27.9,44.5,63.9,0,2,38.83
Berlin,2024-12-22,21.7,63.8,35,29.5,75.1,60.1,0,3,41.6
Berlin,2024-12-23,14.7,83.1,57,25.5,55.8,50.5,1,3,48.77
Berlin,2024-12-24,24.9,63.2,46,36.4,64.8,57.1,1,1,48.77
Berlin,2024-12-25,24.8,55.9,56,23.4,62.5,62.4,1,4,47.84
Berlin,2024-12-26,16.5,69.7,42,31.4,71.0,55.8,1,2,50.74
Berlin,2024-12-27,21.3,61.4,48,34.0,38.6,60.6,1,0,41.74
Berlin,2024-12-28,-5.6,77.4,63,17.3,78.9,66.3,0,2,52.93
Berlin,2024-12-29,22.2,61.3,65,38.0,53.4,59.5,0,2,39.93
Berlin,2024-12-30,18.9,68.6,62,34.0,43.5,67.8,1,2,47.99
Berlin,2024-12-31,11.6,74.1,34,25.8,59.9,59.7,1,5,52.13
Toronto,2023-01-01,33.0,38.2,45,43.9,50.1,64.4,0,3,43.54
Toronto,2023-01-02,16.5,88.4,78,24.7,81.5,59.8,1,0,53.72
Toronto,2023-01-03,24.8,76.3,100,41.2,56.8,56.4,1,4,54.87
Toronto,2023-01-04,19.4,74.1,55,41.5,50.8,62.3,1,6,53.89
Toronto,2023-01-05,12.2,65.5,106,21.7,87.9,60.2,1,1,55.85
Toronto,2023-01-06,23.5,67.7,65,39.5,72.5,68.4,1,3,55.69
Toronto,2023-01-07,22.8,62.0,104,37.0,44.6,68.8,0,2,41.75
Toronto,2023-01-08,14.3,42.5,103,44.6,60.0,53.0,0,3,45.74
Toronto,2023-01-09,21.6,77.3,114,38.8,74.3,47.3,1,6,57.59
Toronto,2023-01-10,19.7,65.3,96,50.2,80.8,64.3,1,1,59.56
Toronto,2023-01-11,12.5,66.8,84,59.3,44.6,61.1,1,0,55.83
Toronto,2023-01-12,32.8,76.2,119,42.9,82.3,62.1,1,1,63.08
Toronto,2023-01-13,17.2,77.5,112,37.8,75.8,61.1,1,1,57.54
Toronto,2023-01-14,18.2,74.3,77,49.3,69.7,52.8,0,2,48.48
Toronto,2023-01-15,30.7,83.5,91,50.3,55.3,67.4,0,0,50.36
Toronto,2023-01-16,18.0,63.6,110,46.8,52.1,59.6,1,1,53.25
Toronto,2023-01-17,11.1,49.9,69,30.5,42.1,67.1,1,6,51.58
Toronto,2023-01-18,5.1,65.8,68,37.2,50.7,59.5,1,4,56.08
Toronto,2023-01-19,13.6,55.6,96,43.0,65.0,56.0,1,3,56.11
Toronto,2023-01-20,21.2,71.8,86,41.1,75.8,72.2,1,1,56.98
Toronto,2023-01-21,22.3,43.2,110,49.4,65.5,63.3,0,5,49.12
Toronto,2023-01-22,32.1,67.9,62,50.7,78.9,62.0,0,3,54.25
Toronto,2023-01-23,21.2,87.3,95,41.1,46.2,70.0,1,2,53.48
Toronto,2023-01-24,14.0,61.5,109,33.2,63.0,58.4,1,0,51.93
Toronto,2023-01-25,14.4,62.6,107,39.3,88.4,65.9,1,3,62.38
Toronto,2023-01-26,34.1,56.7,93,35.7,59.0,62.5,1,3,55.44
Toronto,2023-01-27,24.9,69.5,81,48.8,50.5,59.7,1,1,52.19
Toronto,2023-01-28,1.0,61.0,97,62.8,65.7,55.6,0,1,57.59
Toronto,2023-01-29,25.4,58.2,60,44.5,84.8,57.0,0,5,50.76
Toronto,2023-01-30,2.6,61.1,67,44.1,78.3,64.5,1,1,62.32
Toronto,2023-01-31,23.7,66.3,73,46.0,76.5,60.1,1,1,55.5
Toronto,2023-02-01,13.1,78.2,35,40.4,51.6,64.6,1,3,53.59
Toronto,2023-02-02,5.7,67.5,87,41.2,52.4,50.4,1,1,54.32
Toronto,2023-02-03,27.8,71.3,86,44.8,62.7,65.9,1,1,56.25
Toronto,2023-02-04,21.2,61.2,86,41.9,54.7,56.2,0,1,41.1
Toronto,2023-02-05,28.5,55.4,76,44.5,71.0,60.3,0,1,46.99
Toronto,2023-02-06,26.5,64.0,70,42.7,76.2,65.9,1,4,58.8
Toronto,2023-02-07,18.5,56.6,73,39.7,88.6,65.8,1,1,56.95
Toronto,2023-02-08,12.2,58.7,114,58.9,36.6,61.2,1,2,56.62
Toronto,2023-02-09,15.1,56.0,71,56.8,65.9,65.5,1,2,59.12
Toronto,2023-02-10,23.1,62.9,89,54.6,84.4,59.2,1,2,60.37
Toronto,2023-02-11,14.4,58.7,98,21.8,73.2,64.9,0,1,43.8
Toronto,2023-02-12,29.4,51.2,110,50.3,73.4,70.1,0,3,54.15
Toronto,2023-02-13,19.6,61.8,98,40.6,65.9,61.3,1,2,54.01
Toronto,2023-02-14,15.5,62.4,91,48.5,60.4,59.1,1,1,55.25
Toronto,2023-02-15,27.5,54.5,48,44.7,82.6,62.5,1,1,55.89
Toronto,2023-02-16,20.4,72.2,70,55.6,58.8,57.7,1,0,53.76
Toronto,2023-02-17,21.3,65.2,90,52.7,52.2,62.8,1,3,55.01
Toronto,2023-02-18,11.7,57.9,99,45.1,75.7,63.4,0,1,51.6
Toronto,2023-02-19,18.4,54.9,94,38.7,62.9,57.4,0,4,45.48
Toronto,2023-02-20,18.3,65.8,128,28.0,66.7,59.3,1,4,54.39
Toronto,2023-02-21,21.7,61.3,100,44.3,56.0,64.5,1,0,51.14
Toronto,2023-02-22,4.3,62.1,122,55.2,76.2,69.9,1,1,68.14
Toronto,2023-02-23,17.8,71.5,146,45.9,47.9,55.5,1,1,54.13
Toronto,2023-02-24,12.8,67.2,59,46.9,79.8,57.9,1,7,63.42
Toronto,2023-02-25,18.7,66.4,68,30.9,34.8,52.2,0,4,36.42
Toronto,2023-02-26,17.0,72.4,121,41.1,56.9,62.0,0,4,49.4
Toronto,2023-02-27,32.8,76.2,89,42.3,66.5,64.4,1,3,60.33
Toronto,2023-02-28,18.8,74.9,133,43.6,75.0,53.3,1,1,57.8
Toronto,2023-03-01,3.6,67.5,80,43.4,54.3,63.6,1,4,60.6
Toronto,2023-03-02,6.0,63.6,103,48.0,56.7,65.4,1,3,61.66
Toronto,2023-03-03,21.4,73.1,79,56.1,59.1,55.3,1,2,55.35
Toronto,2023-03-04,23.6,54.8,75,32.2,36.5,60.6,0,3,36.35
Toronto,2023-03-05,35.4,76.5,88,48.4,84.7,58.5,0,5,59.31
Toronto,2023-03-06,36.4,58.7,82,47.4,51.7,60.6,1,3,57.47
Toronto,2023-03-07,21.9,51.7,69,51.2,67.5,60.8,1,3,54.64
Toronto,2023-03-08,-1.1,64.7,66,39.4,72.2,61.5,1,1,61.11
Toronto,2023-03-09,29.2,80.9,115,32.2,59.7,57.4,1,3,55.24
Toronto,2023-03-10,15.4,75.1,75,49.3,60.1,55.8,1,2,56.19
Toronto,2023-03-11,38.1,69.8,63,39.2,80.8,57.0,0,5,54.84
Toronto,2023-03-12,28.1,71.4,97,64.4,51.0,68.6,0,5,55.8
Toronto,2023-03-13,11.2,61.4,124,52.4,59.6,64.4,1,1,60.42
Toronto,2023-03-14,17.1,79.3,45,50.0,59.1,64.1,1,4,57.55
Toronto,2023-03-15,18.4,61.8,74,36.7,54.3,60.6,1,2,49.76
Toronto,2023-03-16,26.0,77.4,115,46.3,59.2,54.5,1,4,57.74
Toronto,2023-03-17,18.9,60.8,93,65.1,63.5,57.8,1,2,59.66
Toronto,2023-03-18,32.1,60.5,125,37.2,63.1,53.6,0,1,46.61
Toronto,2023-03-19,16.5,46.0,155,34.6,70.4,58.6,0,1,46.45
Toronto,2023-03-20,27.6,70.1,92,47.6,70.6,54.6,1,3,58.37
Toronto,2023-03-21,15.2,68.6,110,37.4,80.3,60.5,1,2,58.86
Toronto,2023-03-22,24.2,67.5,93,43.2,56.3,69.6,1,4,56.17
Toronto,2023-03-23,18.9,49.0,74,29.4,63.4,67.3,1,1,48.46
Toronto,2023-03-24,19.2,81.0,113,30.3,62.1,56.6,1,3,53.23
Toronto,2023-03-25,1.7,74.3,96,55.9,55.8,66.4,0,5,59.95
Toronto,2023-03-26,12.2,61.0,76,40.7,62.3,60.2,0,0,45.24
Toronto,2023-03-27,22.5,63.6,77,31.0,73.1,64.4,1,0,49.99
Toronto,2023-03-28,20.9,55.3,72,38.2,49.4,63.2,1,2,47.97
Toronto,2023-03-29,16.5,61.3,88,41.7,72.4,55.2,1,3,56.07
Toronto,2023-03-30,27.8,69.8,90,46.6,70.1,60.1,1,3,58.89
Toronto,2023-03-31,20.6,81.4,81,24.3,59.7,53.0,1,1,46.67
Toronto,2023-04-01,23.0,67.5,100,47.4,94.1,61.0,0,3,54.47
Toronto,2023-04-02,14.8,52.4,95,39.8,76.7,64.7,0,2,49.35
Toronto,2023-04-03,21.6,55.9,82,26.6,59.1,67.2,1,2,47.63
Toronto,2023-04-04,25.3,64.5,89,48.8,85.4,60.0,1,6,63.49
Toronto,2023-04-05,31.5,58.2,83,38.4,63.7,64.7,1,1,54.41
Toronto,2023-04-06,27.8,57.4,96,47.0,58.6,56.4,1,1,53.42
Toronto,2023-04-07,16.2,81.0,69,34.2,67.9,59.9,1,1,53.36
Toronto,2023-04-08,19.8,63.4,114,35.9,57.7,67.4,0,1,44.19
Toronto,2023-04-09,23.6,66.6,81,43.6,72.1,61.8,0,3,48.32
Toronto,2023-04-10,17.8,62.0,102,56.3,39.8,59.4,1,2,53.76
Toronto,2023-04-11,19.6,64.0,96,32.6,46.1,62.3,1,1,47.31
Toronto,2023-04-12,23.1,74.0,121,40.8,75.1,55.8,1,2,56.77
Toronto,2023-04-13,30.6,63.7,90,48.6,80.0,57.4,1,1,59.82
Toronto,2023-04-14,37.5,67.8,48,40.9,96.7,58.0,1,3,63.86
Toronto,2023-04-15,20.0,54.5,100,40.4,64.7,59.9,0,4,46.35
Toronto,2023-04-16,25.3,42.7,81,42.8,90.3,56.9,0,3,49.12
Toronto,2023-04-17,8.5,71.2,59,51.4,46.3,57.2,1,1,54.97
Toronto,2023-04-18,28.6,58.0,68,42.9,64.0,64.4,1,1,53.77
Toronto,2023-04-19,29.9,54.9,91,34.9,81.4,69.5,1,1,57.3
Toronto,2023-04-20,22.9,66.3,83,38.4,41.5,60.2,1,2,47.42
Toronto,2023-04-21,4.4,75.3,99,39.5,64.3,57.6,1,2,60.19
Toronto,2023-04-22,6.9,68.3,71,52.6,56.0,58.7,0,3,52.12
Toronto,2023-04-23,19.6,52.3,96,33.3,48.7,58.2,0,3,39.74
Toronto,2023-04-24,24.0,75.5,100,42.6,54.6,56.3,1,2,52.72
Toronto,2023-04-25,15.5,73.2,83,32.3,67.6,62.2,1,3,55.05
Toronto,2023-04-26,19.9,51.6,102,47.4,79.8,56.0,1,3,57.6
Toronto,2023-04-27,7.5,59.3,78,49.1,90.0,62.5,1,2,65.0
Toronto,2023-04-28,28.6,69.7,53,41.9,70.7,67.8,1,4,58.37
Toronto,2023-04-29,29.0,47.8,86,52.0,100.0,66.4,0,0,55.09
Toronto,2023-04-30,21.5,62.3,93,43.9,52.8,58.2,0,3,43.61
Toronto,2023-05-01,13.6,63.1,70,48.8,68.8,64.4,1,4,60.22
Toronto,2023-05-02,23.4,61.7,82,42.2,52.7,58.2,1,2,50.04
Toronto,2023-05-03,12.2,77.4,87,43.0,56.0,64.1,1,2,57.19
Toronto,2023-05-04,15.0,84.6,104,47.1,66.7,59.3,1,0,58.35
Toronto,2023-05-05,12.3,60.0,100,66.0,73.5,66.9,1,1,65.58
Toronto,2023-05-06,4.7,51.7,91,45.8,77.7,60.1,0,4,55.86
Toronto,2023-05-07,16.2,67.7,74,47.7,68.9,60.2,0,3,49.96
Toronto,2023-05-08,17.7,55.2,52,52.2,62.3,62.6,1,1,53.73
Toronto,2023-05-09,19.2,56.6,80,48.7,75.5,58.5,1,2,56.43
Toronto,2023-05-10,14.5,61.0,84,35.6,53.3,58.4,1,3,51.69
Toronto,2023-05-11,27.2,55.8,120,46.1,71.3,62.8,1,2,58.48
Toronto,2023-05-12,18.5,74.4,127,49.8,47.3,59.7,1,2,55.73
Toronto,2023-05-13,23.1,57.8,52,44.8,72.3,55.5,0,3,45.03
Toronto,2023-05-14,16.9,74.1,64,42.7,55.0,71.9,0,0,45.28
Toronto,2023-05-15,18.4,71.9,54,37.7,60.4,64.9,1,1,51.22
Toronto,2023-05-16,15.4,77.6,61,51.2,79.0,67.1,1,2,62.02
Toronto,2023-05-17,21.7,74.4,65,39.7,65.7,68.5,1,2,53.79
Toronto,2023-05-18,39.0,70.2,78,61.9,74.7,64.4,1,3,68.76
Toronto,2023-05-19,26.4,80.8,133,51.8,68.2,61.4,1,1,61.22
Toronto,2023-05-20,35.8,61.3,91,37.3,80.6,67.2,0,5,55.77
Toronto,2023-05-21,-1.1,62.3,113,39.3,45.5,64.5,0,6,54.52
Toronto,2023-05-22,21.3,76.5,114,37.9,86.0,61.2,1,4,60.53
Toronto,2023-05-23,29.4,72.2,71,45.5,50.4,61.5,1,2,53.96
Toronto,2023-05-24,38.2,56.3,42,39.9,67.8,61.2,1,1,55.51
Toronto,2023-05-25,20.5,55.1,106,33.9,63.7,57.0,1,2,50.29
Toronto,2023-05-26,23.3,72.5,69,38.0,66.1,64.1,1,1,52.16
Toronto,2023-05-27,22.7,53.5,120,43.7,59.7,66.7,0,2,46.17
Toronto,2023-05-28,13.8,46.6,89,30.3,77.1,68.6,0,2,47.0
Toronto,2023-05-29,17.7,54.4,109,51.8,86.4,56.2,1,0,59.18
Toronto,2023-05-30,28.1,54.0,77,38.3,61.5,57.4,1,3,52.29
Toronto,2023-05-31,20.0,67.3,74,43.2,39.7,66.0,1,1,48.68
Toronto,2023-06-01,12.5,66.4,77,48.0,49.3,61.7,1,2,55.04
Toronto,2023-06-02,16.4,67.3,86,55.5,67.0,55.9,1,1,57.81
Toronto,2023-06-03,27.9,72.9,93,49.0,82.6,60.9,0,5,56.41
Toronto,2023-06-04,20.5,64.9,93,39.1,42.9,68.3,0,5,44.42
Toronto,2023-06-05,8.9,73.1,81,44.6,74.9,58.7,1,4,62.74
Toronto,2023-06-06,21.3,69.8,99,41.6,65.4,58.2,1,2,53.8
Toronto,2023-06-07,17.7,47.7,86,39.4,85.7,51.0,1,1,53.75
Toronto,2023-06-08,26.3,67.1,102,34.1,50.5,61.3,1,3,51.48
Toronto,2023-06-09,24.8,51.4,82,41.6,91.9,61.5,1,4,59.51
Toronto,2023-06-10,8.1,71.7,110,32.1,65.3,66.0,0,6,53.89
Toronto,2023-06-11,7.7,73.6,111,39.1,57.2,51.2,0,6,51.99
Toronto,2023-06-12,24.5,61.6,58,37.0,53.3,53.9,1,1,46.33
Toronto,2023-06-13,18.8,57.6,117,41.1,52.4,55.6,1,0,49.66
Toronto,2023-06-14,22.3,71.3,98,40.4,61.6,57.4,1,3,53.36
Toronto,2023-06-15,15.7,79.5,95,38.4,61.5,64.6,1,3,57.09
Toronto,2023-06-16,32.8,69.6,85,31.7,83.4,60.4,1,2,58.36
Toronto,2023-06-17,27.6,73.9,81,33.2,87.1,54.6,0,4,50.29
Toronto,2023-06-18,47.6,47.0,94,30.6,60.6,53.7,0,6,51.78
Toronto,2023-06-19,21.1,73.4,82,51.4,56.6,71.9,1,1,55.95
Toronto,2023-06-20,30.8,62.4,106,32.4,50.7,64.0,1,1,51.39
Toronto,2023-06-21,19.1,78.2,95,41.3,67.5,52.3,1,2,54.61
Toronto,2023-06-22,24.2,58.5,99,41.1,82.8,68.2,1,3,59.2
Toronto,2023-06-23,22.9,60.5,82,35.2,91.0,56.2,1,2,55.11
Toronto,2023-06-24,23.8,69.0,98,38.8,75.0,62.9,0,4,49.78
Toronto,2023-06-25,26.8,66.1,92,35.1,55.4,63.0,0,1,42.93
Toronto,2023-06-26,4.8,84.1,101,39.4,87.6,56.5,1,2,65.46
Toronto,2023-06-27,24.4,71.4,95,47.1,64.0,59.6,1,0,54.26
Toronto,2023-06-28,19.8,59.6,104,26.9,67.1,57.6,1,0,48.13
Toronto,2023-06-29,5.1,55.4,73,34.6,100.0,50.9,1,2,61.24
Toronto,2023-06-30,22.1,55.0,89,48.4,52.3,58.2,1,0,49.2
Toronto,2023-07-01,27.8,85.6,60,41.6,64.6,60.5,0,0,46.05
Toronto,2023-07-02,22.5,54.2,112,31.5,58.1,64.8,0,1,40.91
Toronto,2023-07-03,25.5,37.0,86,43.3,68.4,57.9,1,2,52.05
Toronto,2023-07-04,30.5,70.6,80,47.5,51.9,66.4,1,1,55.62
Toronto,2023-07-05,18.9,65.1,101,51.0,58.8,51.0,1,1,53.57
Toronto,2023-07-06,20.3,68.8,91,50.1,92.0,61.5,1,0,60.33
Toronto,2023-07-07,15.3,67.5,74,44.6,88.1,63.8,1,1,60.24
Toronto,2023-07-08,16.3,68.5,93,44.7,70.8,65.5,0,3,51.45
Toronto,2023-07-09,18.7,70.5,63,47.0,66.9,56.1,0,3,47.39
Toronto,2023-07-10,15.5,76.7,91,46.6,64.3,62.5,1,0,56.69
Toronto,2023-07-11,10.9,53.9,89,35.4,87.6,64.4,1,0,58.0
Toronto,2023-07-12,13.1,51.7,86,29.3,78.6,48.2,1,1,51.23
Toronto,2023-07-13,23.6,57.4,102,25.7,81.9,62.8,1,0,51.08
Toronto,2023-07-14,27.8,64.6,75,27.6,67.7,59.5,1,0,49.25
Toronto,2023-07-15,8.8,79.5,106,28.8,35.5,68.0,0,2,44.33
Toronto,2023-07-16,20.7,63.8,77,45.0,74.8,64.5,0,7,52.45
Toronto,2023-07-17,15.3,74.5,76,41.3,56.8,69.5,1,1,54.89
Toronto,2023-07-18,20.0,69.1,65,45.8,62.7,54.9,1,4,54.28
Toronto,2023-07-19,12.3,57.9,101,49.1,67.9,65.9,1,1,59.42
Toronto,2023-07-20,26.1,58.8,58,39.5,73.1,63.5,1,3,54.72
Toronto,2023-07-21,22.9,74.1,92,32.4,60.3,60.6,1,1,49.96
Toronto,2023-07-22,19.3,56.7,45,43.9,83.7,50.0,0,2,45.44
Toronto,2023-07-23,17.0,72.2,100,54.6,77.6,61.0,0,6,57.69
Toronto,2023-07-24,3.8,48.0,64,39.6,72.4,65.8,1,2,59.08
Toronto,2023-07-25,21.1,79.8,71,44.8,48.6,60.6,1,0,49.76
Toronto,2023-07-26,11.1,74.4,89,46.4,47.9,63.7,1,0,55.02
Toronto,2023-07-27,26.4,65.5,88,37.5,74.0,57.8,1,1,53.96
Toronto,2023-07-28,21.1,65.3,51,44.9,34.9,66.1,1,2,47.25
Toronto,2023-07-29,21.1,67.9,93,36.4,85.7,59.1,0,2,48.15
Toronto,2023-07-30,14.0,59.0,96,46.7,71.1,56.6,0,1,48.96
Toronto,2023-07-31,21.0,56.5,117,35.6,57.9,61.3,1,2,50.86
Toronto,2023-08-01,26.9,72.5,74,41.0,72.2,62.7,1,2,56.5
Toronto,2023-08-02,18.8,71.4,87,35.7,57.2,55.4,1,3,51.44
Toronto,2023-08-03,39.8,68.3,54,50.4,75.0,74.4,1,0,63.84
Toronto,2023-08-04,33.3,71.6,79,40.8,73.6,54.9,1,2,58.05
Toronto,2023-08-05,23.7,42.8,132,28.2,51.5,58.5,0,1,37.84
Toronto,2023-08-06,14.2,62.7,72,53.9,73.9,57.9,0,3,52.47
Toronto,2023-08-07,13.3,59.4,69,33.4,79.0,59.0,1,4,56.75
Toronto,2023-08-08,21.1,69.8,40,46.4,74.5,64.0,1,2,55.11
Toronto,2023-08-09,20.2,88.3,101,51.6,59.2,57.2,1,2,57.57
Toronto,2023-08-10,28.0,85.1,115,50.2,78.9,65.5,1,2,64.66
Toronto,2023-08-11,25.4,62.5,92,37.7,76.6,60.3,1,2,55.36
Toronto,2023-08-12,11.0,57.3,68,40.1,74.6,63.3,0,3,50.27
Toronto,2023-08-13,26.0,63.5,97,39.9,81.6,56.5,0,3,49.66
Toronto,2023-08-14,29.0,68.6,118,37.7,61.5,59.7,1,2,55.57
Toronto,2023-08-15,26.4,50.3,70,48.4,49.0,66.1,1,3,52.73
Toronto,2023-08-16,13.7,80.9,96,52.5,100.0,60.5,1,1,67.33
Toronto,2023-08-17,16.3,64.2,92,26.0,88.2,64.2,1,5,58.67
Toronto,2023-08-18,15.4,71.2,119,41.8,78.3,69.5,1,2,61.92
Toronto,2023-08-19,24.2,64.2,106,46.3,70.5,58.4,0,2,48.59
Toronto,2023-08-20,12.0,44.4,96,36.1,79.4,58.0,0,5,50.57
Toronto,2023-08-21,33.6,69.0,97,39.3,61.5,45.0,1,1,53.41
Toronto,2023-08-22,11.3,61.2,82,34.5,83.9,64.0,1,3,59.68
Toronto,2023-08-23,29.7,88.8,89,61.0,65.0,57.5,1,0,61.52
Toronto,2023-08-24,16.7,53.2,61,44.7,53.0,53.9,1,3,50.56
Toronto,2023-08-25,24.2,65.8,70,52.6,78.2,72.1,1,4,62.3
Toronto,2023-08-26,4.5,61.9,115,39.3,58.8,58.0,0,2,50.53
Toronto,2023-08-27,9.5,73.4,59,37.8,62.2,55.6,0,6,50.1
Toronto,2023-08-28,28.8,60.0,104,41.9,72.6,59.5,1,1,56.42
Toronto,2023-08-29,24.2,38.5,109,41.1,55.4,66.0,1,2,51.0
Toronto,2023-08-30,14.2,70.7,84,48.3,82.3,63.2,1,1,61.31
Toronto,2023-08-31,20.5,49.0,63,45.3,46.0,72.3,1,3,50.76
Toronto,2023-09-01,38.2,59.5,111,38.8,50.0,55.7,1,2,55.31
Toronto,2023-09-02,24.1,67.3,86,52.3,82.3,53.8,0,1,50.2
Toronto,2023-09-03,20.7,70.5,95,47.8,75.7,59.6,0,5,52.44
Toronto,2023-09-04,23.3,71.5,119,35.0,67.2,64.3,1,3,55.66
Toronto,2023-09-05,23.1,64.8,102,42.4,64.0,62.4,1,1,53.47
Toronto,2023-09-06,16.0,57.4,61,41.9,54.0,59.5,1,4,52.49
Toronto,2023-09-07,16.2,64.0,115,30.6,54.9,61.5,1,0,49.82
Toronto,2023-09-08,28.2,57.6,89,41.2,56.2,60.5,1,5,55.24
Toronto,2023-09-09,30.9,61.3,107,58.7,54.2,59.3,0,3,52.16
Toronto,2023-09-10,11.5,66.1,97,38.6,50.1,56.9,0,2,45.16
Toronto,2023-09-11,13.6,48.5,103,50.3,63.2,55.4,1,2,56.46
Toronto,2023-09-12,11.9,74.6,58,51.4,33.3,61.4,1,4,54.51
Toronto,2023-09-13,16.6,54.7,107,64.1,80.1,62.1,1,1,63.66
Toronto,2023-09-14,27.0,57.8,63,41.5,53.3,56.4,1,2,49.8
Toronto,2023-09-15,23.5,57.2,65,38.6,71.4,50.7,1,3,51.06
Toronto,2023-09-16,21.3,56.3,85,42.9,51.9,59.3,0,4,43.25
Toronto,2023-09-17,24.2,67.8,39,42.8,100.0,63.6,0,2,51.41
Toronto,2023-09-18,23.4,70.9,98,37.3,64.8,56.8,1,2,52.61
Toronto,2023-09-19,11.5,75.4,66,36.9,44.7,65.1,1,1,51.59
Toronto,2023-09-20,12.6,72.9,128,46.6,82.2,59.7,1,1,63.25
Toronto,2023-09-21,28.7,59.3,81,60.8,91.5,61.7,1,2,65.4
Toronto,2023-09-22,7.1,82.1,72,32.5,68.8,51.7,1,3,57.19
Toronto,2023-09-23,18.9,65.4,100,38.0,49.2,60.3,0,4,44.16
Toronto,2023-09-24,17.1,55.7,80,37.1,53.7,65.9,0,2,42.88
Toronto,2023-09-25,20.5,59.5,105,40.2,81.9,50.5,1,3,55.78
Toronto,2023-09-26,23.9,75.9,82,39.5,56.0,61.2,1,2,52.08
Toronto,2023-09-27,19.5,48.8,95,32.9,64.8,52.9,1,3,49.62
Toronto,2023-09-28,24.2,56.4,87,39.3,84.5,59.0,1,1,54.95
Toronto,2023-09-29,17.9,58.1,95,44.8,73.0,54.7,1,2,55.58
Toronto,2023-09-30,19.6,76.1,107,51.3,64.5,67.2,0,5,54.09
Toronto,2023-10-01,17.7,64.1,65,50.4,52.6,63.9,0,3,46.72
Toronto,2023-10-02,10.4,49.0,98,49.8,69.7,56.6,1,0,57.24
Toronto,2023-10-03,27.8,72.8,97,52.3,72.6,58.2,1,3,61.3
Toronto,2023-10-04,21.6,71.9,87,45.1,27.7,69.0,1,6,51.97
Toronto,2023-10-05,14.9,68.0,67,46.7,69.8,53.8,1,1,55.25
Toronto,2023-10-06,25.6,62.1,59,46.6,68.1,61.6,1,1,53.9
Toronto,2023-10-07,19.1,63.3,62,33.2,100.0,55.2,0,2,48.27
Toronto,2023-10-08,21.9,64.6,72,58.7,63.8,74.8,0,0,49.38
Toronto,2023-10-09,18.1,58.1,67,56.8,29.9,66.1,1,1,50.03
Toronto,2023-10-10,20.6,54.6,84,39.8,65.4,67.4,1,0,51.26
Toronto,2023-10-11,16.8,75.8,101,46.6,80.3,62.7,1,1,60.66
Toronto,2023-10-12,34.9,76.2,63,48.9,71.9,56.3,1,3,61.36
Toronto,2023-10-13,23.3,55.5,73,46.4,55.1,58.7,1,2,50.66
Toronto,2023-10-14,18.6,59.2,55,55.4,77.3,60.6,0,2,50.26
Toronto,2023-10-15,23.7,80.5,73,43.9,73.2,70.0,0,3,51.05
Toronto,2023-10-16,17.8,64.8,63,52.8,73.7,62.1,1,2,58.35
Toronto,2023-10-17,11.5,85.6,102,37.2,41.9,56.6,1,1,52.45
Toronto,2023-10-18,26.3,50.9,109,28.5,63.9,57.5,1,0,48.17
Toronto,2023-10-19,23.8,68.4,116,50.8,70.0,62.9,1,2,59.29
Toronto,2023-10-20,28.7,74.2,98,47.0,78.4,60.3,1,5,63.57
Toronto,2023-10-21,11.1,58.5,90,46.8,62.5,64.2,0,1,49.4
Toronto,2023-10-22,25.2,61.7,62,60.9,79.1,61.8,0,5,55.34
Toronto,2023-10-23,14.2,66.1,96,50.6,50.2,56.3,1,5,57.73
Toronto,2023-10-24,19.6,61.0,90,49.3,75.1,55.0,1,4,58.37
Toronto,2023-10-25,17.0,68.3,89,51.2,44.3,49.3,1,1,50.9
Toronto,2023-10-26,20.6,61.4,77,37.3,64.5,63.1,1,4,53.3
Toronto,2023-10-27,12.1,64.7,93,47.0,67.1,68.0,1,0,58.56
Toronto,2023-10-28,4.0,69.4,97,49.1,74.3,58.3,0,3,57.28
Toronto,2023-10-29,19.0,52.4,81,40.2,81.8,63.4,0,4,49.53
Toronto,2023-10-30,13.6,93.6,88,45.6,61.0,57.7,1,3,59.67
Toronto,2023-10-31,5.4,68.2,80,49.8,57.2,52.6,1,1,57.88
Toronto,2023-11-01,19.5,62.3,66,49.3,70.4,56.1,1,2,54.89
Toronto,2023-11-02,21.3,75.4,100,32.1,79.3,55.6,1,0,52.41
Toronto,2023-11-03,24.0,75.6,78,47.7,62.4,66.9,1,0,54.83
Toronto,2023-11-04,22.3,70.7,77,37.6,60.2,65.0,0,3,44.56
Toronto,2023-11-05,28.6,48.7,94,50.1,50.3,65.8,0,2,46.47
Toronto,2023-11-06,24.8,69.4,102,22.6,58.5,49.1,1,4,48.16
Toronto,2023-11-07,22.0,59.6,112,42.9,70.9,56.2,1,2,54.3
Toronto,2023-11-08,26.8,69.5,72,35.1,34.5,64.2,1,1,46.32
Toronto,2023-11-09,11.3,53.0,89,53.0,53.5,60.7,1,2,56.84
Toronto,2023-11-10,20.3,66.8,59,36.8,61.8,64.5,1,1,50.12
Toronto,2023-11-11,12.8,68.6,86,35.9,62.1,57.2,0,3,46.86
Toronto,2023-11-12,3.8,56.6,100,50.9,70.6,65.1,0,2,56.38
Toronto,2023-11-13,17.2,68.8,97,40.0,21.4,56.5,1,1,44.92
Toronto,2023-11-14,29.4,69.9,78,45.1,64.7,63.6,1,4,58.88
Toronto,2023-11-15,27.0,30.0,74,41.0,65.7,54.9,1,2,49.63
Toronto,2023-11-16,22.2,71.3,73,66.8,38.8,61.5,1,6,58.08
Toronto,2023-11-17,28.5,70.0,39,43.9,70.4,63.4,1,1,54.86
Toronto,2023-11-18,29.5,67.3,104,36.9,38.5,56.4,0,2,41.49
Toronto,2023-11-19,12.6,52.8,72,38.9,58.7,50.2,0,3,43.57
Toronto,2023-11-20,18.1,70.9,80,50.3,30.0,61.5,1,4,51.86
Toronto,2023-11-21,11.9,79.9,89,41.1,80.2,65.8,1,2,62.26
Toronto,2023-11-22,14.7,59.9,78,41.9,59.2,55.6,1,4,54.43
Toronto,2023-11-23,19.6,84.0,95,35.1,44.9,62.7,1,2,50.61
Toronto,2023-11-24,14.7,64.0,113,38.5,85.9,58.6,1,5,62.37
Toronto,2023-11-25,13.3,70.0,93,25.7,68.7,56.0,0,4,46.23
Toronto,2023-11-26,9.0,58.5,76,54.7,64.9,55.7,0,2,51.53
Toronto,2023-11-27,28.2,85.6,86,49.6,79.3,54.2,1,3,62.11
Toronto,2023-11-28,20.9,64.0,83,34.1,70.8,57.3,1,2,51.44
Toronto,2023-11-29,29.8,60.1,46,48.2,36.9,57.3,1,1,48.17
Toronto,2023-11-30,28.7,58.9,115,42.3,48.7,64.0,1,2,53.82
Toronto,2023-12-01,21.4,51.3,100,30.5,71.9,59.7,1,2,50.47
Toronto,2023-12-02,12.1,67.8,74,47.9,62.8,66.5,0,1,49.92
Toronto,2023-12-03,21.1,88.4,109,36.6,64.9,57.7,0,1,45.85
Toronto,2023-12-04,17.9,54.6,74,43.4,56.3,60.9,1,1,50.74
Toronto,2023-12-05,14.5,71.3,82,25.8,61.0,63.5,1,1,50.67
Toronto,2023-12-06,15.6,63.0,100,55.2,82.3,61.5,1,3,64.04
Toronto,2023-12-07,30.5,48.2,80,55.3,68.3,56.0,1,4,59.48
Toronto,2023-12-08,3.3,56.4,94,33.3,71.4,61.2,1,2,58.82
Toronto,2023-12-09,28.8,68.1,122,31.8,43.4,57.6,0,2,42.01
Toronto,2023-12-10,12.2,62.0,110,51.1,80.1,54.5,0,2,54.16
Toronto,2023-12-11,24.4,72.4,83,52.6,34.3,58.1,1,3,51.6
Toronto,2023-12-12,12.3,41.7,148,36.1,68.3,61.9,1,1,55.89
Toronto,2023-12-13,-0.7,58.4,88,43.8,88.4,59.6,1,0,64.71
Toronto,2023-12-14,33.0,75.8,55,40.5,63.9,61.8,1,0,54.69
Toronto,2023-12-15,28.7,84.1,104,49.5,46.2,63.6,1,2,57.17
Toronto,2023-12-16,18.7,45.9,75,34.3,34.6,61.8,0,1,34.85
Toronto,2023-12-17,23.5,56.4,82,47.5,60.5,60.3,0,2,44.99
Toronto,2023-12-18,11.8,64.3,107,37.7,69.9,61.0,1,4,59.43
Toronto,2023-12-19,20.5,65.8,93,26.6,71.4,57.4,1,0,48.62
Toronto,2023-12-20,9.8,57.4,66,37.1,55.8,54.6,1,1,50.85
Toronto,2023-12-21,24.6,66.1,116,47.7,100.0,55.3,1,2,63.12
Toronto,2023-12-22,22.4,68.1,83,41.1,54.1,56.8,1,3,50.91
Toronto,2023-12-23,24.4,61.2,113,60.9,42.7,63.8,0,2,48.11
Toronto,2023-12-24,23.6,60.5,111,37.6,46.1,66.2,0,3,43.11
Toronto,2023-12-25,39.0,69.9,75,44.9,73.4,63.5,1,1,61.77
Toronto,2023-12-26,14.0,68.7,86,52.2,68.7,64.6,1,1,59.87
Toronto,2023-12-27,30.8,66.3,96,49.5,68.9,51.7,1,0,56.61
Toronto,2023-12-28,14.0,54.7,95,37.3,84.2,61.1,1,4,59.76
Toronto,2023-12-29,21.1,64.8,52,48.7,79.0,65.5,1,0,55.34
Toronto,2023-12-30,16.5,70.4,98,33.8,56.0,59.5,0,4,45.57
Toronto,2023-12-31,37.3,80.1,101,47.2,88.5,58.6,0,7,63.14
Toronto,2024-01-01,31.9,57.3,115,48.3,45.4,61.0,1,0,53.69
Toronto,2024-01-02,8.4,64.1,70,36.0,64.5,69.6,1,0,55.59
Toronto,2024-01-03,32.1,52.3,77,44.2,64.0,61.5,1,2,55.8
Toronto,2024-01-04,32.4,47.2,85,43.0,77.7,63.2,1,2,58.44
Toronto,2024-01-05,12.0,61.8,73,47.0,89.8,63.3,1,3,63.53
Toronto,2024-01-06,27.3,51.1,87,49.4,73.5,65.0,0,2,50.16
Toronto,2024-01-07,23.0,72.7,108,40.3,47.3,62.1,0,4,45.01
Toronto,2024-01-08,20.3,60.6,91,54.4,75.0,62.8,1,2,59.17
Toronto,2024-01-09,21.8,55.8,98,42.1,62.8,61.4,1,3,53.2
Toronto,2024-01-10,28.2,77.6,65,43.5,70.3,61.9,1,3,58.08
Toronto,2024-01-11,16.6,57.8,105,51.3,82.1,65.3,1,1,61.2
Toronto,2024-01-12,28.9,39.8,120,33.0,51.7,64.8,1,3,51.19
Toronto,2024-01-13,13.7,77.6,91,41.0,68.1,71.9,0,6,55.35
Toronto,2024-01-14,12.6,74.4,107,31.0,70.9,69.1,0,5,52.73
Toronto,2024-01-15,26.6,68.6,111,46.9,60.7,52.3,1,2,55.37
Toronto,2024-01-16,23.4,75.2,81,34.4,75.9,61.6,1,3,55.25
Toronto,2024-01-17,25.7,65.0,77,37.1,69.1,65.2,1,2,54.16
Toronto,2024-01-18,20.5,76.5,90,56.0,75.7,54.6,1,1,58.94
Toronto,2024-01-19,2.6,74.8,98,55.3,41.9,55.7,1,1,59.58
Toronto,2024-01-20,12.9,80.8,118,33.3,71.9,64.6,0,4,53.01
Toronto,2024-01-21,5.2,71.0,101,61.2,63.5,64.4,0,4,60.28
Toronto,2024-01-22,29.3,67.0,86,57.5,77.7,57.0,1,3,62.97
Toronto,2024-01-23,22.2,72.6,105,55.7,59.2,73.1,1,4,61.12
Toronto,2024-01-24,15.1,49.2,81,53.9,81.0,59.4,1,0,58.38
Toronto,2024-01-25,17.6,68.4,71,32.1,54.1,70.7,1,6,54.39
Toronto,2024-01-26,21.6,49.5,76,41.3,100.0,56.6,1,1,56.24
Toronto,2024-01-27,37.1,62.7,79,44.4,60.1,59.3,0,4,51.42
Toronto,2024-01-28,17.3,50.7,72,38.6,71.8,58.2,0,2,44.58
Toronto,2024-01-29,16.0,72.6,86,38.3,45.3,62.5,1,0,49.74
Toronto,2024-01-30,23.6,70.2,40,33.8,68.6,69.2,1,1,50.83
Toronto,2024-01-31,22.0,55.3,98,48.7,71.6,62.0,1,1,55.12
Toronto,2024-02-01,30.2,68.6,41,49.6,71.1,59.3,1,0,55.64
Toronto,2024-02-02,19.3,66.2,62,37.1,65.6,58.3,1,3,52.01
Toronto,2024-02-03,6.3,61.4,63,47.8,69.4,65.5,0,2,53.0
Toronto,2024-02-04,2.2,60.3,138,37.0,70.5,62.0,0,0,53.15
Toronto,2024-02-05,32.4,69.3,101,38.9,75.7,70.7,1,6,64.58
Toronto,2024-02-06,23.9,63.0,81,56.0,66.9,60.9,1,1,56.66
Toronto,2024-02-07,28.1,66.0,115,46.1,67.3,59.0,1,0,56.47
Toronto,2024-02-08,19.1,94.5,77,37.4,58.2,66.8,1,3,55.82
Toronto,2024-02-09,20.3,65.6,120,28.6,67.0,64.5,1,1,51.79
Toronto,2024-02-10,10.9,67.8,41,38.8,46.5,62.0,0,5,45.47
Toronto,2024-02-11,13.1,67.7,88,36.1,81.4,64.5,0,2,51.11
Toronto,2024-02-12,32.6,80.3,81,31.8,48.3,66.6,1,0,51.57
Toronto,2024-02-13,16.2,60.7,75,44.5,75.4,61.8,1,0,55.52
Toronto,2024-02-14,7.6,54.5,109,29.6,63.0,55.5,1,0,52.29
Toronto,2024-02-15,17.3,80.7,78,49.7,44.0,67.8,1,2,55.13
Toronto,2024-02-16,16.6,52.0,103,36.2,80.6,57.2,1,0,53.83
Toronto,2024-02-17,15.4,62.8,126,42.4,86.6,53.4,0,3,53.22
Toronto,2024-02-18,3.0,44.7,88,39.1,60.0,69.3,0,4,51.9
Toronto,2024-02-19,25.6,48.8,82,38.9,79.5,58.8,1,1,53.37
Toronto,2024-02-20,16.9,56.3,68,35.1,47.1,54.8,1,5,49.12
Toronto,2024-02-21,31.8,67.3,80,47.7,100.0,57.0,1,2,64.63
Toronto,2024-02-22,13.8,80.9,85,42.0,57.1,66.1,1,2,57.07
Toronto,2024-02-23,25.6,61.0,82,47.6,60.4,59.7,1,3,55.04
Toronto,2024-02-24,15.1,59.0,84,53.2,71.5,60.4,0,3,52.12
Toronto,2024-02-25,22.7,57.8,127,58.1,66.3,60.4,0,1,50.3
Toronto,2024-02-26,12.1,63.5,102,51.3,86.9,63.3,1,3,65.76
Toronto,2024-02-27,27.7,60.9,68,44.6,84.6,58.9,1,3,58.97
Toronto,2024-02-28,33.0,45.7,112,52.5,71.4,61.7,1,2,61.01
Toronto,2024-02-29,8.9,59.1,52,46.8,89.0,56.7,1,3,62.09
Toronto,2024-03-01,36.5,60.5,110,43.3,20.0,58.5,1,7,54.55
Toronto,2024-03-02,24.1,58.6,102,46.9,79.6,60.5,0,2,50.12
Toronto,2024-03-03,17.6,77.9,78,30.7,61.9,58.0,0,3,44.15
Toronto,2024-03-04,23.7,75.8,94,35.2,70.8,67.1,1,3,56.25
Toronto,2024-03-05,23.7,76.7,123,47.1,87.7,62.7,1,2,62.87
Toronto,2024-03-06,39.8,46.8,72,60.4,63.4,60.5,1,2,62.21
Toronto,2024-03-07,5.3,59.8,77,35.1,59.8,60.0,1,3,56.32
Toronto,2024-03-08,19.6,43.5,104,43.6,76.3,61.5,1,1,54.61
Toronto,2024-03-09,10.8,63.7,87,36.6,53.2,56.9,0,2,44.72
Toronto,2024-03-10,27.4,72.1,58,47.4,63.2,58.1,0,3,47.85
Toronto,2024-03-11,17.8,72.6,108,50.0,58.1,59.0,1,0,55.32
Toronto,2024-03-12,23.5,83.3,82,38.6,56.4,59.6,1,2,52.23
Toronto,2024-03-13,16.6,60.4,83,44.9,63.5,61.1,1,2,54.99
Toronto,2024-03-14,13.0,73.3,107,25.0,35.3,61.6,1,1,47.02
Toronto,2024-03-15,22.6,82.8,86,49.9,58.5,63.3,1,0,54.55
Toronto,2024-03-16,15.9,72.1,97,37.3,73.2,63.2,0,6,52.69
Toronto,2024-03-17,20.8,59.8,61,33.0,76.8,61.6,0,4,45.23
Toronto,2024-03-18,14.6,81.6,90,44.6,85.2,60.9,1,3,63.31
Toronto,2024-03-19,29.2,75.3,46,40.4,71.1,65.1,1,2,56.36
Toronto,2024-03-20,32.0,66.8,88,29.6,80.0,51.9,1,3,55.97
Toronto,2024-03-21,31.6,65.9,80,44.2,35.5,66.5,1,1,51.42
Toronto,2024-03-22,15.0,62.5,89,45.2,71.7,67.1,1,6,62.26
Toronto,2024-03-23,20.8,46.8,71,52.2,78.3,55.8,0,1,46.57
Toronto,2024-03-24,31.6,49.6,75,43.6,43.3,61.4,0,2,42.9
Toronto,2024-03-25,20.9,58.2,90,40.1,63.4,69.8,1,4,55.24
Toronto,2024-03-26,17.0,64.6,96,36.8,53.9,63.0,1,4,53.73
Toronto,2024-03-27,12.4,85.7,123,43.5,67.9,57.5,1,0,59.41
Toronto,2024-03-28,25.7,74.2,85,30.5,66.3,58.9,1,1,51.18
Toronto,2024-03-29,17.2,62.8,78,54.5,69.0,62.4,1,3,59.58
Toronto,2024-03-30,28.1,95.0,68,37.6,56.8,62.5,0,0,45.21
Toronto,2024-03-31,31.2,58.2,90,51.7,48.6,60.3,0,2,47.43
Toronto,2024-04-01,28.7,71.3,92,39.8,89.6,58.3,1,1,59.51
Toronto,2024-04-02,26.6,79.3,109,32.5,64.1,58.6,1,4,55.77
Toronto,2024-04-03,23.6,72.0,101,41.0,35.0,60.2,1,3,49.46
Toronto,2024-04-04,13.6,58.2,79,40.6,56.3,60.9,1,0,51.42
Toronto,2024-04-05,13.9,67.2,127,46.8,70.8,59.7,1,3,61.48
Toronto,2024-04-06,11.8,75.2,119,35.7,64.7,54.2,0,6,51.99
Toronto,2024-04-07,25.1,53.3,104,51.6,77.2,60.4,0,4,52.58
Toronto,2024-04-08,23.6,68.5,91,53.2,71.6,63.6,1,5,61.57
Toronto,2024-04-09,31.5,65.8,98,45.3,63.9,59.9,1,1,57.09
Toronto,2024-04-10,20.8,79.3,94,52.1,38.9,67.8,1,4,55.71
Toronto,2024-04-11,29.2,53.8,99,39.1,76.9,62.9,1,3,58.07
Toronto,2024-04-12,15.4,58.7,73,48.1,94.3,65.0,1,3,63.4
Toronto,2024-04-13,5.6,68.7,102,49.5,74.8,54.8,0,1,54.78
Toronto,2024-04-14,14.9,76.8,95,45.5,57.0,55.5,0,2,47.81
Toronto,2024-04-15,15.7,65.1,91,39.3,52.1,60.4,1,2,52.27
Toronto,2024-04-16,35.9,62.2,106,61.3,67.2,59.3,1,2,64.71
Toronto,2024-04-17,19.6,76.4,66,56.2,48.7,60.7,1,1,53.84
Toronto,2024-04-18,18.9,42.1,90,47.2,52.1,59.6,1,2,50.71
Toronto,2024-04-19,9.9,78.2,110,40.4,59.2,56.6,1,1,57.08
Toronto,2024-04-20,22.2,67.8,102,45.3,51.7,57.4,0,1,42.85
Toronto,2024-04-21,31.0,64.8,59,42.3,62.1,67.8,0,4,49.52
Toronto,2024-04-22,16.6,64.5,86,41.2,50.7,67.1,1,0,51.39
Toronto,2024-04-23,15.3,62.9,106,37.9,31.7,65.0,1,1,48.45
Toronto,2024-04-24,16.9,44.2,64,49.9,64.5,65.8,1,2,54.7
Toronto,2024-04-25,17.6,57.3,85,39.6,80.3,63.8,1,4,58.43
Toronto,2024-04-26,7.2,70.0,53,57.3,47.8,58.7,1,3,58.94
Toronto,2024-04-27,22.3,69.2,83,40.4,75.3,59.7,0,2,46.75
Toronto,2024-04-28,16.3,57.7,61,42.1,36.1,63.5,0,3,40.72
Toronto,2024-04-29,6.5,59.1,111,48.7,65.0,72.0,1,3,64.41
Toronto,2024-04-30,21.8,69.4,96,31.5,100.0,55.5,1,0,55.36
Toronto,2024-05-01,11.1,73.6,101,49.9,46.7,62.4,1,1,56.87
Toronto,2024-05-02,23.1,58.5,82,47.6,68.0,57.3,1,1,53.17
Toronto,2024-05-03,21.8,65.1,85,41.2,86.5,61.9,1,0,55.54
Toronto,2024-05-04,14.7,69.3,98,50.2,84.5,60.1,0,4,56.54
Toronto,2024-05-05,20.9,78.2,78,47.5,70.9,57.2,0,1,47.46
Toronto,2024-05-06,24.3,63.5,87,40.1,65.9,61.2,1,2,53.4
Toronto,2024-05-07,22.2,60.4,99,54.4,75.1,63.2,1,4,60.74
Toronto,2024-05-08,25.6,78.4,98,47.9,75.1,61.2,1,2,60.0
Toronto,2024-05-09,22.2,51.2,99,47.3,82.6,64.1,1,3,58.67
Toronto,2024-05-10,29.1,59.3,111,31.3,52.9,63.1,1,3,52.27
Toronto,2024-05-11,30.1,70.5,104,49.4,61.4,65.9,0,2,51.81
Toronto,2024-05-12,19.8,59.9,77,53.3,64.6,66.9,0,0,47.27
Toronto,2024-05-13,19.9,69.6,65,47.5,62.8,51.5,1,1,51.75
Toronto,2024-05-14,23.2,79.1,109,43.0,58.6,65.4,1,1,54.88
Toronto,2024-05-15,40.6,79.9,84,48.5,88.9,63.3,1,1,67.89
Toronto,2024-05-16,18.2,62.9,74,34.2,56.5,64.8,1,2,50.46
Toronto,2024-05-17,11.9,54.5,113,47.3,66.5,64.4,1,1,58.76
Toronto,2024-05-18,22.2,50.8,60,40.6,68.3,60.0,0,3,43.22
Toronto,2024-05-19,32.4,66.0,49,50.2,75.3,58.3,0,5,53.7
Toronto,2024-05-20,40.3,51.8,77,25.8,62.3,65.2,1,2,54.21
Toronto,2024-05-21,18.4,75.4,85,45.2,87.7,60.1,1,2,60.59
Toronto,2024-05-22,20.7,44.3,81,40.9,71.7,63.8,1,3,53.45
Toronto,2024-05-23,18.8,76.7,51,47.8,87.6,61.6,1,4,61.51
Toronto,2024-05-24,25.7,63.1,112,37.5,60.2,50.7,1,1,50.66
Toronto,2024-05-25,38.6,45.1,110,46.4,64.9,56.6,0,3,52.01
Toronto,2024-05-26,15.8,43.7,99,48.2,59.8,60.8,0,3,47.41
Toronto,2024-05-27,17.4,60.7,100,39.8,71.6,69.9,1,0,55.65
Toronto,2024-05-28,21.7,77.9,75,44.4,71.5,63.0,1,3,56.97
Toronto,2024-05-29,15.3,58.4,90,50.9,53.3,65.6,1,0,54.43
Toronto,2024-05-30,29.8,59.7,68,37.8,65.9,59.9,1,1,52.62
Toronto,2024-05-31,35.2,66.9,100,31.6,75.0,68.5,1,1,58.68
Toronto,2024-06-01,25.1,73.1,73,51.6,71.8,51.0,0,1,47.77
Toronto,2024-06-02,19.5,65.0,103,49.6,89.2,62.7,0,2,54.02
Toronto,2024-06-03,22.6,73.5,57,55.0,68.5,67.5,1,4,59.68
Toronto,2024-06-04,20.2,69.3,87,42.2,54.8,54.0,1,1,50.1
Toronto,2024-06-05,11.0,55.6,71,40.7,82.0,50.3,1,0,55.11
Toronto,2024-06-06,33.0,66.3,109,42.2,100.0,55.4,1,4,66.35
Toronto,2024-06-07,33.3,70.4,49,41.6,81.0,71.4,1,2,61.05
Toronto,2024-06-08,25.7,64.8,73,54.9,31.3,66.5,0,1,42.69
Toronto,2024-06-09,19.0,76.3,63,45.7,74.0,60.0,0,2,48.7
Toronto,2024-06-10,21.5,56.4,112,54.0,54.5,76.4,1,0,55.88
Toronto,2024-06-11,20.4,77.4,55,43.7,65.0,65.1,1,4,56.1
Toronto,2024-06-12,13.5,81.7,107,45.6,73.0,60.4,1,0,59.88
Toronto,2024-06-13,31.2,69.4,83,38.6,54.5,57.5,1,1,52.4
Toronto,2024-06-14,15.3,70.5,95,51.8,73.5,65.2,1,1,60.91
Toronto,2024-06-15,22.0,45.3,86,35.0,42.2,59.4,0,1,35.34
Toronto,2024-06-16,8.5,82.8,63,40.3,75.2,65.9,0,2,53.37
Toronto,2024-06-17,8.9,83.8,92,39.5,67.9,58.9,1,2,59.89
Toronto,2024-06-18,13.5,62.3,58,41.7,75.0,67.3,1,1,56.85
Toronto,2024-06-19,26.5,68.5,84,38.7,63.2,61.1,1,2,53.72
Toronto,2024-06-20,21.7,57.8,104,34.7,66.0,65.7,1,3,53.05
Toronto,2024-06-21,27.0,62.8,69,52.3,57.4,64.2,1,7,59.94
Toronto,2024-06-22,20.6,61.2,87,47.9,72.1,64.0,0,3,49.58
Toronto,2024-06-23,17.2,69.4,82,48.9,53.5,63.9,0,2,47.24
Toronto,2024-06-24,21.2,54.6,60,31.9,49.5,66.2,1,3,46.71
Toronto,2024-06-25,31.1,67.3,58,57.6,59.6,58.3,1,2,58.19
Toronto,2024-06-26,20.9,71.3,85,52.9,36.2,55.3,1,2,50.18
Toronto,2024-06-27,23.8,68.2,82,50.6,67.2,63.2,1,3,57.83
Toronto,2024-06-28,30.4,68.8,61,39.4,73.6,68.6,1,2,57.76
Toronto,2024-06-29,20.7,69.4,104,44.5,61.0,71.4,0,2,48.52
Toronto,2024-06-30,23.3,60.8,61,42.7,38.5,68.6,0,3,40.8
Toronto,2024-07-01,24.7,79.9,91,36.4,78.1,55.6,1,3,56.71
Toronto,2024-07-02,15.9,68.8,97,29.3,72.8,60.5,1,3,55.05
Toronto,2024-07-03,32.7,66.1,115,49.6,77.5,63.3,1,0,62.12
Toronto,2024-07-04,20.4,41.3,101,43.6,94.9,70.5,1,2,60.04
Toronto,2024-07-05,24.6,54.9,105,34.1,87.6,64.9,1,0,55.28
Toronto,2024-07-06,28.7,61.1,86,36.2,69.0,50.1,0,5,47.02
Toronto,2024-07-07,24.8,55.5,64,44.7,64.6,72.9,0,3,47.59
Toronto,2024-07-08,23.0,66.7,76,49.6,64.5,58.4,1,0,52.9
Toronto,2024-07-09,25.7,52.1,40,42.2,100.0,58.7,1,3,58.31
Toronto,2024-07-10,19.0,53.0,89,49.6,94.6,54.3,1,0,58.26
Toronto,2024-07-11,14.4,67.7,121,47.8,77.2,60.1,1,1,61.05
Toronto,2024-07-12,26.1,65.3,101,41.6,80.2,64.5,1,5,61.41
Toronto,2024-07-13,25.5,74.3,78,43.8,58.0,62.8,0,3,47.1
Toronto,2024-07-14,21.1,82.3,74,44.6,66.5,64.3,0,4,49.71
Toronto,2024-07-15,20.3,66.5,110,27.4,56.7,57.5,1,0,46.96
Toronto,2024-07-16,17.3,70.2,70,50.5,73.0,60.2,1,1,57.53
Toronto,2024-07-17,27.0,59.9,87,31.0,56.6,56.6,1,1,48.12
Toronto,2024-07-18,19.1,68.0,99,41.2,72.5,65.5,1,2,57.1
Toronto,2024-07-19,14.4,67.9,80,38.9,74.0,62.6,1,3,58.02
Toronto,2024-07-20,24.9,88.3,100,32.1,65.6,59.3,0,2,46.16
Toronto,2024-07-21,12.2,58.4,72,28.0,56.8,64.4,0,3,43.4
Toronto,2024-07-22,24.3,73.5,93,34.3,58.6,63.2,1,1,51.2
Toronto,2024-07-23,25.6,72.9,68,32.2,46.9,64.3,1,1,47.67
Toronto,2024-07-24,13.2,59.6,63,43.1,61.5,63.2,1,2,54.72
Toronto,2024-07-25,19.6,66.6,97,55.6,50.6,57.9,1,5,57.49
Toronto,2024-07-26,2.2,64.2,109,54.5,39.4,63.3,1,1,59.85
Toronto,2024-07-27,21.1,62.6,65,38.0,95.3,62.4,0,3,49.99
Toronto,2024-07-28,32.5,60.1,80,49.3,59.9,58.3,0,2,48.87
Toronto,2024-07-29,24.7,64.1,72,54.5,64.8,56.2,1,3,56.63
Toronto,2024-07-30,27.7,61.0,70,40.9,75.2,65.0,1,2,56.44
Toronto,2024-07-31,13.8,51.7,109,37.8,72.8,60.3,1,3,57.14
Toronto,2024-08-01,7.5,58.1,32,30.9,70.1,62.0,1,1,52.65
Toronto,2024-08-02,7.3,71.8,83,47.2,72.0,62.4,1,2,62.48
Toronto,2024-08-03,13.1,72.2,121,46.8,68.0,65.5,0,3,54.55
Toronto,2024-08-04,17.1,52.3,115,35.5,64.2,56.5,0,4,46.01
Toronto,2024-08-05,20.3,51.6,124,52.3,86.1,52.4,1,1,58.89
Toronto,2024-08-06,23.2,61.4,36,46.7,91.5,71.0,1,1,58.07
Toronto,2024-08-07,12.0,65.8,79,38.9,42.6,68.7,1,0,51.0
Toronto,2024-08-08,16.6,62.9,101,58.5,75.7,60.2,1,3,63.04
Toronto,2024-08-09,10.5,66.3,72,33.9,58.3,48.3,1,1,50.26
Toronto,2024-08-10,22.9,46.3,107,62.0,90.9,58.4,0,2,54.74
Toronto,2024-08-11,15.9,67.4,93,40.2,65.8,61.7,0,3,48.55
Toronto,2024-08-12,25.1,71.8,105,35.3,77.1,62.6,1,2,56.67
Toronto,2024-08-13,16.5,64.0,89,44.7,42.5,63.7,1,2,51.89
Toronto,2024-08-14,19.6,67.9,88,44.3,49.0,53.5,1,1,49.56
Toronto,2024-08-15,20.9,67.3,60,42.3,92.7,61.7,1,3,58.87
Toronto,2024-08-16,15.3,66.2,115,42.4,65.5,68.1,1,5,61.16
Toronto,2024-08-17,35.8,89.6,79,40.9,94.1,59.3,0,1,56.94
Toronto,2024-08-18,12.9,54.3,84,30.0,56.0,68.9,0,1,42.78
Toronto,2024-08-19,27.1,59.4,93,42.3,53.8,49.5,1,3,51.38
Toronto,2024-08-20,40.0,71.3,86,47.1,68.8,57.5,1,0,60.64
Toronto,2024-08-21,5.1,49.7,105,41.3,85.0,61.3,1,3,63.77
Toronto,2024-08-22,14.6,68.2,71,49.0,71.5,67.1,1,0,58.07
Toronto,2024-08-23,19.5,57.3,90,48.6,62.2,69.0,1,3,56.83
Toronto,2024-08-24,23.7,48.2,54,33.1,82.2,68.1,0,4,46.17
Toronto,2024-08-25,11.8,55.9,81,35.0,100.0,67.2,0,1,53.15
Toronto,2024-08-26,7.2,69.0,102,37.7,58.3,56.4,1,2,56.71
Toronto,2024-08-27,21.7,59.2,80,41.1,47.2,56.4,1,2,47.56
Toronto,2024-08-28,7.4,75.0,110,29.4,69.3,59.0,1,3,58.83
Toronto,2024-08-29,24.2,75.9,50,42.7,73.1,63.2,1,5,57.8
Toronto,2024-08-30,16.2,67.0,119,42.9,59.7,55.2,1,1,54.44
Toronto,2024-08-31,19.7,86.9,81,42.8,75.4,57.5,0,1,48.63
Toronto,2024-09-01,31.0,60.1,112,47.8,66.3,58.0,0,5,53.16
Toronto,2024-09-02,36.2,56.1,74,34.1,78.1,57.8,1,2,57.0
Toronto,2024-09-03,18.4,56.8,66,40.5,65.0,68.0,1,0,51.72
Toronto,2024-09-04,19.0,55.9,91,35.0,75.8,60.0,1,3,54.32
Toronto,2024-09-05,11.6,65.3,48,34.4,51.0,60.1,1,3,51.0
Toronto,2024-09-06,17.4,57.0,65,51.1,67.6,59.4,1,2,55.67
Toronto,2024-09-07,27.0,67.5,130,53.5,54.4,59.9,0,5,52.78
Toronto,2024-09-08,19.2,66.4,94,48.5,60.2,56.4,0,1,45.78
Toronto,2024-09-09,6.9,68.7,42,30.5,83.1,61.4,1,4,59.3
Toronto,2024-09-10,12.8,71.6,124,41.3,54.2,65.0,1,1,56.67
Toronto,2024-09-11,25.5,72.5,87,43.5,67.5,60.0,1,1,55.06
Toronto,2024-09-12,17.8,51.4,73,42.9,96.6,55.3,1,2,58.17
Toronto,2024-09-13,21.4,64.6,81,42.0,71.2,52.7,1,3,53.5
Toronto,2024-09-14,24.5,45.8,64,46.4,54.9,68.4,0,3,44.25
Toronto,2024-09-15,25.1,33.8,87,50.2,47.4,64.3,0,1,41.58
Toronto,2024-09-16,18.0,78.9,91,33.0,69.4,61.2,1,0,52.9
Toronto,2024-09-17,19.9,62.0,89,52.0,80.4,67.4,1,3,61.45
Toronto,2024-09-18,15.8,62.0,93,23.7,23.9,62.6,1,1,41.58
Toronto,2024-09-19,24.3,49.1,101,36.1,51.4,62.8,1,4,50.66
Toronto,2024-09-20,18.7,56.7,107,47.0,77.6,56.3,1,3,58.4
Toronto,2024-09-21,21.3,76.5,99,42.1,73.2,56.2,0,7,52.02
Toronto,2024-09-22,32.7,66.9,77,35.4,55.2,71.9,0,6,50.38
Toronto,2024-09-23,40.5,56.5,102,36.8,49.3,59.8,1,0,53.79
Toronto,2024-09-24,34.2,54.4,74,42.9,67.1,53.2,1,5,57.95
Toronto,2024-09-25,19.2,55.8,62,41.5,45.3,65.1,1,1,47.72
Toronto,2024-09-26,16.6,77.3,93,45.6,50.3,64.2,1,1,54.5
Toronto,2024-09-27,23.5,45.7,113,50.0,53.1,65.7,1,1,52.78
Toronto,2024-09-28,22.8,74.9,118,57.1,41.1,52.2,0,1,44.87
Toronto,2024-09-29,39.8,67.8,83,38.7,68.0,50.4,0,5,52.47
Toronto,2024-09-30,24.2,54.4,85,50.0,39.7,61.6,1,2,49.91
Toronto,2024-10-01,20.3,60.8,82,28.5,57.0,64.8,1,1,47.5
Toronto,2024-10-02,10.2,60.1,86,44.9,75.6,59.8,1,3,60.69
Toronto,2024-10-03,29.6,68.6,47,43.9,99.8,71.3,1,3,64.51
Toronto,2024-10-04,18.5,60.1,90,48.0,73.9,66.1,1,4,60.08
Toronto,2024-10-05,33.0,51.4,86,48.6,60.8,74.7,0,4,53.03
Toronto,2024-10-06,30.0,56.6,51,47.9,82.1,58.5,0,2,50.14
Toronto,2024-10-07,32.7,63.1,100,54.0,72.8,61.2,1,1,61.8
Toronto,2024-10-08,22.8,77.4,78,38.3,72.3,57.2,1,1,52.99
Toronto,2024-10-09,22.1,61.8,90,49.4,63.6,63.0,1,1,54.13
Toronto,2024-10-10,11.2,64.4,93,46.1,90.5,63.4,1,0,62.52
Toronto,2024-10-11,24.0,52.6,136,38.8,68.8,57.6,1,3,55.11
Toronto,2024-10-12,21.3,47.7,104,37.2,65.7,55.5,0,4,43.87
Toronto,2024-10-13,29.1,74.7,70,58.4,69.2,63.0,0,1,52.87
Toronto,2024-10-14,20.4,49.6,93,49.4,56.4,60.5,1,2,52.61
Toronto,2024-10-15,25.6,71.1,95,50.5,69.2,64.0,1,3,59.95
Toronto,2024-10-16,16.3,68.1,87,35.8,73.5,52.1,1,2,53.96
Toronto,2024-10-17,23.6,54.1,87,40.9,72.0,61.2,1,5,56.14
Toronto,2024-10-18,13.9,60.9,80,27.5,69.2,60.5,1,5,54.67
Toronto,2024-10-19,15.5,67.0,95,42.8,64.7,61.7,0,6,51.79
Toronto,2024-10-20,-3.4,60.8,50,39.1,57.5,61.7,0,5,53.17
Toronto,2024-10-21,25.0,65.9,76,37.0,92.8,63.4,1,2,58.27
Toronto,2024-10-22,33.9,56.5,68,39.0,50.4,65.5,1,1,52.15
Toronto,2024-10-23,17.8,55.9,87,35.4,62.1,60.1,1,2,51.15
Toronto,2024-10-24,14.3,63.1,105,52.1,63.5,62.4,1,0,57.83
Toronto,2024-10-25,18.0,64.8,91,48.8,78.8,63.7,1,1,59.04
Toronto,2024-10-26,34.0,71.6,86,42.3,78.7,59.8,0,5,55.49
Toronto,2024-10-27,27.0,69.5,32,21.3,86.8,64.2,0,2,43.86
Toronto,2024-10-28,19.7,63.6,91,46.5,95.3,54.3,1,2,60.12
Toronto,2024-10-29,29.0,45.2,101,43.7,69.4,58.1,1,3,56.16
Toronto,2024-10-30,19.8,65.1,81,46.3,75.8,60.5,1,6,60.14
Toronto,2024-10-31,23.8,67.8,58,28.3,99.9,65.1,1,2,56.44
Toronto,2024-11-01,29.0,68.1,97,49.0,58.8,59.1,1,2,56.93
Toronto,2024-11-02,20.8,52.4,111,52.4,58.6,59.7,0,3,47.62
Toronto,2024-11-03,23.1,61.4,79,48.7,36.8,70.4,0,2,42.51
Toronto,2024-11-04,15.7,54.2,95,46.7,90.8,64.5,1,2,61.87
Toronto,2024-11-05,19.9,71.8,105,44.3,81.4,58.9,1,0,57.29
Toronto,2024-11-06,7.2,64.2,90,39.8,80.7,63.5,1,3,62.74
Toronto,2024-11-07,24.3,74.6,87,31.0,57.6,58.6,1,2,49.94
Toronto,2024-11-08,22.5,69.1,63,42.2,57.1,66.7,1,2,51.85
Toronto,2024-11-09,32.7,67.1,83,52.9,56.3,58.8,0,3,50.99
Toronto,2024-11-10,16.1,65.7,94,48.9,61.8,52.6,0,3,48.39
Toronto,2024-11-11,21.4,57.4,50,42.7,50.8,63.8,1,3,49.29
Toronto,2024-11-12,14.4,82.0,79,44.6,78.2,62.1,1,1,60.02
Toronto,2024-11-13,28.7,74.4,114,44.4,59.0,54.4,1,3,57.08
Toronto,2024-11-14,14.1,58.7,80,35.8,67.2,58.5,1,1,52.62
Toronto,2024-11-15,31.5,66.1,116,38.7,43.3,59.6,1,2,52.86
Toronto,2024-11-16,13.4,59.1,85,45.0,50.1,67.4,0,6,50.04
Toronto,2024-11-17,19.5,56.8,123,34.1,83.8,58.9,0,5,50.66
Toronto,2024-11-18,16.1,72.8,96,55.3,74.6,55.0,1,3,61.92
Toronto,2024-11-19,25.8,73.0,45,46.4,96.2,56.6,1,3,60.69
Toronto,2024-11-20,6.3,65.4,96,61.9,70.8,68.2,1,1,66.84
Toronto,2024-11-21,22.5,56.4,83,50.8,100.0,65.1,1,1,61.47
Toronto,2024-11-22,11.6,67.6,117,45.4,64.9,60.7,1,2,59.76
Toronto,2024-11-23,28.0,72.0,60,35.4,33.1,64.6,0,5,41.6
Toronto,2024-11-24,13.6,76.1,95,29.2,60.9,63.8,0,2,45.95
Toronto,2024-11-25,31.6,68.0,90,31.2,85.5,61.2,1,0,56.7
Toronto,2024-11-26,12.5,65.7,51,39.2,84.2,49.7,1,1,55.26
Toronto,2024-11-27,7.5,68.8,93,38.1,74.7,56.8,1,4,61.23
Toronto,2024-11-28,16.5,75.4,60,36.6,61.7,54.7,1,3,52.42
Toronto,2024-11-29,16.5,63.4,88,47.8,66.5,69.7,1,4,60.17
Toronto,2024-11-30,14.3,58.3,90,66.3,59.3,62.5,0,6,56.77
Toronto,2024-12-01,24.2,59.4,95,36.7,64.6,52.9,0,4,44.38
Toronto,2024-12-02,27.0,51.2,118,47.6,44.1,66.8,1,2,53.54
Toronto,2024-12-03,28.5,61.2,64,28.7,74.9,59.5,1,2,52.09
Toronto,2024-12-04,19.2,60.4,93,47.6,62.4,61.6,1,1,54.25
Toronto,2024-12-05,30.4,75.4,51,59.9,71.2,63.7,1,1,61.41
Toronto,2024-12-06,24.4,83.2,66,52.0,58.7,68.1,1,1,56.6
Toronto,2024-12-07,8.4,64.2,46,37.7,57.8,63.2,0,4,47.73
Toronto,2024-12-08,14.7,62.9,44,53.8,61.1,67.6,0,2,49.22
Toronto,2024-12-09,10.8,61.2,89,44.8,65.5,60.0,1,1,57.04
Toronto,2024-12-10,5.0,76.6,57,47.0,83.5,67.0,1,3,66.43
Toronto,2024-12-11,12.8,51.0,88,37.6,57.3,64.5,1,0,51.5
Toronto,2024-12-12,15.5,63.7,87,56.3,88.9,62.6,1,1,63.64
Toronto,2024-12-13,13.5,59.5,89,37.7,55.3,58.7,1,3,53.21
Toronto,2024-12-14,6.2,67.0,97,42.5,74.1,58.2,0,1,52.62
Toronto,2024-12-15,14.5,55.5,89,44.8,23.0,58.4,0,0,37.39
Toronto,2024-12-16,23.8,71.2,82,37.4,60.6,63.2,1,3,53.15
Toronto,2024-12-17,17.7,67.5,88,41.3,78.2,55.9,1,5,59.05
Toronto,2024-12-18,35.6,57.2,72,47.3,64.3,58.5,1,0,56.12
Toronto,2024-12-19,24.8,49.1,57,62.5,60.4,51.5,1,1,53.25
Toronto,2024-12-20,26.4,58.4,64,50.0,50.8,59.7,1,2,52.04
Toronto,2024-12-21,11.8,69.2,96,47.0,75.4,51.6,0,5,54.24
Toronto,2024-12-22,27.1,56.9,78,51.6,64.5,54.5,0,5,49.71
Toronto,2024-12-23,12.6,67.4,77,51.5,73.5,60.1,1,3,61.51
Toronto,2024-12-24,21.2,49.6,92,48.3,66.0,58.5,1,3,54.32
Toronto,2024-12-25,23.4,58.9,83,41.7,80.8,58.8,1,0,53.75
Toronto,2024-12-26,19.1,51.0,108,35.3,78.7,63.3,1,1,54.22
Toronto,2024-12-27,20.5,59.8,52,54.5,63.6,58.7,1,3,54.93
Toronto,2024-12-28,15.4,84.4,70,37.2,63.8,69.2,0,5,51.07
Toronto,2024-12-29,17.3,55.2,99,31.4,40.4,64.5,0,3,40.07
Toronto,2024-12-30,12.5,37.1,84,45.9,77.2,66.1,1,2,58.27
Toronto,2024-12-31,21.6,66.1,101,39.3,69.7,58.1,1,0,51.96
Sydney,2023-01-01,26.1,72.9,48,45.2,56.7,66.1,0,1,44.75
Sydney,2023-01-02,9.3,65.0,48,48.5,75.4,59.4,1,3,60.52
Sydney,2023-01-03,22.1,52.9,92,48.4,77.6,59.2,1,4,57.7
Sydney,2023-01-04,19.3,66.3,48,48.8,58.7,57.5,1,5,54.73
Sydney,2023-01-05,20.8,66.7,89,40.4,60.2,62.7,1,2,52.62
Sydney,2023-01-06,33.2,78.7,66,60.4,51.0,59.2,1,2,59.77
Sydney,2023-01-07,10.0,85.6,71,60.8,65.5,64.8,0,4,58.67
Sydney,2023-01-08,6.7,70.9,85,29.1,83.3,62.8,0,4,53.64
Sydney,2023-01-09,28.7,47.8,70,52.4,69.0,61.2,1,5,59.31
Sydney,2023-01-10,18.6,51.1,70,51.8,59.5,60.3,1,2,53.61
Sydney,2023-01-11,14.7,74.0,50,52.2,71.3,64.2,1,2,59.61
Sydney,2023-01-12,16.1,69.1,67,47.7,70.8,58.5,1,2,57.06
Sydney,2023-01-13,17.0,56.6,35,43.3,67.2,62.4,1,6,55.91
Sydney,2023-01-14,21.8,86.9,66,53.1,63.6,61.2,0,0,47.35
Sydney,2023-01-15,27.9,68.4,83,60.1,59.1,58.8,0,2,50.92
Sydney,2023-01-16,33.7,55.3,35,43.7,68.5,61.4,1,0,53.68
Sydney,2023-01-17,18.8,73.9,84,53.4,51.8,61.8,1,1,54.82
Sydney,2023-01-18,23.0,50.2,30,44.9,75.4,65.3,1,2,52.71
Sydney,2023-01-19,30.8,65.7,74,50.6,78.4,63.6,1,3,62.25
Sydney,2023-01-20,10.1,53.3,76,51.6,35.4,56.9,1,3,52.85
Sydney,2023-01-21,13.0,78.2,69,44.7,47.7,54.7,0,3,46.0
Sydney,2023-01-22,15.0,63.9,66,50.1,46.1,65.5,0,1,45.06
Sydney,2023-01-23,14.4,54.5,71,57.2,54.2,51.8,1,1,53.75
Sydney,2023-01-24,10.1,59.0,54,49.9,43.2,63.9,1,3,54.66
Sydney,2023-01-25,24.4,64.6,69,55.5,78.3,56.9,1,4,60.33
Sydney,2023-01-26,15.6,64.0,35,55.0,61.9,57.9,1,1,54.42
Sydney,2023-01-27,18.6,50.6,38,41.1,55.7,58.7,1,2,47.94
Sydney,2023-01-28,26.3,56.2,80,37.1,86.1,66.7,0,1,48.48
Sydney,2023-01-29,23.7,49.7,66,43.5,61.2,57.8,0,3,43.0
Sydney,2023-01-30,13.0,73.6,85,38.9,75.5,62.3,1,2,58.8
Sydney,2023-01-31,19.3,62.1,49,44.1,73.5,57.2,1,2,53.46
Sydney,2023-02-01,22.5,82.7,83,60.5,57.8,56.0,1,4,59.22
Sydney,2023-02-02,14.1,79.5,68,49.0,77.5,63.8,1,2,61.57
Sydney,2023-02-03,27.9,83.1,56,61.7,66.8,55.5,1,1,59.62
Sydney,2023-02-04,25.8,54.8,50,45.7,52.0,51.6,0,4,42.09
Sydney,2023-02-05,20.4,42.6,80,41.9,73.9,63.5,0,2,45.24
Sydney,2023-02-06,19.5,79.0,75,43.8,53.6,59.3,1,1,51.9
Sydney,2023-02-07,18.9,69.7,78,50.8,40.6,54.9,1,2,50.71
Sydney,2023-02-08,14.6,53.8,67,56.8,95.1,64.8,1,5,67.11
Sydney,2023-02-09,17.8,76.1,43,45.7,79.3,57.7,1,0,55.19
Sydney,2023-02-10,3.2,70.1,67,48.5,78.9,55.8,1,2,63.66
Sydney,2023-02-11,18.4,58.9,47,28.2,63.3,55.3,0,0,36.95
Sydney,2023-02-12,14.7,51.9,68,48.7,74.6,57.3,0,3,49.57
Sydney,2023-02-13,18.1,59.3,34,34.9,70.5,59.9,1,0,48.54
Sydney,2023-02-14,17.4,60.2,82,28.0,62.2,64.6,1,2,50.28
Sydney,2023-02-15,30.3,67.2,68,57.5,55.6,59.4,1,3,58.51
Sydney,2023-02-16,21.6,76.0,51,57.9,59.0,61.0,1,4,57.29
Sydney,2023-02-17,30.7,64.1,108,46.0,85.0,57.3,1,2,61.86
Sydney,2023-02-18,12.3,75.4,82,45.2,73.7,65.7,0,2,53.12
Sydney,2023-02-19,11.7,54.1,90,41.5,51.0,56.0,0,2,44.32
Sydney,2023-02-20,26.9,60.5,35,51.4,74.1,56.2,1,2,55.44
Sydney,2023-02-21,8.1,49.2,63,61.1,87.3,55.4,1,1,63.66
Sydney,2023-02-22,22.4,55.3,100,45.4,70.5,59.4,1,1,53.74
Sydney,2023-02-23,17.4,72.6,85,55.4,51.8,54.3,1,2,55.38
Sydney,2023-02-24,26.7,51.5,87,48.4,49.7,58.2,1,0,50.09
Sydney,2023-02-25,19.6,49.8,46,43.9,54.7,61.9,0,3,41.79
Sydney,2023-02-26,13.6,66.3,39,45.0,34.3,54.8,0,3,40.48
Sydney,2023-02-27,23.7,65.8,54,37.5,78.2,58.5,1,1,52.18
Sydney,2023-02-28,17.3,59.9,68,48.3,81.8,56.4,1,2,57.72
Sydney,2023-03-01,28.7,65.6,59,53.6,68.4,55.7,1,2,57.27
Sydney,2023-03-02,36.7,92.3,83,44.6,52.1,64.9,1,2,60.25
Sydney,2023-03-03,6.3,52.8,56,42.2,64.4,68.1,1,1,56.84
Sydney,2023-03-04,19.9,61.7,34,44.9,55.5,64.2,0,2,42.27
Sydney,2023-03-05,21.2,49.8,43,59.0,75.1,58.3,0,3,48.63
Sydney,2023-03-06,12.5,55.5,34,49.2,94.9,51.0,1,4,61.04
Sydney,2023-03-07,10.7,61.9,46,55.8,52.6,66.5,1,6,60.8
Sydney,2023-03-08,20.3,47.6,46,56.2,41.7,57.3,1,1,47.68
Sydney,2023-03-09,15.1,62.6,58,50.3,48.9,56.6,1,0,50.68
Sydney,2023-03-10,21.5,73.5,83,51.9,71.5,62.6,1,4,59.8
Sydney,2023-03-11,34.8,59.3,87,46.3,52.7,58.7,0,4,49.52
Sydney,2023-03-12,19.1,56.8,61,45.7,81.9,52.6,0,3,47.76
Sydney,2023-03-13,24.3,56.6,77,49.0,43.5,67.8,1,3,52.23
Sydney,2023-03-14,9.7,42.7,34,42.6,53.7,58.8,1,0,48.87
Sydney,2023-03-15,27.4,57.1,66,54.0,80.0,58.6,1,0,57.54
Sydney,2023-03-16,17.9,58.0,93,48.1,65.9,65.0,1,1,55.98
Sydney,2023-03-17,26.3,64.1,39,46.1,67.8,50.5,1,3,52.93
Sydney,2023-03-18,26.9,68.9,59,53.0,86.7,65.1,0,2,54.1
Sydney,2023-03-19,16.2,69.2,52,53.6,49.9,59.3,0,2,45.88
Sydney,2023-03-20,33.5,56.1,73,42.4,65.7,62.4,1,2,56.52
Sydney,2023-03-21,15.8,63.8,53,62.4,69.1,60.5,1,2,60.06
Sydney,2023-03-22,16.6,64.0,53,53.9,89.5,64.9,1,3,63.05
Sydney,2023-03-23,32.1,71.5,45,46.5,70.0,60.2,1,1,56.83
Sydney,2023-03-24,19.9,54.2,85,46.5,63.9,66.2,1,3,55.42
Sydney,2023-03-25,26.7,56.7,62,48.7,68.1,63.4,0,1,46.86
Sydney,2023-03-26,32.7,75.5,81,48.5,96.9,66.1,0,5,61.63
Sydney,2023-03-27,18.6,50.3,70,55.7,50.3,60.5,1,3,53.65
Sydney,2023-03-28,21.3,59.7,65,56.6,61.9,64.0,1,6,58.97
Sydney,2023-03-29,29.8,59.3,76,68.6,62.6,55.0,1,4,62.48
Sydney,2023-03-30,21.7,37.5,43,54.3,55.4,58.1,1,1,48.3
Sydney,2023-03-31,21.6,68.9,45,56.4,47.1,63.2,1,0,50.6
Sydney,2023-04-01,31.0,79.7,57,42.1,67.4,59.4,0,4,50.42
Sydney,2023-04-02,12.5,73.7,96,43.2,64.5,65.6,0,3,51.99
Sydney,2023-04-03,21.0,76.3,72,63.0,38.4,62.9,1,1,53.78
Sydney,2023-04-04,30.7,62.4,58,52.7,32.7,67.8,1,2,52.49
Sydney,2023-04-05,22.5,58.9,67,51.0,82.7,54.9,1,2,56.52
Sydney,2023-04-06,22.7,68.0,55,70.0,60.7,58.9,1,4,60.15
Sydney,2023-04-07,23.5,79.7,53,40.6,66.8,60.0,1,0,51.45
Sydney,2023-04-08,21.4,64.6,79,56.2,77.7,54.3,0,5,52.54
Sydney,2023-04-09,17.9,50.4,48,50.4,60.0,67.6,0,4,47.38
Sydney,2023-04-10,11.9,60.3,68,58.2,49.8,61.7,1,1,56.33
Sydney,2023-04-11,12.8,67.1,50,50.8,88.4,66.2,1,5,65.54
Sydney,2023-04-12,6.4,54.9,47,58.4,42.4,54.2,1,2,55.01
Sydney,2023-04-13,34.5,55.3,66,51.7,59.0,58.0,1,3,57.76
Sydney,2023-04-14,13.8,72.5,30,43.8,52.8,55.5,1,3,52.09
Sydney,2023-04-15,21.4,65.0,92,57.9,60.5,51.2,0,2,47.25
Sydney,2023-04-16,13.6,71.9,51,30.6,72.1,51.4,0,4,45.42
Sydney,2023-04-17,18.5,56.9,69,38.5,71.9,68.5,1,1,53.57
Sydney,2023-04-18,19.4,60.0,35,46.9,56.2,67.8,1,4,53.42
Sydney,2023-04-19,21.2,62.0,53,45.7,41.0,64.2,1,2,48.08
Sydney,2023-04-20,3.6,68.9,41,44.0,65.6,60.1,1,2,58.91
Sydney,2023-04-21,11.5,61.5,50,55.5,82.7,55.0,1,0,59.52
Sydney,2023-04-22,22.7,67.3,68,45.3,53.7,60.2,0,5,45.55
Sydney,2023-04-23,14.3,70.2,63,52.7,79.7,65.1,0,2,54.03
Sydney,2023-04-24,20.9,49.2,72,36.7,84.0,52.9,1,1,51.14
Sydney,2023-04-25,26.8,57.7,44,50.2,69.5,61.5,1,3,56.12
Sydney,2023-04-26,9.1,52.3,43,34.2,64.8,52.2,1,3,51.77
Sydney,2023-04-27,10.5,72.8,67,49.4,45.4,61.6,1,2,55.58
Sydney,2023-04-28,19.6,71.7,68,48.0,52.6,55.2,1,1,50.97
Sydney,2023-04-29,22.3,77.2,70,42.6,77.8,62.5,0,2,48.43
Sydney,2023-04-30,24.9,74.9,76,51.8,78.7,62.7,0,4,54.01
Sydney,2023-05-01,11.2,69.4,86,48.8,70.1,68.0,1,1,61.0
Sydney,2023-05-02,15.4,59.0,72,51.9,73.3,61.4,1,4,60.42
Sydney,2023-05-03,15.8,57.5,78,48.3,42.8,74.0,1,3,54.69
Sydney,2023-05-04,21.2,62.3,50,67.6,70.3,53.1,1,1,57.13
Sydney,2023-05-05,20.8,50.6,49,50.9,73.1,48.4,1,3,52.77
Sydney,2023-05-06,33.7,58.8,87,51.3,100.0,57.6,0,2,58.0
Sydney,2023-05-07,15.7,81.8,59,41.4,49.5,57.9,0,3,44.81
Sydney,2023-05-08,-5.7,60.7,39,43.1,68.7,60.0,1,3,62.89
Sydney,2023-05-09,25.7,55.3,104,52.2,93.1,59.7,1,0,60.9
Sydney,2023-05-10,25.6,70.3,26,32.9,40.9,62.1,1,4,46.37
Sydney,2023-05-11,24.2,71.8,73,57.0,56.0,62.3,1,2,56.4
Sydney,2023-05-12,11.4,68.0,45,49.7,59.5,58.2,1,0,54.26
Sydney,2023-05-13,26.2,50.4,73,50.7,41.7,53.5,0,1,40.1
Sydney,2023-05-14,31.8,63.9,76,60.1,81.1,61.0,0,3,57.35
Sydney,2023-05-15,26.9,67.1,76,51.4,59.5,63.5,1,3,57.38
Sydney,2023-05-16,13.7,57.1,30,53.3,57.0,66.4,1,3,55.95
Sydney,2023-05-17,14.7,50.7,74,39.9,33.6,67.5,1,1,47.28
Sydney,2023-05-18,12.3,57.8,88,36.7,44.9,65.9,1,3,52.41
Sydney,2023-05-19,16.1,85.2,40,52.3,87.5,59.1,1,2,62.03
Sydney,2023-05-20,16.9,58.0,67,63.0,74.9,64.8,0,6,57.11
Sydney,2023-05-21,13.7,68.2,76,54.5,96.9,61.2,0,6,61.27
Sydney,2023-05-22,18.4,75.5,58,28.5,63.9,51.8,1,4,50.11
Sydney,2023-05-23,23.3,61.8,63,43.2,68.4,53.1,1,4,53.28
Sydney,2023-05-24,27.3,67.3,54,47.2,64.8,55.5,1,4,55.75
Sydney,2023-05-25,10.3,70.2,44,39.6,73.7,64.3,1,1,56.82
Sydney,2023-05-26,16.1,79.3,58,47.8,64.5,59.8,1,3,57.44
Sydney,2023-05-27,14.0,53.1,103,47.4,53.5,59.6,0,3,47.58
Sydney,2023-05-28,8.4,66.4,91,45.3,74.5,58.1,0,3,53.93
Sydney,2023-05-29,16.7,61.5,104,52.5,53.5,60.7,1,4,57.8
Sydney,2023-05-30,15.8,80.7,73,55.0,75.4,61.5,1,1,61.25
Sydney,2023-05-31,24.7,54.8,63,56.2,66.6,59.2,1,1,54.96
Sydney,2023-06-01,28.4,44.2,65,56.1,66.2,58.7,1,2,56.08
Sydney,2023-06-02,23.1,67.3,74,42.2,58.2,61.7,1,0,50.14
Sydney,2023-06-03,24.9,48.1,65,47.1,45.3,69.5,0,1,41.51
Sydney,2023-06-04,21.1,89.9,46,55.3,51.3,63.4,0,1,46.27
Sydney,2023-06-05,21.3,78.2,36,63.6,36.2,62.6,1,0,50.91
Sydney,2023-06-06,3.8,68.8,62,54.5,95.0,62.6,1,2,69.13
Sydney,2023-06-07,23.7,82.7,81,45.0,59.3,48.3,1,0,50.91
Sydney,2023-06-08,10.7,61.6,47,43.2,64.2,58.0,1,3,55.59
Sydney,2023-06-09,20.8,60.7,118,49.1,55.9,57.2,1,3,54.89
Sydney,2023-06-10,13.8,77.5,108,48.8,83.1,53.7,0,2,54.77
Sydney,2023-06-11,34.6,83.6,69,46.1,80.5,53.1,0,1,52.98
Sydney,2023-06-12,29.7,85.2,77,40.7,87.9,62.6,1,0,60.4
Sydney,2023-06-13,28.9,76.4,53,47.8,57.1,56.5,1,4,56.08
Sydney,2023-06-14,32.0,73.3,41,46.9,80.7,54.5,1,2,58.83
Sydney,2023-06-15,18.0,67.4,84,36.2,51.6,65.5,1,3,52.0
Sydney,2023-06-16,28.4,73.2,70,53.7,82.5,58.0,1,3,62.6
Sydney,2023-06-17,38.5,67.3,93,46.6,81.0,58.3,0,2,56.15
Sydney,2023-06-18,22.4,83.8,64,41.1,69.4,60.3,0,4,48.05
Sydney,2023-06-19,15.8,70.3,102,47.0,88.7,53.7,1,2,61.57
Sydney,2023-06-20,16.1,69.0,50,57.8,96.5,66.5,1,1,64.7
Sydney,2023-06-21,20.8,48.9,84,55.3,62.7,59.5,1,2,54.67
Sydney,2023-06-22,8.1,58.0,70,49.1,70.0,64.0,1,1,59.68
Sydney,2023-06-23,2.6,61.3,80,61.9,67.9,67.9,1,2,67.36
Sydney,2023-06-24,18.1,56.4,37,49.0,63.7,69.0,0,5,48.73
Sydney,2023-06-25,16.0,73.9,97,47.2,48.6,55.0,0,2,45.86
Sydney,2023-06-26,13.9,62.2,50,58.1,72.4,72.1,1,1,61.11
Sydney,2023-06-27,29.5,68.9,47,54.5,70.9,52.0,1,1,56.57
Sydney,2023-06-28,31.6,72.0,54,44.3,77.0,48.9,1,2,56.76
Sydney,2023-06-29,30.4,77.0,90,58.1,93.7,62.0,1,3,68.95
Sydney,2023-06-30,26.3,58.7,34,45.4,80.9,59.9,1,1,54.53
Sydney,2023-07-01,28.3,63.9,63,60.6,88.6,67.7,0,1,56.46
Sydney,2023-07-02,12.7,50.1,47,43.2,46.1,53.4,0,4,42.07
Sydney,2023-07-03,23.0,58.7,75,62.4,49.8,64.8,1,2,55.4
Sydney,2023-07-04,25.9,53.4,74,61.7,54.4,56.3,1,1,54.43
Sydney,2023-07-05,27.6,75.1,81,34.4,62.2,56.6,1,2,52.51
Sydney,2023-07-06,23.6,73.8,103,46.3,67.9,54.7,1,2,55.98
Sydney,2023-07-07,24.8,63.3,78,45.6,81.9,57.4,1,0,55.52
Sydney,2023-07-08,12.3,61.9,66,37.7,49.2,57.7,0,2,42.56
Sydney,2023-07-09,5.8,63.4,88,46.5,86.9,66.4,0,8,62.96
Sydney,2023-07-10,21.5,86.1,55,60.3,65.0,74.3,1,4,62.79
Sydney,2023-07-11,18.5,57.8,73,54.8,70.0,63.1,1,2,57.89
Sydney,2023-07-12,1.3,74.9,99,51.5,40.9,64.7,1,1,60.5
Sydney,2023-07-13,25.5,70.5,87,51.2,67.6,64.7,1,0,56.97
Sydney,2023-07-14,9.6,63.1,42,53.9,43.2,60.6,1,1,53.55
Sydney,2023-07-15,28.8,54.3,55,51.5,74.6,52.0,0,7,52.15
Sydney,2023-07-16,16.1,68.4,102,40.6,81.5,65.5,0,2,52.12
Sydney,2023-07-17,22.2,58.1,68,56.9,79.1,72.7,1,0,58.77
Sydney,2023-07-18,11.3,78.9,66,34.6,28.1,58.2,1,1,46.85
Sydney,2023-07-19,18.3,78.0,94,67.9,90.6,64.1,1,2,68.95
Sydney,2023-07-20,24.1,50.2,55,49.4,51.3,65.7,1,3,51.72
Sydney,2023-07-21,12.9,53.3,62,42.3,85.9,54.1,1,2,57.25
Sydney,2023-07-22,16.6,66.1,25,57.3,84.0,64.3,0,1,51.91
Sydney,2023-07-23,13.0,70.5,69,34.3,83.6,55.7,0,5,51.39
Sydney,2023-07-24,15.2,79.2,50,54.7,64.9,57.7,1,2,58.21
Sydney,2023-07-25,17.9,54.8,92,50.7,77.9,61.9,1,1,58.16
Sydney,2023-07-26,30.2,73.8,65,52.3,80.0,59.1,1,1,60.76
Sydney,2023-07-27,7.3,61.5,69,49.7,84.8,56.2,1,1,61.99
Sydney,2023-07-28,23.4,49.7,80,42.5,53.4,69.9,1,0,49.41
Sydney,2023-07-29,20.2,60.8,72,59.1,79.9,60.2,0,2,52.09
Sydney,2023-07-30,14.9,64.3,68,39.6,69.9,61.2,0,3,47.98
Sydney,2023-07-31,28.1,67.8,38,66.8,50.2,73.4,1,1,58.52
Sydney,2023-08-01,1.1,72.8,34,52.9,94.0,55.3,1,2,67.31
Sydney,2023-08-02,8.7,64.7,55,62.6,51.5,62.1,1,2,59.85
Sydney,2023-08-03,19.6,68.5,87,61.8,69.2,58.8,1,3,61.04
Sydney,2023-08-04,30.6,56.8,105,54.7,71.5,58.4,1,2,60.84
Sydney,2023-08-05,29.0,51.6,78,47.1,77.7,62.8,0,1,49.4
Sydney,2023-08-06,5.3,73.7,103,45.7,64.4,68.9,0,3,56.47
Sydney,2023-08-07,15.7,78.3,44,56.9,70.6,66.7,1,2,60.94
Sydney,2023-08-08,4.4,53.4,43,44.9,61.1,61.8,1,4,58.49
Sydney,2023-08-09,13.8,66.6,84,50.3,78.8,59.1,1,7,65.17
Sydney,2023-08-10,12.3,69.0,65,51.2,64.4,58.0,1,2,58.03
Sydney,2023-08-11,21.5,65.9,20,52.3,40.2,57.4,1,2,47.14
Sydney,2023-08-12,25.3,54.0,69,46.7,49.1,54.1,0,5,43.68
Sydney,2023-08-13,21.5,61.3,54,50.9,56.4,58.1,0,4,45.07
Sydney,2023-08-14,6.5,50.8,32,59.6,72.7,54.1,1,1,59.38
Sydney,2023-08-15,2.3,66.9,42,55.7,47.8,62.1,1,6,62.66
Sydney,2023-08-16,16.4,62.0,72,38.9,76.2,54.8,1,3,55.3
Sydney,2023-08-17,27.9,66.4,86,56.1,35.9,56.6,1,1,51.91
Sydney,2023-08-18,17.9,70.2,89,54.8,83.6,55.7,1,1,60.74
Sydney,2023-08-19,16.0,62.4,52,41.0,70.9,57.5,0,4,47.33
Sydney,2023-08-20,23.5,61.6,56,53.9,68.0,60.1,0,5,49.94
Sydney,2023-08-21,21.5,61.3,50,48.8,72.6,59.1,1,2,54.02
Sydney,2023-08-22,28.4,64.1,64,48.2,67.9,65.0,1,5,59.75
Sydney,2023-08-23,14.8,72.9,28,59.6,63.9,57.1,1,1,56.88
Sydney,2023-08-24,29.7,67.4,58,48.5,84.9,64.5,1,3,62.07
Sydney,2023-08-25,26.3,56.1,59,61.4,75.1,69.9,1,3,62.2
Sydney,2023-08-26,19.9,65.6,106,48.1,69.8,62.3,0,6,53.05
Sydney,2023-08-27,14.7,58.9,63,42.6,79.1,56.6,0,2,48.27
Sydney,2023-08-28,25.4,59.0,48,47.7,59.0,56.1,1,0,49.68
Sydney,2023-08-29,21.7,62.8,62,58.1,69.1,55.2,1,0,54.26
Sydney,2023-08-30,35.1,49.8,63,52.2,57.4,62.8,1,1,56.31
Sydney,2023-08-31,-1.3,62.6,41,52.5,86.2,62.4,1,0,65.5
Sydney,2023-09-01,15.6,64.2,59,48.4,89.3,61.5,1,2,60.79
Sydney,2023-09-02,30.3,43.7,20,53.1,65.1,68.4,0,3,48.04
Sydney,2023-09-03,2.5,62.4,80,43.6,64.2,61.2,0,3,53.33
Sydney,2023-09-04,26.0,66.7,59,50.8,77.6,62.0,1,1,57.61
Sydney,2023-09-05,20.3,48.4,81,42.6,47.7,69.4,1,1,49.06
Sydney,2023-09-06,24.8,79.5,54,51.4,63.2,73.0,1,2,58.25
Sydney,2023-09-07,5.2,50.5,103,39.6,49.1,56.4,1,4,56.07
Sydney,2023-09-08,20.7,58.7,29,41.3,64.2,63.9,1,2,50.12
Sydney,2023-09-09,18.8,61.5,87,56.5,69.2,55.7,0,2,49.83
Sydney,2023-09-10,14.3,66.9,70,43.2,43.7,67.0,0,2,44.56
Sydney,2023-09-11,14.3,69.3,94,59.5,58.5,67.3,1,0,59.82
Sydney,2023-09-12,18.1,78.3,74,54.3,66.0,61.0,1,3,59.7
Sydney,2023-09-13,30.6,68.8,35,67.4,61.4,61.4,1,0,58.94
Sydney,2023-09-14,18.4,54.8,72,57.1,50.8,66.7,1,0,53.35
Sydney,2023-09-15,17.1,68.5,53,40.9,73.1,67.3,1,1,55.17
Sydney,2023-09-16,20.0,65.1,26,46.6,91.9,68.0,0,3,51.45
Sydney,2023-09-17,24.8,61.7,31,57.2,58.3,64.1,0,4,48.07
Sydney,2023-09-18,24.8,68.2,82,61.4,40.7,58.2,1,0,52.53
Sydney,2023-09-19,17.7,67.3,37,46.1,36.4,58.7,1,6,50.75
Sydney,2023-09-20,23.6,62.2,74,40.6,71.2,67.5,1,0,52.99
Sydney,2023-09-21,30.9,70.7,77,43.7,59.6,60.7,1,6,59.29
Sydney,2023-09-22,22.2,71.0,46,49.4,70.1,53.1,1,1,52.47
Sydney,2023-09-23,23.4,55.4,49,45.8,64.5,54.4,0,4,44.11
Sydney,2023-09-24,27.4,78.3,79,41.2,71.5,54.3,0,6,51.26
Sydney,2023-09-25,16.9,63.9,54,39.5,65.5,66.5,1,3,54.46
Sydney,2023-09-26,23.2,63.1,66,46.3,65.5,61.7,1,2,53.66
Sydney,2023-09-27,16.5,73.5,56,54.2,74.3,57.5,1,1,58.33
Sydney,2023-09-28,7.0,69.5,95,39.9,74.9,62.7,1,5,64.03
Sydney,2023-09-29,20.3,49.9,69,49.0,80.3,58.0,1,2,55.72
Sydney,2023-09-30,14.7,70.5,45,49.8,84.8,61.6,0,1,51.77
Sydney,2023-10-01,29.5,64.7,55,51.4,74.3,51.5,0,3,49.96
Sydney,2023-10-02,30.7,67.2,38,44.6,58.7,62.0,1,6,57.23
Sydney,2023-10-03,19.4,61.7,66,58.2,93.8,62.5,1,1,62.35
Sydney,2023-10-04,35.8,73.1,92,56.6,79.1,61.2,1,4,68.17
Sydney,2023-10-05,17.1,56.9,92,52.5,57.4,61.5,1,2,55.86
Sydney,2023-10-06,19.3,74.8,49,56.4,64.5,67.0,1,6,61.37
Sydney,2023-10-07,24.0,65.4,65,54.7,81.6,63.7,0,2,52.0
Sydney,2023-10-08,1.3,39.7,51,52.8,49.0,55.0,0,5,50.16
Sydney,2023-10-09,18.5,69.7,71,49.4,77.9,64.7,1,2,59.32
Sydney,2023-10-10,22.0,48.2,50,43.6,65.8,68.3,1,2,51.33
Sydney,2023-10-11,14.4,63.2,72,32.9,56.8,57.4,1,1,49.44
Sydney,2023-10-12,20.4,67.3,79,54.4,83.5,66.1,1,3,62.34
Sydney,2023-10-13,16.2,62.4,62,59.8,62.3,65.2,1,2,58.89
Sydney,2023-10-14,14.5,77.3,41,54.3,92.3,71.6,0,3,58.48
Sydney,2023-10-15,16.8,64.8,91,38.8,74.7,60.0,0,3,48.96
Sydney,2023-10-16,27.1,74.8,20,57.1,89.7,62.3,1,4,63.67
Sydney,2023-10-17,31.7,80.3,63,44.2,84.8,65.9,1,2,62.62
Sydney,2023-10-18,31.8,81.6,47,45.4,57.2,58.6,1,1,54.68
Sydney,2023-10-19,13.2,57.9,50,53.9,64.0,59.8,1,1,56.0
Sydney,2023-10-20,33.1,62.1,120,56.2,92.4,66.0,1,0,67.38
Sydney,2023-10-21,31.9,73.0,89,60.0,84.6,56.1,0,1,57.02
Sydney,2023-10-22,19.1,67.2,68,45.3,46.1,53.4,0,7,45.34
Sydney,2023-10-23,26.8,61.9,77,49.3,82.0,60.8,1,0,57.78
Sydney,2023-10-24,34.1,59.2,72,58.0,51.0,61.9,1,3,59.12
Sydney,2023-10-25,34.4,48.5,67,38.2,54.5,57.5,1,1,50.65
Sydney,2023-10-26,17.9,53.1,64,53.7,42.0,57.8,1,2,50.38
Sydney,2023-10-27,32.6,56.7,72,43.4,53.3,45.3,1,3,51.74
Sydney,2023-10-28,25.9,70.3,62,46.1,64.5,68.3,0,5,50.64
Sydney,2023-10-29,12.6,63.4,93,46.1,43.1,61.1,0,6,48.99
Sydney,2023-10-30,24.6,91.5,90,51.1,72.8,51.5,1,2,59.2
Sydney,2023-10-31,17.2,78.7,40,51.1,76.4,60.5,1,4,60.29
Sydney,2023-11-01,20.9,61.2,45,46.8,67.7,63.9,1,2,53.33
Sydney,2023-11-02,20.9,60.6,87,41.0,51.3,66.6,1,3,51.76
Sydney,2023-11-03,21.7,66.2,96,56.7,59.5,53.1,1,2,55.28
Sydney,2023-11-04,30.9,74.5,65,48.4,38.5,60.6,0,2,44.8
Sydney,2023-11-05,25.4,68.8,51,51.2,75.1,62.5,0,6,53.09
Sydney,2023-11-06,27.6,52.6,20,41.7,63.5,66.0,1,1,50.29
Sydney,2023-11-07,-3.1,66.8,57,66.8,36.6,60.9,1,0,61.26
Sydney,2023-11-08,16.7,47.6,76,34.8,40.1,59.7,1,0,43.97
Sydney,2023-11-09,19.7,53.7,87,55.1,78.8,54.9,1,4,59.75
Sydney,2023-11-10,14.3,65.7,81,47.3,27.6,67.3,1,1,50.11
Sydney,2023-11-11,25.2,59.8,66,52.7,67.2,59.7,0,5,50.36
Sydney,2023-11-12,30.4,74.6,75,63.5,79.5,68.0,0,3,59.63
Sydney,2023-11-13,25.0,62.7,106,50.2,49.5,63.2,1,2,54.47
Sydney,2023-11-14,35.7,44.8,76,50.4,62.3,49.2,1,3,56.43
Sydney,2023-11-15,17.7,47.6,67,54.6,56.8,62.3,1,4,55.74
Sydney,2023-11-16,10.8,64.1,60,48.9,94.7,57.0,1,1,62.34
Sydney,2023-11-17,35.1,41.8,68,39.3,44.1,56.6,1,1,48.43
Sydney,2023-11-18,9.8,75.4,92,63.2,42.0,57.1,0,1,50.94
Sydney,2023-11-19,26.4,68.2,47,47.7,64.5,60.1,0,2,46.4
Sydney,2023-11-20,29.5,79.1,71,54.3,72.6,57.6,1,1,60.05
Sydney,2023-11-21,12.3,64.1,44,39.8,54.3,66.7,1,2,52.89
Sydney,2023-11-22,23.8,69.4,65,52.0,86.7,56.4,1,0,57.66
Sydney,2023-11-23,19.2,62.2,54,52.8,44.5,65.0,1,2,51.77
Sydney,2023-11-24,13.7,57.9,63,40.0,66.9,62.8,1,3,55.37
Sydney,2023-11-25,21.6,69.4,68,52.8,70.2,62.2,0,5,51.37
Sydney,2023-11-26,38.3,64.7,75,47.4,73.0,51.1,0,2,52.23
Sydney,2023-11-27,20.8,67.2,74,46.5,72.9,63.3,1,1,55.43
Sydney,2023-11-28,12.9,80.7,32,60.5,39.1,57.1,1,3,55.52
Sydney,2023-11-29,20.2,62.9,47,54.2,57.3,59.9,1,2,53.11
Sydney,2023-11-30,13.3,71.4,58,48.0,37.5,65.9,1,1,51.82
Sydney,2023-12-01,30.6,80.4,38,48.6,76.6,59.0,1,3,60.11
Sydney,2023-12-02,10.8,73.0,45,63.0,60.2,60.2,0,2,52.86
Sydney,2023-12-03,21.8,70.5,60,44.1,34.9,64.9,0,2,39.5
Sydney,2023-12-04,11.7,77.1,51,52.4,30.5,63.1,1,6,56.15
Sydney,2023-12-05,12.8,69.3,82,42.0,45.5,66.5,1,4,55.56
Sydney,2023-12-06,26.8,71.0,82,49.3,52.5,66.9,1,0,54.14
Sydney,2023-12-07,29.7,66.5,69,51.5,59.5,54.0,1,3,56.44
Sydney,2023-12-08,31.6,84.7,86,63.2,77.0,56.8,1,1,65.43
Sydney,2023-12-09,15.2,68.2,69,53.7,38.1,60.2,0,7,49.01
Sydney,2023-12-10,23.4,64.4,50,59.0,73.4,71.5,0,4,53.54
Sydney,2023-12-11,23.0,62.3,60,37.9,86.6,65.4,1,7,59.87
Sydney,2023-12-12,8.2,75.7,62,58.5,76.0,61.5,1,2,65.19
Sydney,2023-12-13,23.8,61.1,53,52.3,82.5,61.7,1,0,56.4
Sydney,2023-12-14,30.4,61.4,73,54.0,66.0,51.3,1,1,56.3
Sydney,2023-12-15,32.6,71.8,75,34.1,80.9,65.6,1,1,58.25
Sydney,2023-12-16,24.6,67.7,76,59.8,64.2,62.9,0,1,49.99
Sydney,2023-12-17,20.9,71.1,56,49.0,70.0,60.4,0,2,47.29
Sydney,2023-12-18,22.5,79.4,73,47.6,71.1,66.5,1,2,57.67
Sydney,2023-12-19,27.5,70.7,83,46.6,74.7,66.8,1,3,60.61
Sydney,2023-12-20,11.9,73.0,90,49.8,45.0,61.2,1,4,57.84
Sydney,2023-12-21,22.2,59.3,62,59.4,75.8,57.9,1,1,56.83
Sydney,2023-12-22,15.3,63.2,36,58.3,63.5,61.3,1,1,56.39
Sydney,2023-12-23,21.0,58.9,61,61.1,38.7,61.9,0,2,43.69
Sydney,2023-12-24,19.9,64.8,51,49.2,63.6,52.7,0,2,44.28
Sydney,2023-12-25,10.4,78.1,35,50.1,57.7,57.8,1,0,54.89
Sydney,2023-12-26,27.6,53.9,80,66.0,57.7,64.7,1,2,59.62
Sydney,2023-12-27,22.1,73.1,86,53.0,87.9,57.9,1,3,61.65
Sydney,2023-12-28,22.4,63.6,62,37.8,54.7,59.8,1,1,47.49
Sydney,2023-12-29,28.5,64.0,109,51.8,80.6,60.0,1,1,61.38
Sydney,2023-12-30,30.4,64.1,74,52.1,63.5,60.8,0,2,50.06
Sydney,2023-12-31,26.1,88.2,87,48.5,70.2,66.7,0,1,51.99
Sydney,2024-01-01,19.2,70.6,80,52.1,67.9,66.3,1,2,58.59
Sydney,2024-01-02,18.2,65.6,63,53.4,41.3,61.9,1,2,51.95
Sydney,2024-01-03,19.6,62.8,37,52.3,66.1,56.9,1,3,54.39
Sydney,2024-01-04,23.8,60.4,61,41.9,49.9,58.4,1,0,46.73
Sydney,2024-01-05,14.0,73.2,89,40.1,69.1,51.8,1,3,56.56
Sydney,2024-01-06,25.8,73.5,47,61.8,52.8,69.4,0,6,53.19
Sydney,2024-01-07,14.5,64.8,100,46.6,55.8,60.1,0,3,48.75
Sydney,2024-01-08,22.9,57.0,61,61.3,42.2,62.3,1,2,52.23
Sydney,2024-01-09,9.0,66.1,69,65.8,78.6,58.5,1,0,64.58
Sydney,2024-01-10,16.9,57.7,96,52.5,62.6,64.8,1,0,56.2
Sydney,2024-01-11,14.5,55.7,79,58.3,72.6,58.8,1,3,61.15
Sydney,2024-01-12,18.2,56.3,87,48.4,76.5,54.0,1,2,56.42
Sydney,2024-01-13,29.7,74.1,76,57.4,67.5,60.0,0,5,55.52
Sydney,2024-01-14,27.1,70.9,72,61.3,52.9,55.7,0,0,47.16
Sydney,2024-01-15,11.5,61.0,53,62.8,49.3,66.2,1,0,56.96
Sydney,2024-01-16,17.6,61.3,60,47.1,41.7,63.5,1,1,49.38
Sydney,2024-01-17,10.3,49.8,64,62.4,87.8,56.5,1,1,63.57
Sydney,2024-01-18,-1.3,59.1,70,48.2,36.5,51.9,1,1,54.43
Sydney,2024-01-19,8.6,64.2,49,62.5,45.0,67.1,1,2,59.12
Sydney,2024-01-20,1.9,72.3,65,61.2,62.5,62.2,0,1,56.85
Sydney,2024-01-21,16.7,53.0,73,47.5,63.5,75.1,0,3,49.75
Sydney,2024-01-22,21.9,62.3,111,43.1,62.1,65.6,1,3,55.33
Sydney,2024-01-23,27.8,64.1,45,46.9,64.8,65.4,1,5,57.73
Sydney,2024-01-24,20.2,60.6,86,57.9,83.1,57.2,1,3,61.38
Sydney,2024-01-25,20.0,63.1,97,32.3,49.3,68.2,1,1,48.71
Sydney,2024-01-26,32.1,50.7,86,37.5,43.4,62.0,1,1,49.3
Sydney,2024-01-27,34.4,63.4,98,52.6,79.3,49.2,0,5,56.57
Sydney,2024-01-28,26.3,50.8,67,60.7,72.5,59.8,0,2,50.73
Sydney,2024-01-29,21.2,69.3,70,36.9,46.1,64.1,1,0,46.55
Sydney,2024-01-30,16.2,58.5,68,55.4,89.2,51.2,1,0,58.87
Sydney,2024-01-31,20.6,74.6,79,49.4,51.9,67.2,1,3,55.45
Sydney,2024-02-01,20.4,70.9,44,55.2,43.6,59.0,1,0,49.4
Sydney,2024-02-02,33.5,66.2,42,53.2,86.6,66.3,1,1,63.0
Sydney,2024-02-03,31.4,48.8,73,45.5,84.7,55.7,0,6,53.71
Sydney,2024-02-04,16.8,72.7,39,56.8,69.3,50.3,0,8,53.5
Sydney,2024-02-05,32.4,59.1,88,59.8,74.8,62.9,1,1,62.99
Sydney,2024-02-06,7.4,72.8,43,38.9,33.9,58.6,1,5,52.4
Sydney,2024-02-07,23.7,59.2,71,34.1,65.0,57.9,1,2,49.57
Sydney,2024-02-08,30.4,71.0,73,44.1,97.1,51.8,1,1,60.79
Sydney,2024-02-09,21.5,65.4,50,51.4,82.4,61.3,1,1,56.68
Sydney,2024-02-10,13.5,51.0,66,42.8,60.0,63.1,0,1,44.71
Sydney,2024-02-11,22.6,77.0,31,48.4,80.2,52.6,0,3,47.76
Sydney,2024-02-12,11.2,58.2,42,52.2,27.5,57.2,1,0,47.34
Sydney,2024-02-13,24.1,70.9,81,38.1,84.0,57.8,1,1,55.39
Sydney,2024-02-14,17.3,68.6,76,43.9,62.2,60.2,1,2,54.52
Sydney,2024-02-15,9.9,55.5,92,42.7,86.7,58.4,1,2,61.22
Sydney,2024-02-16,22.5,83.5,56,50.8,41.5,61.1,1,2,51.24
Sydney,2024-02-17,13.3,48.6,49,45.7,56.8,68.0,0,5,48.06
Sydney,2024-02-18,12.0,82.2,90,56.0,94.7,65.4,0,3,62.26
Sydney,2024-02-19,6.5,57.0,87,41.5,58.1,61.3,1,0,55.24
Sydney,2024-02-20,29.2,67.3,66,45.1,70.9,60.0,1,0,55.24
Sydney,2024-02-21,21.4,89.8,100,50.2,73.2,56.4,1,2,59.45
Sydney,2024-02-22,18.5,51.4,29,67.6,87.2,57.9,1,5,63.59
Sydney,2024-02-23,16.1,68.8,126,62.7,63.1,68.1,1,3,65.11
Sydney,2024-02-24,15.9,68.8,83,31.4,60.3,56.5,0,3,43.71
Sydney,2024-02-25,15.1,54.1,68,40.8,61.6,59.3,0,4,46.04
Sydney,2024-02-26,16.6,67.7,39,41.6,44.1,55.2,1,1,46.86
Sydney,2024-02-27,20.7,65.9,46,49.8,83.8,62.5,1,4,59.39
Sydney,2024-02-28,18.1,51.0,76,52.0,69.2,54.1,1,1,54.14
Sydney,2024-02-29,23.2,69.3,65,57.7,87.4,62.8,1,2,61.92
Sydney,2024-03-01,25.0,71.7,87,42.5,70.6,54.0,1,3,55.7
Sydney,2024-03-02,28.3,64.5,86,51.3,85.7,59.5,0,5,56.38
Sydney,2024-03-03,19.6,51.6,67,54.0,77.5,53.5,0,1,47.3
Sydney,2024-03-04,28.1,44.2,47,66.3,67.3,55.8,1,1,56.82
Sydney,2024-03-05,12.4,74.7,76,58.5,49.1,51.0,1,3,57.74
Sydney,2024-03-06,30.4,82.2,45,59.8,70.8,57.9,1,2,61.52
Sydney,2024-03-07,28.0,56.2,73,42.8,62.4,58.7,1,1,52.29
Sydney,2024-03-08,14.4,66.6,41,57.4,48.8,54.7,1,4,55.46
Sydney,2024-03-09,24.6,51.4,67,53.0,80.0,58.3,0,4,50.9
Sydney,2024-03-10,37.6,77.9,70,39.0,44.7,66.8,0,1,46.94
Sydney,2024-03-11,10.8,69.5,88,62.2,58.3,64.2,1,0,61.12
Sydney,2024-03-12,13.5,64.2,135,47.7,73.4,65.2,1,0,60.99
Sydney,2024-03-13,14.1,69.2,62,43.6,100.0,56.0,1,5,64.34
Sydney,2024-03-14,9.3,85.7,60,48.5,94.2,56.9,1,3,66.55
Sydney,2024-03-15,23.5,65.4,66,45.1,54.3,59.5,1,3,51.86
Sydney,2024-03-16,8.3,69.3,40,41.3,48.0,52.8,0,5,45.98
Sydney,2024-03-17,18.7,64.7,86,63.1,46.1,73.6,0,4,52.2
Sydney,2024-03-18,28.4,69.0,49,52.4,73.8,69.9,1,3,61.05
Sydney,2024-03-19,36.1,63.0,75,41.5,59.9,62.6,1,1,56.12
Sydney,2024-03-20,22.0,65.7,51,56.6,67.7,57.7,1,0,53.59
Sydney,2024-03-21,14.7,72.5,45,39.6,53.2,65.4,1,2,52.31
Sydney,2024-03-22,20.7,56.1,59,39.9,67.8,60.2,1,4,52.7
Sydney,2024-03-23,10.4,63.9,76,59.9,47.9,56.8,0,2,49.77
Sydney,2024-03-24,17.2,61.8,50,51.4,68.3,53.8,0,1,45.89
Sydney,2024-03-25,22.2,70.7,80,47.0,73.0,53.5,1,2,54.96
Sydney,2024-03-26,24.9,50.7,70,63.3,56.0,69.3,1,2,57.45
Sydney,2024-03-27,20.6,70.0,82,53.2,63.6,60.8,1,2,56.58
Sydney,2024-03-28,29.6,63.4,48,42.3,66.1,57.0,1,1,52.64
Sydney,2024-03-29,29.4,63.6,67,42.3,56.3,57.9,1,1,51.73
Sydney,2024-03-30,28.7,64.8,70,57.3,77.6,58.1,0,2,53.03
Sydney,2024-03-31,24.9,69.4,94,54.8,65.6,68.7,0,5,54.45
Sydney,2024-04-01,10.9,49.9,31,48.2,85.5,63.2,1,2,59.34
Sydney,2024-04-02,3.8,68.0,60,57.9,87.1,54.5,1,4,68.56
Sydney,2024-04-03,20.3,61.1,65,53.0,34.6,57.6,1,2,48.55
Sydney,2024-04-04,30.0,51.4,100,53.5,80.7,57.0,1,3,61.94
Sydney,2024-04-05,16.9,49.8,68,47.5,53.5,67.2,1,2,52.87
Sydney,2024-04-06,21.9,83.3,94,56.4,55.3,62.4,0,4,51.17
Sydney,2024-04-07,16.9,76.6,95,67.2,54.4,61.7,0,1,52.75
Sydney,2024-04-08,27.4,64.5,92,45.9,76.1,58.8,1,2,58.25
Sydney,2024-04-09,3.1,66.7,71,40.2,90.0,59.2,1,0,62.39
Sydney,2024-04-10,14.8,71.1,78,60.7,83.8,56.5,1,1,63.37
Sydney,2024-04-11,18.8,58.8,62,43.0,76.8,56.3,1,1,53.35
Sydney,2024-04-12,25.8,62.7,83,56.4,93.5,64.7,1,3,65.22
Sydney,2024-04-13,31.2,79.2,63,44.5,57.3,63.1,0,2,48.38
Sydney,2024-04-14,23.2,67.8,63,59.6,88.9,50.5,0,3,53.16
Sydney,2024-04-15,23.4,47.5,28,66.5,70.8,53.3,1,0,53.81
Sydney,2024-04-16,9.4,59.5,48,54.2,57.3,59.1,1,2,57.06
Sydney,2024-04-17,20.2,60.6,87,54.0,95.3,59.8,1,3,63.2
Sydney,2024-04-18,29.8,71.7,65,38.9,45.5,58.7,1,1,49.7
Sydney,2024-04-19,5.3,51.4,48,50.9,59.8,61.3,1,1,56.99
Sydney,2024-04-20,28.5,72.3,66,45.8,85.4,55.9,0,7,55.67
Sydney,2024-04-21,23.6,65.3,45,58.8,61.0,61.5,0,2,47.48
Sydney,2024-04-22,26.7,55.5,57,50.4,87.3,58.3,1,2,58.75
Sydney,2024-04-23,14.7,58.7,101,41.5,58.8,68.1,1,4,57.49
Sydney,2024-04-24,14.5,68.2,108,44.8,61.5,57.2,1,3,57.61
Sydney,2024-04-25,11.2,62.4,67,46.8,30.5,60.2,1,2,50.29
Sydney,2024-04-26,24.3,62.1,94,50.4,90.0,56.4,1,1,59.66
Sydney,2024-04-27,18.8,51.7,93,61.0,83.4,65.8,0,2,55.04
Sydney,2024-04-28,20.0,52.3,81,54.8,63.4,69.8,0,2,49.01
Sydney,2024-04-29,14.3,66.7,73,42.0,65.6,59.8,1,2,55.4
Sydney,2024-04-30,25.0,61.6,72,39.9,61.6,56.5,1,3,51.89
Sydney,2024-05-01,21.6,71.8,61,55.6,54.6,52.6,1,1,51.88
Sydney,2024-05-02,7.1,80.5,64,57.4,76.8,61.0,1,2,65.96
Sydney,2024-05-03,13.7,80.4,40,67.3,84.4,61.6,1,1,65.65
Sydney,2024-05-04,25.5,66.1,44,58.9,63.6,62.4,0,3,49.78
Sydney,2024-05-05,28.0,73.8,87,55.6,55.0,60.8,0,3,50.81
Sydney,2024-05-06,19.3,48.2,79,53.6,100.0,62.0,1,3,63.24
Sydney,2024-05-07,19.5,64.1,48,56.4,59.8,66.9,1,2,55.96
Sydney,2024-05-08,9.1,66.8,69,48.7,51.1,62.2,1,3,57.53
Sydney,2024-05-09,9.7,66.1,40,48.1,48.6,56.4,1,2,53.28
Sydney,2024-05-10,38.6,64.4,90,56.1,75.3,63.7,1,3,66.98
Sydney,2024-05-11,11.6,51.0,74,33.4,66.6,52.8,0,3,44.4
Sydney,2024-05-12,17.3,71.2,72,49.4,52.5,59.0,0,4,47.57
Sydney,2024-05-13,17.7,66.8,75,40.2,93.3,57.3,1,1,57.92
Sydney,2024-05-14,24.1,53.6,68,51.2,89.9,59.8,1,1,58.21
Sydney,2024-05-15,30.4,67.9,103,35.8,72.2,47.6,1,2,54.75
Sydney,2024-05-16,23.9,77.3,75,52.2,65.4,51.8,1,3,56.49
Sydney,2024-05-17,26.5,71.1,83,43.2,73.5,63.3,1,2,57.59
Sydney,2024-05-18,20.9,76.7,46,51.9,57.6,61.5,0,5,48.42
Sydney,2024-05-19,13.1,61.6,95,53.3,50.5,57.1,0,4,49.83
Sydney,2024-05-20,17.6,57.1,72,55.4,48.5,59.3,1,4,55.0
Sydney,2024-05-21,12.6,73.7,65,37.1,61.6,57.9,1,2,53.95
Sydney,2024-05-22,20.1,75.5,84,39.8,51.2,54.5,1,3,50.93
Sydney,2024-05-23,20.9,57.6,66,44.9,56.6,54.4,1,4,51.26
Sydney,2024-05-24,19.6,68.6,43,48.9,36.4,59.8,1,2,48.05
Sydney,2024-05-25,7.6,76.7,75,49.8,78.3,61.1,0,0,54.49
Sydney,2024-05-26,23.1,59.0,23,40.1,83.8,65.4,0,4,47.25
Sydney,2024-05-27,18.9,53.6,55,41.7,50.7,64.9,1,2,49.2
Sydney,2024-05-28,27.8,62.0,78,59.2,53.4,53.4,1,3,56.47
Sydney,2024-05-29,17.9,82.6,110,58.3,40.3,49.0,1,3,55.83
Sydney,2024-05-30,24.0,57.8,36,57.4,92.9,57.6,1,0,58.1
Sydney,2024-05-31,21.3,73.8,103,51.7,58.9,57.4,1,3,56.59
Sydney,2024-06-01,11.3,64.8,35,45.5,87.2,62.3,0,4,53.89
Sydney,2024-06-02,34.3,78.7,76,37.7,55.6,56.5,0,2,46.84
Sydney,2024-06-03,12.9,56.0,55,43.8,72.3,61.4,1,2,56.14
Sydney,2024-06-04,19.6,79.4,90,45.1,86.1,59.4,1,1,59.48
Sydney,2024-06-05,26.7,58.9,58,40.0,70.3,65.7,1,3,54.94
Sydney,2024-06-06,21.9,65.3,66,54.3,69.3,58.1,1,2,55.78
Sydney,2024-06-07,13.2,79.0,49,31.1,67.1,64.4,1,1,53.15
Sydney,2024-06-08,11.7,80.9,93,48.6,69.8,61.1,0,4,55.44
Sydney,2024-06-09,19.3,67.4,81,63.1,92.6,69.3,0,5,61.35
Sydney,2024-06-10,21.1,55.9,56,56.9,61.3,61.1,1,4,55.99
Sydney,2024-06-11,14.4,64.4,43,44.7,70.1,60.3,1,2,55.38
Sydney,2024-06-12,32.9,67.9,43,46.8,36.8,52.9,1,2,49.67
Sydney,2024-06-13,41.4,75.7,31,41.1,48.4,59.6,1,2,55.14
Sydney,2024-06-14,25.7,62.9,45,52.9,60.9,51.9,1,0,51.07
Sydney,2024-06-15,13.3,68.5,92,59.4,70.4,60.3,0,5,57.33
Sydney,2024-06-16,29.0,64.9,84,67.7,63.6,59.7,0,5,56.76
Sydney,2024-06-17,8.4,74.7,53,58.3,77.4,60.1,1,1,63.69
Sydney,2024-06-18,21.6,51.2,84,55.6,67.8,62.0,1,3,56.94
Sydney,2024-06-19,15.4,63.7,34,47.0,63.2,57.3,1,2,53.2
Sydney,2024-06-20,22.9,64.4,60,42.4,55.0,59.0,1,3,50.51
Sydney,2024-06-21,24.4,71.3,36,57.0,64.8,64.7,1,1,55.97
Sydney,2024-06-22,17.5,62.4,59,46.9,90.4,52.5,0,1,49.2
Sydney,2024-06-23,20.2,72.1,83,58.6,72.2,52.3,0,4,52.4
Sydney,2024-06-24,10.3,59.5,69,54.3,60.9,61.1,1,0,57.13
Sydney,2024-06-25,16.0,78.0,48,37.7,79.8,59.9,1,3,57.11
Sydney,2024-06-26,17.8,78.4,48,42.9,81.1,53.3,1,3,56.98
Sydney,2024-06-27,28.1,53.8,52,51.8,70.7,55.8,1,4,57.15
Sydney,2024-06-28,32.0,51.3,66,47.8,93.4,64.6,1,2,62.48
Sydney,2024-06-29,17.6,64.7,70,34.0,64.6,56.8,0,5,45.31
Sydney,2024-06-30,37.5,53.7,58,55.9,63.1,47.4,0,3,50.52
Sydney,2024-07-01,4.7,73.7,70,45.5,58.7,53.5,1,2,58.3
Sydney,2024-07-02,16.8,61.1,70,60.9,85.2,73.0,1,1,64.37
Sydney,2024-07-03,19.2,46.8,42,57.3,72.9,63.6,1,2,56.32
Sydney,2024-07-04,24.2,59.7,66,51.4,68.6,64.5,1,2,56.21
Sydney,2024-07-05,19.1,56.7,74,72.8,50.8,64.0,1,2,58.93
Sydney,2024-07-06,22.2,71.2,71,45.9,85.1,74.4,0,5,54.84
Sydney,2024-07-07,32.0,61.4,76,54.5,89.1,59.3,0,2,56.02
Sydney,2024-07-08,32.1,75.4,37,52.7,79.4,55.9,1,4,62.18
Sydney,2024-07-09,19.4,76.3,71,58.1,54.2,54.9,1,1,54.72
Sydney,2024-07-10,23.3,44.8,56,47.7,49.3,59.5,1,3,48.95
Sydney,2024-07-11,24.4,64.8,56,40.9,93.5,61.4,1,1,56.97
Sydney,2024-07-12,17.5,86.2,70,70.3,43.8,59.8,1,1,58.63
Sydney,2024-07-13,19.0,60.4,67,46.7,63.3,57.2,0,1,44.18
Sydney,2024-07-14,31.5,53.9,70,40.5,52.5,57.4,0,3,44.08
Sydney,2024-07-15,12.1,54.6,88,38.9,66.1,69.5,1,5,59.32
Sydney,2024-07-16,23.0,79.2,63,58.0,60.1,70.5,1,3,59.54
Sydney,2024-07-17,20.6,72.6,98,42.0,38.8,63.5,1,1,49.22
Sydney,2024-07-18,17.4,62.2,82,46.7,58.5,61.6,1,4,56.06
Sydney,2024-07-19,14.5,75.2,47,45.1,47.7,65.3,1,4,54.84
Sydney,2024-07-20,26.4,66.7,81,40.7,70.7,62.0,0,2,47.53
Sydney,2024-07-21,7.7,44.8,38,72.6,96.2,53.0,0,1,58.71
Sydney,2024-07-22,30.4,71.5,58,54.5,76.6,51.7,1,0,58.0
Sydney,2024-07-23,19.4,78.9,58,42.9,74.9,56.1,1,1,54.49
Sydney,2024-07-24,13.7,57.2,20,54.5,79.1,65.6,1,3,60.1
Sydney,2024-07-25,19.2,60.7,50,47.9,69.9,68.9,1,2,55.84
Sydney,2024-07-26,24.3,58.7,79,52.2,51.1,56.2,1,4,53.75
Sydney,2024-07-27,24.1,64.2,118,65.4,65.1,60.1,0,4,55.3
Sydney,2024-07-28,25.1,67.5,38,41.5,42.7,66.5,0,2,40.37
Sydney,2024-07-29,24.3,67.3,62,50.2,82.9,55.8,1,2,57.84
Sydney,2024-07-30,25.1,63.0,54,58.2,31.6,66.6,1,3,52.03
Sydney,2024-07-31,23.9,48.6,67,65.6,83.9,63.6,1,2,61.89
Sydney,2024-08-01,18.8,67.5,20,63.9,70.9,60.5,1,3,59.12
Sydney,2024-08-02,20.4,69.5,70,55.0,45.2,67.4,1,1,53.21
Sydney,2024-08-03,16.1,65.6,53,47.7,68.4,64.7,0,4,50.29
Sydney,2024-08-04,28.6,85.2,76,49.0,54.1,59.7,0,5,51.1
Sydney,2024-08-05,8.2,66.9,97,53.5,72.4,63.0,1,2,64.23
Sydney,2024-08-06,22.9,67.3,74,43.8,82.1,63.8,1,0,55.65
Sydney,2024-08-07,15.9,74.7,85,62.3,89.0,59.1,1,3,67.21
Sydney,2024-08-08,18.3,76.7,96,47.7,38.8,60.9,1,5,54.89
Sydney,2024-08-09,18.8,59.1,31,54.2,57.7,62.1,1,2,52.99
Sydney,2024-08-10,27.4,58.9,78,54.5,60.3,61.8,0,3,49.62
Sydney,2024-08-11,18.0,66.5,62,56.3,87.0,59.8,0,3,54.46
Sydney,2024-08-12,34.9,76.3,98,61.5,100.0,55.8,1,1,70.45
Sydney,2024-08-13,15.8,66.2,56,40.5,51.9,59.5,1,1,49.86
Sydney,2024-08-14,29.2,59.2,82,39.4,20.0,60.3,1,1,44.33
Sydney,2024-08-15,12.0,57.9,46,42.8,44.6,50.4,1,3,49.31
Sydney,2024-08-16,18.6,63.6,72,55.1,46.3,59.1,1,2,53.0
Sydney,2024-08-17,15.9,83.5,92,45.1,52.9,61.5,0,1,47.19
Sydney,2024-08-18,19.8,82.5,86,53.1,59.9,60.4,0,7,53.67
Sydney,2024-08-19,25.0,50.7,52,62.0,72.9,60.4,1,4,59.7
Sydney,2024-08-20,14.6,48.2,43,63.2,72.5,66.0,1,2,60.32
Sydney,2024-08-21,28.6,84.4,90,60.4,82.7,62.1,1,3,67.42
Sydney,2024-08-22,29.9,63.3,58,38.5,52.7,57.5,1,2,50.45
Sydney,2024-08-23,31.6,85.8,57,59.6,70.0,59.8,1,2,63.12
Sydney,2024-08-24,17.1,62.0,49,40.2,77.3,66.0,0,3,48.37
Sydney,2024-08-25,12.9,72.9,63,44.1,49.7,66.5,0,2,46.68
Sydney,2024-08-26,12.7,45.4,48,49.4,61.3,58.9,1,0,52.07
Sydney,2024-08-27,10.6,58.9,61,34.8,65.5,64.0,1,4,55.91
Sydney,2024-08-28,21.3,55.8,28,52.3,77.5,56.0,1,3,54.68
Sydney,2024-08-29,22.8,62.0,71,59.6,43.3,67.6,1,2,53.89
Sydney,2024-08-30,20.7,66.8,40,47.6,87.0,60.8,1,3,58.12
Sydney,2024-08-31,18.5,76.1,65,58.4,85.6,60.0,0,6,58.2
Sydney,2024-09-01,4.7,74.6,34,61.4,60.8,62.9,0,5,57.58
Sydney,2024-09-02,27.6,66.8,61,43.5,58.4,67.0,1,2,54.26
Sydney,2024-09-03,34.2,58.0,62,34.8,81.5,60.8,1,4,58.84
Sydney,2024-09-04,29.5,65.0,84,51.5,61.1,65.1,1,2,58.38
Sydney,2024-09-05,10.6,63.8,74,43.0,84.4,64.4,1,2,61.51
Sydney,2024-09-06,23.5,65.2,105,34.6,74.3,64.0,1,1,54.02
Sydney,2024-09-07,17.3,48.6,95,71.6,59.9,57.8,0,3,53.07
Sydney,2024-09-08,45.5,57.8,47,40.7,71.8,62.7,0,0,51.31
Sydney,2024-09-09,33.1,77.9,83,58.7,84.7,58.4,1,2,66.61
Sydney,2024-09-10,22.7,61.9,48,55.8,67.7,72.8,1,2,57.45
Sydney,2024-09-11,39.6,55.4,59,52.4,56.9,64.3,1,2,59.49
Sydney,2024-09-12,15.4,57.1,64,58.1,78.4,64.5,1,2,61.49
Sydney,2024-09-13,17.0,60.9,56,58.7,81.1,62.4,1,1,60.28
Sydney,2024-09-14,14.1,64.1,35,49.1,78.1,58.3,0,6,52.89
Sydney,2024-09-15,13.8,49.6,71,57.4,41.3,61.3,0,1,44.69
Sydney,2024-09-16,29.0,63.8,96,60.7,62.3,59.2,1,1,59.59
Sydney,2024-09-17,10.6,51.4,20,49.8,95.6,51.0,1,0,57.69
Sydney,2024-09-18,23.3,61.1,23,45.3,46.2,59.7,1,1,46.0
Sydney,2024-09-19,16.9,43.0,62,48.4,42.4,53.8,1,1,46.68
Sydney,2024-09-20,34.1,68.4,52,47.4,47.1,62.1,1,3,55.33
Sydney,2024-09-21,28.2,78.5,83,48.3,44.6,59.5,0,3,46.83
Sydney,2024-09-22,22.0,89.2,94,59.5,59.5,57.2,0,2,50.86
Sydney,2024-09-23,23.7,63.0,74,56.8,67.6,57.5,1,0,55.15
Sydney,2024-09-24,29.9,73.7,62,50.0,80.2,63.6,1,2,61.49
Sydney,2024-09-25,26.4,80.0,90,41.0,82.3,69.4,1,1,60.21
Sydney,2024-09-26,19.8,66.8,58,40.5,87.1,56.7,1,1,55.02
Sydney,2024-09-27,8.2,49.5,57,56.6,67.8,50.7,1,4,59.9
Sydney,2024-09-28,23.8,77.7,110,54.5,66.8,66.1,0,4,54.51
Sydney,2024-09-29,12.1,73.7,57,33.0,58.2,60.7,0,4,46.05
Sydney,2024-09-30,19.5,64.3,64,58.5,60.4,58.6,1,3,56.83
Sydney,2024-10-01,22.0,59.9,64,44.6,68.3,62.6,1,2,52.97
Sydney,2024-10-02,8.1,54.7,80,44.6,36.9,57.4,1,2,51.62
Sydney,2024-10-03,10.0,56.9,101,61.9,59.9,58.5,1,2,61.73
Sydney,2024-10-04,16.5,66.7,88,54.8,45.9,63.2,1,2,55.49
Sydney,2024-10-05,21.1,64.3,89,54.1,99.8,55.5,0,3,55.56
Sydney,2024-10-06,12.8,80.7,43,49.3,47.1,64.3,0,4,48.72
Sydney,2024-10-07,1.6,70.9,51,55.2,44.8,68.2,1,3,61.65
Sydney,2024-10-08,25.8,64.9,81,49.4,74.2,54.2,1,2,56.87
Sydney,2024-10-09,45.1,58.1,77,54.2,82.2,60.6,1,2,67.79
Sydney,2024-10-10,11.2,52.5,85,63.8,66.6,60.2,1,3,63.02
Sydney,2024-10-11,9.3,64.9,57,44.9,65.7,65.5,1,4,59.92
Sydney,2024-10-12,28.8,63.4,20,46.2,30.2,63.6,0,3,39.64
Sydney,2024-10-13,8.2,64.1,69,46.0,64.3,52.6,0,0,47.33
Sydney,2024-10-14,12.5,65.7,85,43.0,74.6,61.3,1,1,58.12
Sydney,2024-10-15,20.4,61.5,81,55.4,63.0,62.0,1,4,58.13
Sydney,2024-10-16,37.4,76.5,85,40.8,51.4,64.1,1,3,58.51
Sydney,2024-10-17,37.1,61.7,48,43.9,71.8,60.0,1,2,58.45
Sydney,2024-10-18,27.6,75.8,51,40.9,59.9,62.7,1,2,53.47
Sydney,2024-10-19,12.0,56.4,47,57.6,81.1,62.7,0,4,55.64
Sydney,2024-10-20,7.8,57.3,93,51.4,70.5,64.1,0,5,56.96
Sydney,2024-10-21,23.5,59.7,57,61.9,53.9,63.1,1,5,57.72
Sydney,2024-10-22,18.9,44.2,96,42.2,68.2,54.4,1,1,51.27
Sydney,2024-10-23,21.4,56.2,105,50.2,78.2,61.0,1,1,57.33
Sydney,2024-10-24,28.0,44.0,51,45.8,57.1,63.6,1,3,52.25
Sydney,2024-10-25,22.6,42.7,81,54.5,82.4,64.0,1,0,56.49
Sydney,2024-10-26,24.5,61.4,33,71.6,76.2,65.2,0,7,58.32
Sydney,2024-10-27,27.9,86.0,47,53.8,49.9,62.0,0,4,49.52
Sydney,2024-10-28,25.7,58.7,91,49.8,63.1,60.5,1,1,54.87
Sydney,2024-10-29,24.4,49.5,86,47.9,68.7,49.8,1,0,51.04
Sydney,2024-10-30,24.1,65.9,49,56.5,34.3,53.1,1,0,46.79
Sydney,2024-10-31,17.8,73.8,28,49.6,63.5,58.7,1,2,53.99
Sydney,2024-11-01,20.6,65.1,44,57.3,77.7,58.2,1,3,58.51
Sydney,2024-11-02,32.3,66.4,50,60.9,62.2,61.1,0,4,53.76
Sydney,2024-11-03,27.5,77.3,33,39.6,76.4,60.1,0,6,50.52
Sydney,2024-11-04,21.7,45.8,45,39.7,48.9,56.1,1,2,44.33
Sydney,2024-11-05,11.1,75.2,78,43.8,79.7,51.3,1,1,58.81
Sydney,2024-11-06,15.8,60.4,91,46.0,63.8,58.8,1,1,54.85
Sydney,2024-11-07,22.5,64.7,81,48.1,61.9,64.8,1,1,53.72
Sydney,2024-11-08,26.8,58.2,67,45.0,50.4,51.5,1,3,50.27
Sydney,2024-11-09,12.7,80.9,107,47.8,71.2,61.7,0,4,55.89
Sydney,2024-11-10,20.8,73.0,47,51.4,71.7,63.3,0,2,48.59
Sydney,2024-11-11,16.2,72.3,104,39.3,74.2,61.1,1,1,57.11
Sydney,2024-11-12,34.4,55.9,50,49.6,57.6,58.7,1,2,55.41
Sydney,2024-11-13,22.3,61.5,57,55.6,53.2,60.3,1,2,52.49
Sydney,2024-11-14,24.6,66.3,58,63.9,47.7,58.5,1,1,54.05
Sydney,2024-11-15,25.3,51.6,52,53.6,55.0,59.0,1,0,50.39
Sydney,2024-11-16,26.9,66.4,86,54.9,20.0,66.4,0,4,44.23
Sydney,2024-11-17,16.7,69.0,111,52.0,60.2,61.9,0,0,48.97
Sydney,2024-11-18,16.8,83.1,73,61.0,52.8,63.4,1,6,62.75
Sydney,2024-11-19,5.8,68.3,24,36.3,79.0,57.5,1,2,57.27
Sydney,2024-11-20,32.8,63.5,105,35.0,52.3,68.7,1,1,54.04
Sydney,2024-11-21,33.4,71.6,33,54.9,54.4,58.5,1,0,54.84
Sydney,2024-11-22,10.6,62.5,67,50.2,78.5,63.0,1,2,61.58
Sydney,2024-11-23,20.7,66.3,63,48.8,63.2,61.9,0,1,45.29
Sydney,2024-11-24,27.9,85.1,115,51.1,49.5,59.8,0,3,50.78
Sydney,2024-11-25,11.9,81.7,76,47.2,66.0,54.3,1,4,60.24
Sydney,2024-11-26,17.4,63.1,63,55.0,51.3,58.5,1,1,53.04
Sydney,2024-11-27,20.9,59.5,76,61.0,56.8,64.8,1,0,54.94
Sydney,2024-11-28,26.4,70.4,92,50.1,44.1,60.0,1,1,52.59
Sydney,2024-11-29,10.6,64.1,68,49.0,60.9,59.1,1,5,59.8
Sydney,2024-11-30,32.1,60.4,58,55.1,52.2,55.1,0,6,50.46
Sydney,2024-12-01,24.5,74.9,48,40.9,87.0,60.7,0,5,51.54
Sydney,2024-12-02,31.6,65.6,81,50.4,67.2,55.4,1,0,56.66
Sydney,2024-12-03,14.9,56.3,92,49.1,100.0,54.3,1,2,62.96
Sydney,2024-12-04,18.4,59.6,47,56.5,42.0,53.2,1,5,52.45
Sydney,2024-12-05,22.3,85.6,64,63.8,33.4,55.2,1,2,52.74
Sydney,2024-12-06,26.6,80.9,21,62.4,76.1,67.4,1,2,62.11
Sydney,2024-12-07,16.2,66.2,38,35.9,60.7,62.6,0,4,44.35
Sydney,2024-12-08,9.2,75.1,71,56.3,100.0,66.7,0,2,62.28
Sydney,2024-12-09,10.5,82.1,75,39.8,63.1,67.4,1,1,58.0
Sydney,2024-12-10,22.9,71.6,57,45.2,71.9,55.4,1,1,52.9
Sydney,2024-12-11,25.9,60.7,77,59.3,57.4,77.1,1,1,58.9
Sydney,2024-12-12,31.4,67.7,62,45.6,89.9,62.1,1,2,61.89
Sydney,2024-12-13,21.7,63.3,54,57.4,49.4,50.7,1,2,50.63
Sydney,2024-12-14,17.1,71.9,63,58.5,74.1,63.6,0,4,54.94
Sydney,2024-12-15,11.3,53.8,56,50.4,67.9,63.8,0,1,49.14
Sydney,2024-12-16,19.5,65.2,55,51.7,49.4,69.6,1,1,52.68
Sydney,2024-12-17,17.4,60.1,35,45.7,61.4,58.1,1,4,53.18
Sydney,2024-12-18,13.9,81.8,76,51.2,20.0,51.5,1,3,50.07
Sydney,2024-12-19,19.7,66.7,58,56.5,81.6,56.2,1,1,58.31
Sydney,2024-12-20,20.4,68.6,81,57.8,70.4,62.1,1,6,62.69
Sydney,2024-12-21,18.6,47.4,64,50.4,51.6,58.6,0,3,43.49
Sydney,2024-12-22,25.6,73.8,32,44.4,76.9,54.7,0,2,46.51
Sydney,2024-12-23,16.9,59.2,83,53.4,64.8,54.9,1,1,55.42
Sydney,2024-12-24,21.8,64.8,79,40.2,69.6,62.2,1,1,52.43
Sydney,2024-12-25,25.5,53.6,115,54.4,64.1,59.7,1,3,58.54
Sydney,2024-12-26,16.2,66.4,50,52.1,73.7,69.4,1,1,58.77
Sydney,2024-12-27,17.9,58.8,65,54.2,99.0,58.7,1,2,62.7
Sydney,2024-12-28,30.8,72.0,74,51.0,36.4,53.1,0,1,43.08
Sydney,2024-12-29,29.7,65.3,53,47.8,85.6,61.6,0,3,53.02
Sydney,2024-12-30,22.6,74.7,67,69.4,50.9,55.6,1,0,55.33
Sydney,2024-12-31,13.5,55.6,84,40.7,66.4,54.3,1,5,56.49
Singapore,2023-01-01,15.4,58.8,71,37.2,45.5,62.1,0,4,42.78
Singapore,2023-01-02,14.7,74.9,79,41.4,47.2,65.7,1,1,52.74
Singapore,2023-01-03,18.4,78.9,70,60.2,59.2,55.8,1,1,57.07
Singapore,2023-01-04,7.1,54.7,86,45.0,77.6,56.0,1,2,60.35
Singapore,2023-01-05,31.7,65.8,60,49.7,44.9,57.1,1,3,53.85
Singapore,2023-01-06,21.4,51.2,106,39.3,56.2,60.6,1,4,51.87
Singapore,2023-01-07,23.1,62.6,70,32.9,46.6,65.2,0,2,38.86
Singapore,2023-01-08,31.5,49.6,82,39.9,60.6,60.2,0,1,44.53
Singapore,2023-01-09,12.0,32.5,66,42.5,58.2,59.0,1,4,52.78
Singapore,2023-01-10,29.2,63.1,86,46.4,47.6,65.6,1,6,57.5
Singapore,2023-01-11,22.7,81.6,51,46.6,62.4,67.1,1,1,54.1
Singapore,2023-01-12,27.7,63.5,86,42.4,75.5,67.2,1,2,58.32
Singapore,2023-01-13,16.9,60.5,67,41.8,73.4,59.6,1,1,54.1
Singapore,2023-01-14,17.8,69.8,114,43.6,56.8,60.0,0,2,47.11
Singapore,2023-01-15,20.5,59.4,72,47.3,86.8,62.9,0,5,52.94
Singapore,2023-01-16,27.6,64.2,81,55.2,53.7,59.1,1,2,55.89
Singapore,2023-01-17,24.2,57.1,63,55.2,90.2,60.0,1,2,60.4
Singapore,2023-01-18,16.5,73.1,52,55.7,78.3,63.1,1,3,61.95
Singapore,2023-01-19,35.8,63.8,68,51.6,47.0,64.2,1,2,57.07
Singapore,2023-01-20,24.7,69.6,75,31.8,81.2,67.2,1,3,56.21
Singapore,2023-01-21,20.8,67.4,47,36.4,63.6,58.6,0,6,44.75
Singapore,2023-01-22,18.2,74.1,74,50.8,57.8,73.0,0,4,51.53
Singapore,2023-01-23,10.2,62.1,101,50.2,50.7,53.2,1,1,55.31
Singapore,2023-01-24,20.0,51.8,78,34.7,66.8,62.2,1,3,51.37
Singapore,2023-01-25,28.5,71.9,64,57.8,56.6,57.6,1,0,55.51
Singapore,2023-01-26,7.0,59.5,87,57.6,98.2,67.0,1,4,72.13
Singapore,2023-01-27,21.3,65.9,110,35.9,71.5,61.2,1,4,55.83
Singapore,2023-01-28,23.5,60.9,94,50.6,79.5,53.9,0,4,51.22
Singapore,2023-01-29,27.9,51.7,83,52.5,73.7,58.6,0,3,50.84
Singapore,2023-01-30,15.3,69.0,77,37.6,70.0,57.5,1,1,53.91
Singapore,2023-01-31,8.2,43.6,47,50.2,68.3,61.4,1,1,56.54
Singapore,2023-02-01,14.8,57.7,80,58.0,52.1,63.4,1,1,56.22
Singapore,2023-02-02,40.1,70.9,82,52.5,67.2,61.5,1,1,63.17
Singapore,2023-02-03,19.3,63.7,79,53.4,71.2,61.7,1,1,57.22
Singapore,2023-02-04,7.1,59.8,75,35.2,66.5,63.9,0,5,51.21
Singapore,2023-02-05,28.5,58.0,69,48.8,58.1,53.3,0,2,45.09
Singapore,2023-02-06,22.0,65.4,91,57.8,70.5,56.3,1,2,57.87
Singapore,2023-02-07,30.1,76.8,85,58.5,58.0,66.5,1,0,59.74
Singapore,2023-02-08,14.3,79.6,88,53.3,78.6,61.7,1,4,65.2
Singapore,2023-02-09,24.3,42.9,95,44.7,46.5,58.6,1,1,47.87
Singapore,2023-02-10,15.5,56.6,57,47.0,71.5,68.8,1,2,57.27
Singapore,2023-02-11,10.5,73.1,103,55.2,51.2,59.5,0,4,53.47
Singapore,2023-02-12,6.1,76.0,73,51.3,74.8,53.9,0,2,55.04
Singapore,2023-02-13,34.4,56.1,74,47.4,49.3,54.6,1,2,53.67
Singapore,2023-02-14,15.0,64.6,88,42.4,87.2,64.6,1,0,59.32
Singapore,2023-02-15,15.1,49.7,62,48.2,37.4,63.5,1,1,48.77
Singapore,2023-02-16,17.6,71.8,74,50.3,63.4,63.5,1,2,57.15
Singapore,2023-02-17,20.2,72.5,76,32.7,56.3,71.0,1,1,50.48
Singapore,2023-02-18,2.8,54.4,60,64.4,64.9,62.1,0,5,59.14
Singapore,2023-02-19,28.5,47.5,72,31.9,56.2,51.4,0,0,37.1
Singapore,2023-02-20,22.5,69.7,56,42.0,63.9,61.3,1,2,51.96
Singapore,2023-02-21,21.9,60.2,68,43.4,61.5,77.8,1,3,55.1
Singapore,2023-02-22,22.9,66.1,77,62.1,67.2,61.9,1,1,58.26
Singapore,2023-02-23,15.2,63.3,55,49.5,55.1,56.6,1,3,54.12
Singapore,2023-02-24,28.0,64.7,72,38.5,54.7,54.5,1,3,51.25
Singapore,2023-02-25,23.1,47.3,87,59.3,59.3,70.9,0,2,49.06
Singapore,2023-02-26,12.1,54.4,71,49.6,52.7,58.3,0,2,46.27
Singapore,2023-02-27,16.0,49.4,64,49.2,81.0,59.2,1,2,57.53
Singapore,2023-02-28,8.4,52.9,95,46.8,95.5,61.1,1,5,67.55
Singapore,2023-03-01,24.4,76.2,92,51.1,84.4,69.8,1,2,63.27
Singapore,2023-03-02,27.0,66.7,68,48.1,63.7,63.0,1,1,55.11
Singapore,2023-03-03,25.1,65.5,51,53.5,51.4,72.4,1,3,55.81
Singapore,2023-03-04,23.7,60.8,59,53.7,59.5,59.3,0,1,44.84
Singapore,2023-03-05,20.6,77.1,70,53.6,58.6,58.4,0,2,47.36
Singapore,2023-03-06,13.5,65.5,91,44.2,43.4,63.2,1,3,54.18
Singapore,2023-03-07,29.7,56.4,86,53.2,74.3,60.1,1,1,59.09
Singapore,2023-03-08,19.9,51.6,85,55.7,46.3,67.5,1,1,52.74
Singapore,2023-03-09,20.2,66.0,102,54.1,69.1,59.6,1,1,57.62
Singapore,2023-03-10,16.2,82.3,72,50.5,58.4,58.3,1,4,58.51
Singapore,2023-03-11,26.4,60.4,112,56.0,88.1,71.9,0,1,57.11
Singapore,2023-03-12,5.5,79.8,42,51.2,47.8,62.4,0,0,48.49
Singapore,2023-03-13,44.2,63.9,93,49.2,54.4,68.5,1,1,62.42
Singapore,2023-03-14,19.7,53.2,62,41.0,63.7,61.6,1,1,50.16
Singapore,2023-03-15,18.3,69.8,128,49.6,52.8,74.3,1,4,60.65
Singapore,2023-03-16,34.1,60.3,51,63.9,54.3,66.2,1,3,61.27
Singapore,2023-03-17,9.3,50.0,75,38.1,70.5,70.6,1,2,57.67
Singapore,2023-03-18,15.8,54.1,68,55.3,56.3,61.8,0,4,49.21
Singapore,2023-03-19,25.4,60.5,110,51.4,76.2,62.6,0,2,52.17
Singapore,2023-03-20,23.8,64.8,75,42.0,75.1,63.8,1,3,56.38
Singapore,2023-03-21,24.5,71.3,20,54.1,61.5,54.7,1,0,51.13
Singapore,2023-03-22,17.7,59.6,99,41.0,72.1,60.4,1,3,56.63
Singapore,2023-03-23,13.4,63.4,93,63.7,78.5,62.3,1,4,67.18
Singapore,2023-03-24,26.2,56.4,72,43.8,50.6,66.1,1,4,53.22
Singapore,2023-03-25,24.4,60.5,52,57.8,81.9,65.8,0,4,54.03
Singapore,2023-03-26,28.9,72.0,74,60.2,50.6,62.7,0,3,51.11
Singapore,2023-03-27,20.2,67.2,56,39.8,57.0,62.1,1,9,56.19
Singapore,2023-03-28,26.9,71.3,106,49.5,66.4,57.7,1,2,58.31
Singapore,2023-03-29,22.7,75.7,77,60.0,59.1,60.4,1,3,58.4
Singapore,2023-03-30,33.6,63.4,73,45.0,93.2,70.7,1,1,64.09
Singapore,2023-03-31,34.4,85.6,83,53.6,65.9,60.6,1,3,63.95
Singapore,2023-04-01,22.4,53.0,78,48.8,60.7,70.7,0,1,45.39
Singapore,2023-04-02,26.7,69.3,79,55.8,65.3,62.2,0,6,54.31
Singapore,2023-04-03,10.5,67.3,58,43.8,65.8,65.2,1,0,56.08
Singapore,2023-04-04,18.4,83.3,69,47.6,79.6,69.2,1,6,64.6
Singapore,2023-04-05,19.2,72.0,76,34.4,56.1,70.4,1,2,52.0
Singapore,2023-04-06,15.3,62.4,82,60.1,77.0,66.5,1,0,61.89
Singapore,2023-04-07,14.6,63.2,39,46.1,73.2,62.2,1,4,58.0
Singapore,2023-04-08,15.4,61.9,71,47.1,41.1,60.2,0,4,44.68
Singapore,2023-04-09,15.7,57.0,62,32.4,58.7,61.1,0,5,44.01
Singapore,2023-04-10,9.2,65.8,61,50.0,71.9,60.2,1,4,62.02
Singapore,2023-04-11,30.2,75.2,86,35.6,59.2,66.4,1,3,56.09
Singapore,2023-04-12,21.1,70.7,88,44.3,53.4,64.5,1,1,52.02
Singapore,2023-04-13,17.9,47.3,89,59.1,74.1,53.3,1,3,59.03
Singapore,2023-04-14,24.9,57.2,58,33.5,57.2,58.7,1,2,47.57
Singapore,2023-04-15,25.8,75.1,74,43.5,48.1,61.4,0,1,43.17
Singapore,2023-04-16,10.6,68.6,76,46.8,65.0,65.7,0,4,53.17
Singapore,2023-04-17,23.0,64.1,61,51.4,92.1,64.5,1,4,62.28
Singapore,2023-04-18,24.4,67.4,69,49.9,91.7,63.2,1,0,59.54
Singapore,2023-04-19,13.7,74.5,83,49.7,45.1,62.8,1,1,54.73
Singapore,2023-04-20,28.0,72.5,78,36.9,78.5,64.1,1,3,58.38
Singapore,2023-04-21,28.9,49.8,94,52.1,74.1,62.2,1,1,58.61
Singapore,2023-04-22,18.8,52.0,68,51.6,87.5,64.3,0,0,50.05
Singapore,2023-04-23,19.9,59.1,70,38.5,84.7,68.4,0,4,50.33
Singapore,2023-04-24,32.1,68.9,70,53.8,86.1,64.7,1,6,68.05
Singapore,2023-04-25,27.5,91.5,67,58.3,71.6,59.2,1,6,65.69
Singapore,2023-04-26,18.7,65.8,77,62.0,70.6,67.3,1,2,61.66
Singapore,2023-04-27,14.9,54.0,78,51.0,75.2,61.9,1,4,60.62
Singapore,2023-04-28,14.5,72.0,79,56.5,56.8,68.5,1,3,60.8
Singapore,2023-04-29,19.0,56.9,65,54.1,62.8,63.8,0,3,48.54
Singapore,2023-04-30,37.0,71.7,81,35.9,75.1,72.3,0,3,54.48
Singapore,2023-05-01,16.9,57.5,80,50.8,85.9,60.9,1,2,60.54
Singapore,2023-05-02,28.1,74.8,69,42.9,88.2,62.5,1,2,60.64
Singapore,2023-05-03,9.8,57.7,102,59.4,75.3,59.9,1,3,65.44
Singapore,2023-05-04,28.7,39.2,76,48.6,53.1,63.0,1,4,53.99
Singapore,2023-05-05,16.3,81.2,73,57.2,68.1,62.6,1,2,61.29
Singapore,2023-05-06,19.0,61.7,81,45.5,63.0,67.8,0,3,48.16
Singapore,2023-05-07,24.5,54.7,106,40.5,61.5,68.0,0,3,46.85
Singapore,2023-05-08,12.2,62.4,72,54.8,66.2,62.3,1,2,59.92
Singapore,2023-05-09,25.3,62.3,111,41.3,62.1,61.1,1,1,53.64
Singapore,2023-05-10,18.3,55.2,38,53.6,87.4,60.7,1,1,57.81
Singapore,2023-05-11,22.3,63.3,71,44.1,75.4,64.3,1,2,55.38
Singapore,2023-05-12,14.7,67.6,39,43.5,63.7,52.6,1,1,51.59
Singapore,2023-05-13,14.1,59.7,81,50.6,84.0,61.7,0,6,56.94
Singapore,2023-05-14,28.2,69.3,104,51.5,80.3,67.2,0,1,54.7
Singapore,2023-05-15,18.1,86.6,63,52.4,66.6,64.2,1,0,57.6
Singapore,2023-05-16,5.9,72.2,84,46.8,73.6,58.8,1,5,65.17
Singapore,2023-05-17,15.6,66.0,72,51.7,83.9,69.1,1,0,61.13
Singapore,2023-05-18,26.7,52.4,76,49.9,43.1,65.2,1,2,51.62
Singapore,2023-05-19,14.5,71.7,70,36.3,55.7,63.8,1,3,53.66
Singapore,2023-05-20,24.1,69.4,80,40.1,66.8,51.5,0,3,44.88
Singapore,2023-05-21,22.1,52.3,61,38.7,82.4,59.5,0,2,44.73
Singapore,2023-05-22,16.4,70.2,50,54.4,71.6,63.4,1,0,57.41
Singapore,2023-05-23,23.2,77.6,53,37.6,89.9,60.1,1,2,56.59
Singapore,2023-05-24,26.0,81.6,107,53.7,56.0,53.1,1,4,58.99
Singapore,2023-05-25,29.3,68.2,48,49.8,39.1,61.0,1,1,50.4
Singapore,2023-05-26,28.1,59.8,73,62.0,69.4,62.7,1,3,61.77
Singapore,2023-05-27,30.6,55.4,82,38.8,37.5,64.5,0,2,41.44
Singapore,2023-05-28,24.3,58.7,44,65.0,70.4,56.9,0,5,52.37
Singapore,2023-05-29,8.6,70.0,84,57.8,73.4,66.1,1,6,69.02
Singapore,2023-05-30,18.5,59.6,70,47.5,92.1,56.9,1,1,58.41
Singapore,2023-05-31,18.2,57.1,27,43.5,47.5,68.0,1,4,50.5
Singapore,2023-06-01,15.0,60.5,90,60.1,59.6,64.3,1,4,61.67
Singapore,2023-06-02,28.5,60.3,116,61.1,65.7,60.8,1,1,61.13
Singapore,2023-06-03,4.9,70.9,73,44.7,22.2,65.7,0,1,43.88
Singapore,2023-06-04,20.0,75.2,42,67.8,45.1,61.8,0,3,48.7
Singapore,2023-06-05,22.9,59.9,106,44.9,73.0,58.6,1,2,55.72
Singapore,2023-06-06,13.7,61.6,48,61.9,65.7,59.0,1,0,57.64
Singapore,2023-06-07,13.6,57.5,74,60.1,60.3,66.6,1,0,58.29
Singapore,2023-06-08,15.0,83.8,77,54.9,83.0,63.5,1,2,64.78
Singapore,2023-06-09,28.3,60.6,65,38.5,82.2,58.5,1,3,56.83
Singapore,2023-06-10,35.6,56.2,89,52.8,76.9,68.8,0,2,56.41
Singapore,2023-06-11,23.9,72.7,50,55.6,58.3,65.6,0,4,49.6
Singapore,2023-06-12,1.9,65.8,91,44.5,72.9,65.4,1,3,65.22
Singapore,2023-06-13,20.6,63.4,111,51.6,71.2,56.9,1,3,58.57
Singapore,2023-06-14,10.6,54.0,96,59.1,37.2,58.1,1,3,56.37
Singapore,2023-06-15,11.7,67.6,44,55.6,92.0,51.7,1,2,62.72
Singapore,2023-06-16,17.6,62.0,72,49.9,71.3,58.3,1,2,56.67
Singapore,2023-06-17,26.4,62.7,109,48.7,84.8,69.3,0,3,55.71
Singapore,2023-06-18,18.5,63.3,84,35.3,64.4,65.8,0,3,45.76
Singapore,2023-06-19,24.4,53.0,69,45.4,42.0,55.1,1,2,47.13
Singapore,2023-06-20,24.4,51.9,58,60.8,81.7,73.2,1,2,61.88
Singapore,2023-06-21,-2.7,56.1,77,54.2,75.4,61.0,1,0,65.24
Singapore,2023-06-22,29.0,57.0,67,51.9,51.7,62.3,1,0,52.61
Singapore,2023-06-23,23.1,66.0,105,48.6,61.8,58.8,1,2,55.21
Singapore,2023-06-24,3.8,68.9,102,58.1,77.5,71.7,0,4,63.93
Singapore,2023-06-25,21.7,74.0,78,40.6,63.7,56.0,0,2,44.0
Singapore,2023-06-26,16.4,51.2,61,38.6,41.9,60.1,1,4,48.45
Singapore,2023-06-27,26.0,62.9,86,25.8,54.0,63.2,1,3,48.81
Singapore,2023-06-28,27.0,59.7,81,47.1,72.0,65.4,1,5,60.25
Singapore,2023-06-29,24.7,66.5,82,50.3,53.3,60.7,1,2,53.88
Singapore,2023-06-30,14.8,59.1,103,48.4,52.7,61.8,1,4,57.23
Singapore,2023-07-01,14.2,69.9,47,45.8,60.7,52.2,0,3,46.05
Singapore,2023-07-02,12.2,70.3,72,49.3,72.8,64.1,0,3,53.63
Singapore,2023-07-03,19.8,79.5,116,48.1,71.5,60.7,1,1,58.85
Singapore,2023-07-04,15.2,57.5,64,43.5,65.2,63.7,1,1,53.88
Singapore,2023-07-05,19.3,62.9,81,61.0,62.9,58.3,1,1,57.11
Singapore,2023-07-06,24.1,70.4,80,48.8,48.5,57.3,1,1,51.09
Singapore,2023-07-07,26.5,49.3,73,47.8,73.4,66.6,1,3,57.62
Singapore,2023-07-08,24.8,46.8,53,56.2,67.5,63.3,0,2,47.44
Singapore,2023-07-09,23.5,43.3,104,54.3,47.8,62.8,0,2,44.56
Singapore,2023-07-10,20.8,63.4,90,54.8,73.8,65.4,1,4,61.2
Singapore,2023-07-11,23.6,70.3,57,35.7,69.3,61.7,1,0,50.22
Singapore,2023-07-12,14.5,64.7,32,66.1,75.5,68.2,1,5,65.75
Singapore,2023-07-13,14.4,80.6,71,42.6,71.6,57.5,1,2,57.64
Singapore,2023-07-14,5.6,54.3,81,55.4,34.8,64.9,1,2,56.54
Singapore,2023-07-15,13.4,59.2,86,56.6,65.1,64.1,0,4,54.06
Singapore,2023-07-16,6.3,68.6,63,41.9,46.2,63.5,0,6,50.4
Singapore,2023-07-17,15.6,49.4,99,61.9,54.0,60.0,1,1,56.92
Singapore,2023-07-18,22.7,58.6,90,41.5,74.4,64.5,1,1,54.28
Singapore,2023-07-19,25.7,92.2,72,57.0,89.5,59.7,1,0,63.57
Singapore,2023-07-20,20.1,58.0,99,55.0,64.5,55.2,1,0,54.48
Singapore,2023-07-21,22.5,51.3,83,47.2,58.2,64.5,1,1,51.48
Singapore,2023-07-22,10.4,68.5,77,61.0,87.6,66.9,0,1,59.45
Singapore,2023-07-23,10.9,47.0,96,45.5,51.7,54.1,0,1,44.37
Singapore,2023-07-24,14.5,57.7,80,49.4,39.2,58.5,1,0,49.64
Singapore,2023-07-25,14.5,73.3,59,56.5,65.0,60.5,1,2,59.37
Singapore,2023-07-26,24.6,55.5,48,43.1,46.0,57.6,1,1,46.17
Singapore,2023-07-27,4.2,65.9,72,54.6,69.5,64.3,1,1,63.58
Singapore,2023-07-28,7.7,76.6,101,52.6,46.5,66.1,1,1,59.86
Singapore,2023-07-29,16.9,75.1,70,49.8,46.8,61.7,0,3,46.64
Singapore,2023-07-30,21.3,62.1,85,44.7,66.9,59.2,0,2,45.68
Singapore,2023-07-31,19.6,44.6,73,52.8,64.8,62.5,1,1,53.61
Singapore,2023-08-01,16.2,54.6,93,61.6,55.8,57.9,1,1,56.79
Singapore,2023-08-02,16.2,67.7,99,36.3,79.2,63.0,1,2,57.73
Singapore,2023-08-03,14.1,70.1,54,59.6,63.2,61.5,1,4,61.29
Singapore,2023-08-04,15.8,58.1,68,50.8,53.8,67.6,1,1,54.35
Singapore,2023-08-05,16.5,44.6,73,38.8,61.1,64.8,0,3,44.26
Singapore,2023-08-06,12.0,78.0,78,55.9,90.0,73.3,0,3,61.7
Singapore,2023-08-07,23.7,72.0,54,41.0,61.4,63.0,1,5,54.56
Singapore,2023-08-08,12.0,64.8,94,54.3,75.2,62.0,1,4,64.6
Singapore,2023-08-09,14.4,52.4,96,50.5,92.8,65.2,1,1,63.04
Singapore,2023-08-10,31.4,69.3,97,49.1,83.8,67.3,1,2,64.49
Singapore,2023-08-11,28.3,66.6,112,31.5,63.9,62.9,1,4,55.78
Singapore,2023-08-12,15.7,62.1,93,53.9,61.1,68.0,0,2,51.23
Singapore,2023-08-13,16.5,49.1,69,49.3,87.5,62.4,0,4,53.12
Singapore,2023-08-14,25.2,70.5,65,46.1,42.7,52.4,1,2,48.89
Singapore,2023-08-15,11.4,67.6,54,48.1,89.5,72.2,1,0,62.73
Singapore,2023-08-16,9.2,75.8,80,58.0,72.6,62.6,1,2,65.12
Singapore,2023-08-17,13.4,63.8,93,47.6,52.4,67.6,1,1,55.94
Singapore,2023-08-18,11.0,80.5,96,47.0,51.9,66.4,1,2,59.09
Singapore,2023-08-19,26.9,63.5,82,50.8,50.0,65.1,0,1,45.9
Singapore,2023-08-20,17.3,51.2,90,50.5,66.9,63.4,0,4,50.51
Singapore,2023-08-21,25.3,92.2,110,53.5,93.7,65.0,1,1,66.97
Singapore,2023-08-22,27.2,85.8,96,48.3,55.4,53.3,1,0,54.38
Singapore,2023-08-23,2.5,54.6,76,53.7,80.1,63.4,1,1,65.05
Singapore,2023-08-24,14.8,85.3,66,52.1,61.5,66.0,1,1,58.99
Singapore,2023-08-25,23.6,58.3,88,53.2,65.1,61.9,1,4,57.96
Singapore,2023-08-26,5.3,74.5,61,47.3,59.6,65.6,0,2,52.47
Singapore,2023-08-27,22.7,67.2,63,47.8,67.2,62.3,0,4,48.24
Singapore,2023-08-28,20.7,63.1,56,50.8,81.3,71.1,1,2,59.24
Singapore,2023-08-29,31.9,55.7,58,56.4,71.5,61.7,1,5,62.5
Singapore,2023-08-30,35.7,70.4,105,47.6,68.0,65.6,1,0,61.2
Singapore,2023-08-31,32.5,73.7,55,39.6,89.1,66.7,1,2,61.61
Singapore,2023-09-01,12.4,60.9,58,56.1,60.3,60.6,1,2,57.89
Singapore,2023-09-02,18.8,75.1,72,49.0,67.8,61.4,0,2,49.09
Singapore,2023-09-03,34.1,48.7,50,42.0,54.1,69.8,0,4,47.38
Singapore,2023-09-04,17.5,59.4,82,51.3,100.0,63.4,1,1,63.11
Singapore,2023-09-05,21.1,59.9,87,55.2,55.5,61.2,1,2,54.63
Singapore,2023-09-06,27.3,63.5,86,41.4,50.4,66.9,1,0,51.17
Singapore,2023-09-07,28.8,80.5,55,52.4,78.7,74.4,1,3,64.48
Singapore,2023-09-08,25.4,65.6,61,33.1,78.3,57.2,1,2,52.59
Singapore,2023-09-09,13.4,58.3,71,49.9,65.7,54.6,0,1,47.35
Singapore,2023-09-10,27.4,80.5,78,48.0,81.6,65.8,0,3,54.88
Singapore,2023-09-11,20.0,60.7,75,34.8,69.3,70.5,1,2,53.3
Singapore,2023-09-12,11.1,93.4,97,55.0,46.6,71.1,1,1,61.54
Singapore,2023-09-13,31.0,60.9,79,58.4,46.8,68.8,1,5,60.58
Singapore,2023-09-14,29.9,57.2,44,33.1,72.7,65.3,1,2,53.01
Singapore,2023-09-15,31.0,55.3,64,47.7,62.3,58.6,1,1,54.26
Singapore,2023-09-16,17.4,46.0,88,48.4,43.9,60.2,0,5,44.85
Singapore,2023-09-17,22.4,65.6,56,51.4,67.6,67.0,0,1,47.01
Singapore,2023-09-18,15.1,62.6,78,59.6,83.9,62.1,1,4,65.57
Singapore,2023-09-19,11.7,73.9,80,41.9,77.9,58.2,1,4,61.37
Singapore,2023-09-20,16.0,79.7,82,51.5,45.0,56.7,1,3,55.31
Singapore,2023-09-21,13.8,70.5,61,59.1,94.0,66.1,1,1,66.1
Singapore,2023-09-22,14.4,60.5,63,59.4,66.9,65.8,1,1,59.6
Singapore,2023-09-23,25.0,60.7,81,45.9,83.1,63.1,0,2,50.52
Singapore,2023-09-24,7.8,75.9,66,47.3,73.2,64.2,0,3,55.2
Singapore,2023-09-25,18.0,64.6,128,45.2,54.9,67.0,1,3,57.33
Singapore,2023-09-26,20.0,62.1,78,46.5,87.9,58.0,1,4,60.0
Singapore,2023-09-27,26.9,84.6,64,50.3,64.9,59.1,1,0,56.03
Singapore,2023-09-28,25.7,72.2,72,40.9,80.8,64.4,1,1,57.02
Singapore,2023-09-29,31.2,63.9,79,60.4,68.6,56.5,1,2,61.17
Singapore,2023-09-30,23.5,58.4,82,63.5,81.1,60.6,0,2,53.78
Singapore,2023-10-01,24.0,75.6,76,44.0,55.5,60.6,0,2,44.87
Singapore,2023-10-02,22.3,75.6,66,31.7,85.9,67.4,1,5,58.03
Singapore,2023-10-03,26.2,59.2,121,42.8,35.8,56.4,1,3,50.18
Singapore,2023-10-04,15.4,73.6,51,56.9,67.9,60.3,1,1,58.43
Singapore,2023-10-05,18.3,58.2,116,53.6,78.7,63.8,1,1,60.85
Singapore,2023-10-06,29.1,65.9,61,27.7,52.0,62.2,1,1,47.38
Singapore,2023-10-07,2.8,87.2,75,46.4,67.9,57.7,0,4,57.13
Singapore,2023-10-08,15.5,58.7,93,45.5,59.4,70.6,0,1,47.96
Singapore,2023-10-09,31.9,73.6,75,68.9,85.8,59.8,1,2,68.64
Singapore,2023-10-10,16.9,53.6,79,42.0,77.9,58.9,1,2,55.69
Singapore,2023-10-11,11.9,52.8,66,58.9,52.9,65.3,1,2,57.76
Singapore,2023-10-12,32.0,60.5,75,39.0,56.3,55.3,1,3,53.15
Singapore,2023-10-13,20.9,64.0,81,38.8,37.7,64.2,1,3,48.02
Singapore,2023-10-14,20.9,63.3,93,51.4,82.9,68.6,0,2,53.06
Singapore,2023-10-15,19.1,58.9,65,59.9,57.3,65.9,0,2,48.74
Singapore,2023-10-16,23.0,71.2,60,49.4,57.5,72.2,1,1,54.37
Singapore,2023-10-17,7.9,86.3,88,27.4,57.5,64.2,1,0,54.13
Singapore,2023-10-18,14.6,57.6,138,43.6,71.8,68.5,1,2,60.81
Singapore,2023-10-19,11.2,51.4,95,48.5,40.2,58.8,1,1,51.98
Singapore,2023-10-20,-2.8,49.9,90,35.1,79.3,64.4,1,2,63.06
Singapore,2023-10-21,14.8,59.8,85,48.3,90.0,64.3,0,2,54.57
Singapore,2023-10-22,23.4,63.0,46,48.6,50.2,71.5,0,2,44.0
Singapore,2023-10-23,23.3,68.5,104,43.9,66.5,64.9,1,5,58.71
Singapore,2023-10-24,24.5,61.4,79,50.5,71.8,61.4,1,1,56.2
Singapore,2023-10-25,25.5,55.3,92,50.4,63.0,62.7,1,2,55.88
Singapore,2023-10-26,20.3,68.0,79,47.0,43.2,56.5,1,2,49.81
Singapore,2023-10-27,17.0,40.1,46,55.8,51.7,66.3,1,0,50.84
Singapore,2023-10-28,15.9,69.8,87,52.1,65.5,62.6,0,3,51.92
Singapore,2023-10-29,17.8,60.1,90,47.6,68.2,65.0,0,5,51.73
Singapore,2023-10-30,8.1,70.5,72,65.0,83.4,56.6,1,2,67.62
Singapore,2023-10-31,33.1,71.2,43,47.5,36.5,68.4,1,3,53.84
Singapore,2023-11-01,30.0,69.4,89,52.2,85.7,72.1,1,1,64.78
Singapore,2023-11-02,20.4,58.1,67,48.4,65.3,60.9,1,1,52.92
Singapore,2023-11-03,13.5,68.7,50,48.8,90.0,61.8,1,3,62.72
Singapore,2023-11-04,-0.1,71.2,73,46.3,86.8,55.7,0,6,61.67
Singapore,2023-11-05,33.4,76.7,97,48.6,66.6,69.8,0,4,56.57
Singapore,2023-11-06,31.6,72.6,82,33.8,57.1,73.6,1,1,54.85
Singapore,2023-11-07,19.2,50.5,56,36.3,39.6,65.4,1,2,45.17
Singapore,2023-11-08,19.5,75.1,71,54.5,80.9,63.6,1,2,61.27
Singapore,2023-11-09,22.0,49.3,106,58.2,74.4,56.2,1,1,57.07
Singapore,2023-11-10,31.5,62.7,78,43.2,91.3,57.9,1,2,61.14
Singapore,2023-11-11,17.9,59.9,102,38.3,43.3,54.7,0,2,40.38
Singapore,2023-11-12,17.7,66.6,103,56.5,75.7,66.8,0,2,54.81
Singapore,2023-11-13,21.3,71.3,36,58.2,55.8,66.3,1,3,55.79
Singapore,2023-11-14,23.5,63.1,40,49.4,82.3,67.0,1,1,56.83
Singapore,2023-11-15,14.1,95.0,96,43.0,56.2,57.8,1,2,57.54
Singapore,2023-11-16,22.4,70.2,115,58.3,64.8,74.7,1,2,62.0
Singapore,2023-11-17,21.4,51.2,86,50.9,95.0,61.2,1,1,59.48
Singapore,2023-11-18,31.1,66.8,68,50.9,46.0,56.4,0,4,47.39
Singapore,2023-11-19,25.4,55.4,56,44.8,55.3,66.4,0,3,44.48
Singapore,2023-11-20,25.3,69.8,108,60.0,53.3,73.9,1,2,60.75
Singapore,2023-11-21,14.4,73.9,71,49.8,68.7,70.7,1,6,64.05
Singapore,2023-11-22,13.0,61.6,25,61.0,59.2,62.1,1,3,58.25
Singapore,2023-11-23,29.8,60.9,84,46.1,76.5,61.1,1,4,60.61
Singapore,2023-11-24,0.7,63.9,98,44.0,69.9,53.9,1,2,62.2
Singapore,2023-11-25,14.9,69.9,106,50.6,78.6,59.6,0,4,55.77
Singapore,2023-11-26,27.8,61.1,86,44.2,74.7,58.2,0,4,50.6
Singapore,2023-11-27,14.0,65.1,66,42.9,64.3,66.2,1,4,57.82
Singapore,2023-11-28,17.7,55.2,43,49.0,56.0,58.7,1,0,49.61
Singapore,2023-11-29,19.4,59.1,57,42.1,64.7,55.3,1,6,54.2
Singapore,2023-11-30,25.5,55.2,69,37.3,48.4,59.3,1,1,46.73
Singapore,2023-12-01,21.0,62.1,69,55.0,90.5,54.9,1,5,62.27
Singapore,2023-12-02,5.5,77.4,108,54.3,79.0,68.2,0,6,64.65
Singapore,2023-12-03,35.0,90.0,87,47.6,48.0,62.6,0,1,50.29
Singapore,2023-12-04,12.7,54.2,94,45.2,64.7,71.0,1,2,58.52
Singapore,2023-12-05,18.2,69.6,84,54.5,59.9,59.5,1,1,56.16
Singapore,2023-12-06,7.4,57.9,47,59.8,45.8,58.7,1,4,58.44
Singapore,2023-12-07,10.2,61.8,20,53.5,69.0,59.7,1,3,58.6
Singapore,2023-12-08,13.0,52.3,82,55.4,69.5,60.8,1,4,61.29
Singapore,2023-12-09,24.9,56.9,103,42.6,68.9,63.9,0,1,46.72
Singapore,2023-12-10,20.4,66.0,44,51.8,79.9,67.4,0,2,50.37
Singapore,2023-12-11,15.2,73.2,53,51.5,58.4,62.7,1,4,58.13
Singapore,2023-12-12,8.5,59.4,68,54.2,78.5,55.9,1,0,60.39
Singapore,2023-12-13,17.1,50.7,63,43.0,49.0,67.8,1,4,52.23
Singapore,2023-12-14,39.8,78.5,73,59.3,99.2,61.1,1,0,70.77
Singapore,2023-12-15,8.6,69.2,77,47.9,65.9,51.0,1,1,57.46
Singapore,2023-12-16,32.7,61.3,78,49.9,55.9,63.5,0,3,50.07
Singapore,2023-12-17,20.6,62.1,76,54.1,82.3,73.1,0,2,53.65
Singapore,2023-12-18,14.1,78.1,69,38.4,70.1,61.6,1,6,60.01
Singapore,2023-12-19,12.6,58.1,106,43.6,85.2,69.5,1,3,63.78
Singapore,2023-12-20,24.7,84.0,74,48.3,76.4,59.3,1,3,59.87
Singapore,2023-12-21,38.6,81.1,74,41.6,50.4,65.9,1,0,56.78
Singapore,2023-12-22,18.1,69.3,81,32.7,73.7,58.2,1,4,54.96
Singapore,2023-12-23,14.4,56.4,84,57.2,62.5,56.5,0,9,55.74
Singapore,2023-12-24,25.1,64.9,76,52.5,74.4,59.1,0,0,48.45
Singapore,2023-12-25,18.0,60.1,86,54.7,70.0,61.0,1,1,57.76
Singapore,2023-12-26,35.8,64.2,93,47.2,49.3,63.4,1,3,58.27
Singapore,2023-12-27,17.5,71.9,113,44.8,69.1,64.9,1,1,58.25
Singapore,2023-12-28,21.4,58.7,95,47.7,63.1,58.3,1,1,52.88
Singapore,2023-12-29,16.2,54.8,91,60.5,62.7,58.5,1,1,57.93
Singapore,2023-12-30,20.9,49.5,33,49.8,76.0,69.0,0,1,46.1
Singapore,2023-12-31,15.1,76.4,70,39.7,92.3,54.9,0,1,50.92
Singapore,2024-01-01,23.1,74.6,38,44.0,79.4,58.8,1,1,54.15
Singapore,2024-01-02,15.2,72.9,76,43.2,79.6,63.0,1,1,58.71
Singapore,2024-01-03,9.0,58.4,64,64.9,62.4,56.6,1,4,63.11
Singapore,2024-01-04,25.5,72.5,83,50.1,62.0,65.2,1,2,57.31
Singapore,2024-01-05,12.9,53.9,92,45.6,75.8,66.0,1,4,61.5
Singapore,2024-01-06,17.6,51.7,61,41.7,79.4,59.0,0,6,49.89
Singapore,2024-01-07,16.5,71.6,46,51.6,76.0,71.4,0,3,53.32
Singapore,2024-01-08,16.3,77.2,74,51.4,95.4,62.4,1,1,63.93
Singapore,2024-01-09,12.8,57.3,74,66.8,60.3,66.1,1,1,61.26
Singapore,2024-01-10,31.1,72.5,75,46.9,87.9,71.8,1,1,63.79
Singapore,2024-01-11,20.7,73.9,97,43.3,62.5,66.7,1,0,54.03
Singapore,2024-01-12,24.7,67.8,58,38.3,71.3,59.4,1,1,52.0
Singapore,2024-01-13,1.6,71.2,65,42.8,85.8,67.1,0,4,59.77
Singapore,2024-01-14,16.1,74.4,91,54.6,62.7,66.3,0,4,54.13
Singapore,2024-01-15,19.1,50.9,85,43.8,67.2,61.1,1,1,52.71
Singapore,2024-01-16,14.7,55.7,66,52.0,65.3,57.7,1,2,56.16
Singapore,2024-01-17,34.0,64.4,49,63.7,76.8,64.1,1,2,64.75
Singapore,2024-01-18,9.7,64.3,91,46.4,76.6,68.1,1,1,61.99
Singapore,2024-01-19,9.4,66.0,96,51.4,71.0,61.0,1,8,67.33
Singapore,2024-01-20,9.7,52.0,84,39.3,78.3,65.0,0,7,55.26
Singapore,2024-01-21,17.9,76.4,70,46.3,74.2,67.1,0,1,50.16
Singapore,2024-01-22,24.7,66.6,78,38.8,66.9,69.8,1,5,57.32
Singapore,2024-01-23,33.6,74.4,81,54.6,54.9,64.6,1,3,61.22
Singapore,2024-01-24,17.5,56.1,106,45.5,64.2,61.9,1,4,57.47
Singapore,2024-01-25,8.6,77.4,65,52.5,49.3,63.6,1,0,57.08
Singapore,2024-01-26,28.6,59.0,66,41.0,80.4,62.1,1,2,56.95
Singapore,2024-01-27,20.0,70.4,76,43.4,40.8,63.4,0,2,41.77
Singapore,2024-01-28,28.3,65.9,108,59.9,75.5,61.3,0,4,57.43
Singapore,2024-01-29,31.7,64.9,71,29.7,61.9,64.4,1,2,52.63
Singapore,2024-01-30,15.7,66.8,78,53.0,44.1,53.6,1,1,51.94
Singapore,2024-01-31,21.5,65.7,50,51.3,75.4,71.0,1,1,56.94
Singapore,2024-02-01,15.2,84.0,39,55.0,58.8,58.0,1,2,57.04
Singapore,2024-02-02,18.7,62.3,43,46.5,51.5,70.2,1,3,52.81
Singapore,2024-02-03,14.2,56.9,81,46.7,49.9,77.2,0,5,50.6
Singapore,2024-02-04,25.8,54.7,66,55.5,50.9,62.2,0,3,46.38
Singapore,2024-02-05,26.5,78.2,95,60.4,89.4,56.0,1,1,64.74
Singapore,2024-02-06,21.3,58.7,67,57.6,73.3,60.5,1,2,57.5
Singapore,2024-02-07,26.8,62.9,67,65.0,78.5,62.0,1,1,62.14
Singapore,2024-02-08,20.3,54.5,68,44.3,59.3,68.6,1,1,51.67
Singapore,2024-02-09,12.4,67.6,102,54.7,68.3,68.1,1,3,64.06
Singapore,2024-02-10,10.6,53.4,69,44.3,47.4,62.6,0,3,45.72
Singapore,2024-02-11,17.7,69.8,75,51.6,62.7,64.7,0,1,48.6
Singapore,2024-02-12,13.2,56.3,75,63.7,71.4,60.5,1,2,62.27
Singapore,2024-02-13,21.7,71.4,63,54.2,56.0,63.6,1,1,53.77
Singapore,2024-02-14,24.1,67.0,37,45.8,70.4,59.0,1,5,55.79
Singapore,2024-02-15,18.8,69.5,72,47.5,58.1,65.6,1,1,54.1
Singapore,2024-02-16,20.7,59.0,99,53.3,48.9,61.7,1,2,53.57
Singapore,2024-02-17,15.7,54.9,81,66.2,64.9,59.9,0,5,55.23
Singapore,2024-02-18,14.2,79.0,55,42.3,73.6,63.4,0,1,49.3
Singapore,2024-02-19,13.5,53.9,111,48.3,66.6,63.6,1,2,58.97
Singapore,2024-02-20,14.9,53.8,128,50.0,48.1,56.1,1,0,53.03
Singapore,2024-02-21,25.3,57.0,97,59.8,44.7,64.7,1,2,55.53
Singapore,2024-02-22,25.1,56.6,96,38.8,100.0,64.9,1,3,61.45
Singapore,2024-02-23,16.3,77.9,54,55.1,60.8,66.6,1,1,57.87
Singapore,2024-02-24,8.9,76.7,65,45.1,57.3,65.7,0,0,48.75
Singapore,2024-02-25,19.4,57.9,49,46.4,66.7,67.4,0,4,47.77
Singapore,2024-02-26,21.6,78.5,62,42.6,44.2,68.4,1,3,51.39
Singapore,2024-02-27,27.2,67.5,56,54.0,93.1,61.3,1,0,61.08
Singapore,2024-02-28,30.3,35.7,81,58.2,84.5,58.9,1,1,60.21
Singapore,2024-02-29,14.5,76.4,76,51.1,77.9,68.3,1,1,62.13
Singapore,2024-03-01,17.6,71.2,43,45.1,58.9,64.2,1,1,52.5
Singapore,2024-03-02,10.8,69.8,83,75.9,49.9,60.9,0,4,57.78
Singapore,2024-03-03,16.4,62.1,94,49.4,73.8,56.7,0,3,51.18
Singapore,2024-03-04,27.6,68.8,71,32.1,40.7,61.6,1,1,46.46
Singapore,2024-03-05,34.4,66.4,101,43.2,31.3,68.4,1,4,55.37
Singapore,2024-03-06,24.3,59.3,84,39.9,71.1,59.6,1,5,56.04
Singapore,2024-03-07,32.2,68.2,75,46.7,69.6,67.3,1,3,60.95
Singapore,2024-03-08,22.8,41.5,95,68.0,71.1,64.9,1,0,58.8
Singapore,2024-03-09,21.8,65.5,107,55.9,70.9,67.3,0,4,53.93
Singapore,2024-03-10,14.8,71.1,74,45.3,60.2,63.7,0,5,50.75
Singapore,2024-03-11,12.0,54.5,37,57.6,79.4,49.5,1,0,56.98
Singapore,2024-03-12,29.6,78.3,47,46.0,71.3,61.4,1,1,56.95
Singapore,2024-03-13,11.1,77.8,97,70.6,78.4,58.1,1,5,71.71
Singapore,2024-03-14,13.2,76.0,53,39.5,59.0,65.8,1,3,55.68
Singapore,2024-03-15,16.4,75.6,79,60.1,76.5,61.6,1,1,62.47
Singapore,2024-03-16,19.5,72.6,83,44.6,95.7,64.0,0,3,54.76
Singapore,2024-03-17,11.6,68.2,73,49.5,52.4,62.4,0,1,47.76
Singapore,2024-03-18,34.8,59.4,79,38.5,34.0,61.4,1,4,51.7
Singapore,2024-03-19,22.2,63.4,72,45.3,78.9,59.1,1,3,56.3
Singapore,2024-03-20,25.8,45.7,108,45.3,67.0,70.1,1,4,58.2
Singapore,2024-03-21,11.6,65.8,49,57.2,77.7,66.6,1,3,63.88
Singapore,2024-03-22,25.8,72.6,110,41.3,60.4,65.2,1,3,56.86
Singapore,2024-03-23,5.2,61.7,68,55.3,83.0,64.6,0,1,57.52
Singapore,2024-03-24,36.0,64.4,62,62.0,62.4,59.3,0,1,53.18
Singapore,2024-03-25,28.1,57.8,86,60.0,65.0,69.5,1,2,61.14
Singapore,2024-03-26,26.8,76.1,46,54.4,70.9,71.3,1,3,61.2
Singapore,2024-03-27,20.2,82.2,57,51.2,82.4,73.1,1,5,64.56
Singapore,2024-03-28,14.7,77.9,68,56.8,64.3,56.2,1,0,57.68
Singapore,2024-03-29,32.8,83.1,124,47.2,64.0,64.4,1,1,61.99
Singapore,2024-03-30,15.3,56.3,68,37.7,66.5,55.1,0,2,43.88
Singapore,2024-03-31,23.0,53.9,50,51.0,50.3,59.4,0,4,43.35
Singapore,2024-04-01,29.8,60.0,84,59.3,45.6,64.2,1,1,56.1
Singapore,2024-04-02,26.2,79.0,87,31.0,48.4,61.8,1,5,52.35
Singapore,2024-04-03,14.4,75.0,76,40.0,56.2,76.6,1,2,56.89
Singapore,2024-04-04,15.6,66.5,56,48.1,45.8,62.0,1,2,52.16
Singapore,2024-04-05,14.7,69.5,114,40.6,54.7,63.3,1,2,55.68
Singapore,2024-04-06,26.1,68.2,93,62.9,58.8,58.2,0,4,52.97
Singapore,2024-04-07,20.8,74.3,81,54.9,75.8,58.5,0,6,54.73
Singapore,2024-04-08,18.9,56.4,98,54.2,52.7,55.1,1,4,55.49
Singapore,2024-04-09,29.5,67.1,38,47.4,61.6,62.4,1,2,54.8
Singapore,2024-04-10,15.5,61.7,58,47.4,67.9,63.6,1,1,55.52
Singapore,2024-04-11,16.9,60.8,52,41.3,72.7,51.2,1,5,54.94
Singapore,2024-04-12,39.1,87.9,58,74.6,87.8,61.9,1,1,73.62
Singapore,2024-04-13,16.8,70.6,56,48.7,75.4,58.1,0,1,48.68
Singapore,2024-04-14,34.3,58.0,81,40.1,52.6,61.1,0,3,46.72
Singapore,2024-04-15,7.9,65.6,76,50.2,77.2,68.1,1,1,63.25
Singapore,2024-04-16,20.1,74.6,64,35.2,61.9,62.8,1,2,51.38
Singapore,2024-04-17,26.2,53.1,84,47.5,62.1,61.2,1,3,55.11
Singapore,2024-04-18,19.3,53.5,73,38.6,65.0,69.1,1,2,52.66
Singapore,2024-04-19,28.7,67.9,46,50.2,73.1,56.5,1,0,55.33
Singapore,2024-04-20,7.0,53.0,57,33.8,40.1,58.5,0,7,44.73
Singapore,2024-04-21,26.5,60.9,87,43.9,36.9,61.6,0,3,42.2
Singapore,2024-04-22,11.8,67.4,86,56.6,80.3,63.0,1,2,64.7
Singapore,2024-04-23,13.6,73.5,67,35.1,68.2,63.6,1,2,55.32
Singapore,2024-04-24,20.8,66.0,107,41.3,67.3,64.9,1,2,55.48
Singapore,2024-04-25,17.2,63.2,86,52.4,73.4,62.6,1,2,59.53
Singapore,2024-04-26,28.4,48.7,64,41.1,67.9,63.7,1,0,51.9
Singapore,2024-04-27,17.5,68.8,41,39.4,76.4,53.8,0,2,45.15
Singapore,2024-04-28,32.3,59.5,92,45.6,69.2,61.6,0,2,50.76
Singapore,2024-04-29,18.2,54.9,71,51.4,78.0,58.6,1,1,56.68
Singapore,2024-04-30,28.7,61.0,99,48.8,69.1,61.1,1,2,58.58
Singapore,2024-05-01,28.9,75.5,83,48.4,78.9,63.8,1,0,59.96
Singapore,2024-05-02,22.9,65.3,84,47.4,59.0,59.4,1,1,52.42
Singapore,2024-05-03,18.7,48.7,67,51.3,54.6,64.4,1,0,51.1
Singapore,2024-05-04,20.4,59.3,38,44.2,68.5,80.0,0,3,48.1
Singapore,2024-05-05,17.0,59.3,89,54.7,78.1,66.4,0,3,54.46
Singapore,2024-05-06,24.8,60.6,95,47.1,73.7,65.4,1,2,58.01
Singapore,2024-05-07,23.9,48.4,72,57.2,87.8,66.2,1,8,66.0
Singapore,2024-05-08,27.2,70.9,86,48.4,44.4,59.9,1,1,52.23
Singapore,2024-05-09,28.8,64.2,57,34.6,58.4,58.1,1,5,52.78
Singapore,2024-05-10,20.8,54.8,82,49.6,77.4,62.5,1,5,59.56
Singapore,2024-05-11,29.6,53.9,69,53.7,31.8,74.0,0,2,44.95
Singapore,2024-05-12,12.4,53.7,53,49.8,75.8,60.2,0,2,50.21
Singapore,2024-05-13,15.6,72.7,63,46.5,93.3,57.8,1,1,60.61
Singapore,2024-05-14,32.9,51.8,92,36.0,45.9,59.0,1,3,51.26
Singapore,2024-05-15,14.7,65.6,95,54.1,73.4,53.7,1,1,59.26
Singapore,2024-05-16,18.3,59.8,57,56.9,70.1,67.4,1,2,58.72
Singapore,2024-05-17,23.3,73.4,91,53.1,71.2,59.1,1,9,64.35
Singapore,2024-05-18,26.8,61.8,106,53.6,41.3,63.5,0,0,44.78
Singapore,2024-05-19,27.8,51.3,38,35.4,56.1,61.4,0,2,39.9
Singapore,2024-05-20,13.4,58.8,63,53.2,52.2,70.7,1,2,56.85
Singapore,2024-05-21,32.5,64.3,73,38.4,73.1,68.0,1,2,58.26
Singapore,2024-05-22,20.1,69.5,60,48.7,93.7,67.7,1,3,62.43
Singapore,2024-05-23,21.5,65.2,84,39.1,53.0,56.0,1,0,47.3
Singapore,2024-05-24,28.6,72.6,66,53.1,76.1,59.3,1,1,59.44
Singapore,2024-05-25,26.1,69.0,82,45.6,51.3,65.5,0,3,46.69
Singapore,2024-05-26,5.5,59.1,66,41.2,51.5,63.4,0,7,51.62
Singapore,2024-05-27,8.5,64.1,58,42.7,57.0,66.5,1,3,57.19
Singapore,2024-05-28,5.1,62.8,62,40.8,62.3,59.4,1,2,57.06
Singapore,2024-05-29,3.1,68.9,57,46.6,77.6,58.5,1,2,62.79
Singapore,2024-05-30,17.9,46.1,96,42.3,64.5,55.6,1,3,53.03
Singapore,2024-05-31,19.1,65.9,89,57.3,75.0,63.6,1,1,60.17
Singapore,2024-06-01,19.7,68.4,58,47.9,78.0,67.8,0,1,49.4
Singapore,2024-06-02,20.9,64.3,38,62.9,55.0,60.6,0,3,47.44
Singapore,2024-06-03,25.0,58.6,59,51.0,35.1,66.3,1,0,47.97
Singapore,2024-06-04,8.9,53.9,93,47.4,57.9,58.5,1,2,57.05
Singapore,2024-06-05,17.0,55.5,76,54.4,74.2,56.3,1,2,57.93
Singapore,2024-06-06,13.3,49.3,45,41.0,47.0,65.6,1,1,48.87
Singapore,2024-06-07,15.2,63.3,88,61.4,78.4,63.2,1,2,64.01
Singapore,2024-06-08,19.3,65.4,73,34.6,69.4,59.7,0,3,44.84
Singapore,2024-06-09,15.1,59.8,93,55.7,56.0,58.0,0,6,52.34
Singapore,2024-06-10,15.1,69.1,54,39.8,57.8,52.4,1,2,50.96
Singapore,2024-06-11,29.3,71.0,99,47.9,95.6,54.7,1,0,62.07
Singapore,2024-06-12,23.4,59.4,67,47.2,51.9,63.7,1,4,52.95
Singapore,2024-06-13,24.5,53.8,55,53.9,79.1,67.9,1,1,57.74
Singapore,2024-06-14,23.4,50.5,65,58.0,56.4,66.6,1,1,53.87
Singapore,2024-06-15,3.3,62.8,52,33.2,54.5,62.4,0,1,45.37
Singapore,2024-06-16,24.0,68.6,73,51.6,43.2,56.6,0,2,42.98
Singapore,2024-06-17,9.3,69.5,50,42.3,79.5,63.7,1,1,59.32
Singapore,2024-06-18,16.7,71.4,71,41.4,42.6,68.6,1,3,52.46
Singapore,2024-06-19,13.0,58.4,99,43.5,60.8,68.8,1,3,58.32
Singapore,2024-06-20,24.4,65.0,73,39.1,54.5,54.4,1,3,50.02
Singapore,2024-06-21,25.4,64.3,95,34.6,88.5,61.9,1,0,55.81
Singapore,2024-06-22,18.5,65.4,91,39.3,58.1,60.5,0,1,43.57
Singapore,2024-06-23,27.8,63.7,56,33.2,82.1,62.9,0,1,46.12
Singapore,2024-06-24,28.9,69.4,37,53.7,38.3,66.6,1,3,53.39
Singapore,2024-06-25,26.4,58.7,74,50.8,54.1,59.3,1,3,54.29
Singapore,2024-06-26,18.1,71.8,84,51.5,43.4,72.4,1,0,53.7
Singapore,2024-06-27,9.9,53.5,105,52.0,75.4,65.0,1,0,61.45
Singapore,2024-06-28,10.2,69.2,73,52.1,42.5,69.2,1,3,58.02
Singapore,2024-06-29,16.0,75.2,82,43.8,68.2,61.0,0,2,49.28
Singapore,2024-06-30,25.6,70.3,97,56.6,61.5,68.7,0,3,53.02
Singapore,2024-07-01,21.7,69.5,59,53.8,85.7,59.1,1,2,59.21
Singapore,2024-07-02,27.5,50.6,105,46.2,88.7,66.8,1,4,63.23
Singapore,2024-07-03,23.6,73.3,85,47.6,83.1,64.5,1,1,59.29
Singapore,2024-07-04,18.3,47.6,84,39.7,50.0,65.3,1,2,49.65
Singapore,2024-07-05,11.4,83.6,69,53.2,58.6,65.1,1,0,59.05
Singapore,2024-07-06,26.2,56.5,49,57.7,86.6,68.8,0,6,57.3
Singapore,2024-07-07,20.2,46.1,64,57.3,73.4,62.6,0,2,48.87
Singapore,2024-07-08,6.1,56.0,75,47.3,47.3,59.0,1,2,55.42
Singapore,2024-07-09,18.8,71.2,63,58.4,42.8,52.9,1,2,52.37
Singapore,2024-07-10,27.1,67.5,62,40.0,68.7,63.2,1,2,54.54
Singapore,2024-07-11,13.9,72.1,99,41.1,50.2,68.8,1,3,56.5
Singapore,2024-07-12,20.5,74.1,88,47.5,55.0,66.8,1,3,55.9
Singapore,2024-07-13,13.2,73.7,38,41.6,81.1,58.4,0,1,48.74
Singapore,2024-07-14,6.6,57.6,60,44.6,59.9,65.0,0,2,49.46
Singapore,2024-07-15,24.6,73.9,61,37.3,73.1,63.7,1,2,54.42
Singapore,2024-07-16,32.7,40.6,29,51.5,59.4,67.1,1,2,54.51
Singapore,2024-07-17,28.9,72.8,87,55.4,56.8,62.8,1,1,58.07
Singapore,2024-07-18,19.2,68.7,53,49.1,65.0,63.9,1,1,54.37
Singapore,2024-07-19,13.4,84.5,98,48.5,71.7,70.7,1,3,64.61
Singapore,2024-07-20,21.9,61.6,88,43.8,42.0,69.4,0,6,45.46
Singapore,2024-07-21,18.0,67.0,80,56.9,56.8,64.3,0,2,49.49
Singapore,2024-07-22,11.7,76.1,69,49.6,77.1,70.9,1,1,62.78
Singapore,2024-07-23,24.8,66.6,64,52.1,55.3,55.3,1,0,51.26
Singapore,2024-07-24,27.0,66.2,71,35.8,45.6,57.7,1,1,47.28
Singapore,2024-07-25,33.5,67.2,66,55.7,79.4,63.6,1,2,63.88
Singapore,2024-07-26,21.9,65.3,87,52.6,74.5,56.3,1,1,56.22
Singapore,2024-07-27,18.6,48.7,71,54.8,44.4,55.3,0,7,46.48
Singapore,2024-07-28,19.0,57.4,121,58.5,72.0,64.4,0,2,53.71
Singapore,2024-07-29,17.2,61.3,66,51.1,66.1,64.1,1,2,56.74
Singapore,2024-07-30,24.7,77.2,59,64.8,48.2,61.3,1,0,55.18
Singapore,2024-07-31,10.0,80.8,74,45.6,45.8,68.1,1,2,57.11
Singapore,2024-08-01,20.0,82.0,73,58.7,59.2,71.8,1,3,61.01
Singapore,2024-08-02,34.2,45.8,72,46.1,44.3,59.3,1,2,51.88
Singapore,2024-08-03,25.4,64.5,53,42.0,60.8,60.8,0,2,43.7
Singapore,2024-08-04,19.8,55.2,103,50.5,52.8,65.6,0,2,46.43
Singapore,2024-08-05,24.5,76.0,117,53.3,66.7,58.4,1,2,59.61
Singapore,2024-08-06,28.2,64.2,67,48.0,60.4,54.8,1,4,55.66
Singapore,2024-08-07,18.9,57.4,63,42.2,67.0,69.3,1,5,56.7
Singapore,2024-08-08,34.4,55.7,90,52.4,54.1,64.2,1,1,57.59
Singapore,2024-08-09,12.2,57.8,51,64.6,50.7,70.8,1,2,59.53
Singapore,2024-08-10,22.4,55.9,75,42.6,80.3,57.7,0,4,47.9
Singapore,2024-08-11,29.2,64.3,83,44.3,73.9,57.5,0,4,51.05
Singapore,2024-08-12,23.6,57.4,63,50.4,61.0,67.7,1,1,53.53
Singapore,2024-08-13,18.3,75.9,81,37.9,49.8,58.0,1,0,48.88
Singapore,2024-08-14,25.0,58.9,31,51.8,54.8,61.3,1,1,50.69
Singapore,2024-08-15,22.8,65.5,74,46.9,68.6,66.2,1,3,56.5
Singapore,2024-08-16,17.2,48.0,70,40.8,81.2,55.8,1,4,56.03
Singapore,2024-08-17,21.6,42.1,81,48.0,73.2,65.8,0,4,48.38
Singapore,2024-08-18,23.6,78.3,123,52.4,65.4,67.3,0,2,52.84
Singapore,2024-08-19,25.0,59.5,70,50.1,36.4,62.0,1,4,51.15
Singapore,2024-08-20,19.4,60.5,32,74.3,62.8,55.1,1,3,59.13
Singapore,2024-08-21,24.8,61.5,60,50.8,73.4,55.0,1,2,55.45
Singapore,2024-08-22,22.1,69.0,79,32.8,71.4,72.7,1,2,53.82
Singapore,2024-08-23,33.6,52.5,84,37.5,86.2,58.1,1,1,57.85
Singapore,2024-08-24,22.2,68.0,87,58.9,60.6,59.7,0,2,48.92
Singapore,2024-08-25,19.4,64.1,38,48.9,64.1,67.1,0,3,47.12
Singapore,2024-08-26,16.4,75.0,91,54.9,77.6,64.6,1,1,62.31
Singapore,2024-08-27,28.3,68.2,34,52.1,78.7,58.7,1,0,56.62
Singapore,2024-08-28,20.2,56.3,73,45.0,69.0,64.0,1,1,53.47
Singapore,2024-08-29,9.0,72.6,65,57.0,36.9,66.8,1,3,58.23
Singapore,2024-08-30,27.6,57.2,94,50.9,54.3,67.6,1,3,57.1
Singapore,2024-08-31,23.4,62.8,33,32.6,59.0,66.6,0,5,42.29
Singapore,2024-09-01,17.4,77.5,75,46.4,62.7,56.1,0,2,47.38
Singapore,2024-09-02,2.6,40.8,112,45.5,51.2,58.6,1,0,55.66
Singapore,2024-09-03,10.3,60.3,50,51.8,75.3,66.0,1,4,62.68
Singapore,2024-09-04,30.5,62.2,73,51.7,74.6,66.8,1,5,63.55
Singapore,2024-09-05,30.5,50.6,77,52.3,64.7,72.1,1,1,58.37
Singapore,2024-09-06,19.2,78.9,64,47.5,68.8,62.3,1,1,56.02
Singapore,2024-09-07,20.7,59.2,31,36.7,42.7,62.7,0,2,36.47
Singapore,2024-09-08,13.6,68.8,87,50.8,94.8,64.5,0,2,57.71
Singapore,2024-09-09,16.3,65.8,78,39.5,32.6,62.8,1,4,49.71
Singapore,2024-09-10,26.9,58.7,58,40.5,88.7,67.5,1,2,58.33
Singapore,2024-09-11,11.5,76.7,70,48.4,82.2,71.4,1,4,66.21
Singapore,2024-09-12,24.5,65.0,75,45.6,74.5,66.2,1,2,57.19
Singapore,2024-09-13,28.1,51.7,87,53.4,54.4,68.5,1,2,56.48
Singapore,2024-09-14,15.1,80.6,60,40.3,71.0,60.9,0,5,51.16
Singapore,2024-09-15,24.0,62.7,78,42.6,71.6,62.9,0,5,49.43
Singapore,2024-09-16,22.8,58.4,81,45.8,53.6,65.9,1,7,56.11
Singapore,2024-09-17,8.7,60.1,109,36.3,58.5,72.5,1,1,57.19
Singapore,2024-09-18,19.2,51.6,91,53.3,82.2,55.0,1,5,60.98
Singapore,2024-09-19,12.1,69.4,68,53.6,56.9,67.4,1,3,59.99
Singapore,2024-09-20,34.3,70.8,71,57.8,60.5,67.5,1,2,62.28
Singapore,2024-09-21,16.4,45.6,52,41.2,45.4,54.7,0,2,38.27
Singapore,2024-09-22,20.8,59.9,98,55.0,70.4,56.8,0,8,54.45
Singapore,2024-09-23,10.5,70.4,43,44.1,86.7,57.5,1,1,59.36
Singapore,2024-09-24,13.6,62.6,77,60.3,80.5,65.9,1,0,62.99
Singapore,2024-09-25,11.3,62.5,78,46.6,57.1,60.0,1,5,58.59
Singapore,2024-09-26,13.0,77.6,69,46.2,72.3,56.7,1,2,58.81
Singapore,2024-09-27,13.3,70.2,83,33.9,57.9,66.1,1,3,54.82
Singapore,2024-09-28,5.8,63.0,109,56.0,67.8,60.2,0,8,61.65
Singapore,2024-09-29,18.4,49.4,33,44.7,69.2,64.7,0,4,46.06
Singapore,2024-09-30,17.6,70.8,61,57.0,74.9,66.1,1,1,60.22
Singapore,2024-10-01,24.1,67.0,44,59.9,67.2,63.1,1,2,57.66
Singapore,2024-10-02,18.8,59.2,66,42.2,58.4,71.7,1,2,53.24
Singapore,2024-10-03,23.6,76.7,79,46.1,43.7,60.3,1,2,51.13
Singapore,2024-10-04,18.0,49.2,80,46.9,55.1,63.7,1,3,53.37
Singapore,2024-10-05,34.6,61.1,63,43.8,80.4,62.9,0,3,53.13
Singapore,2024-10-06,30.3,78.9,54,53.7,52.4,69.4,0,7,54.38
Singapore,2024-10-07,12.0,77.5,78,54.3,43.0,57.1,1,2,56.11
Singapore,2024-10-08,24.9,59.0,57,47.8,62.8,61.8,1,1,52.49
Singapore,2024-10-09,20.1,50.0,84,46.0,53.1,63.9,1,1,50.49
Singapore,2024-10-10,13.4,67.7,98,48.4,54.9,67.3,1,1,57.28
Singapore,2024-10-11,21.7,58.2,90,33.5,63.3,68.6,1,1,50.34
Singapore,2024-10-12,14.2,63.2,46,39.2,45.6,70.1,0,3,43.66
Singapore,2024-10-13,15.8,50.7,60,41.4,78.6,61.9,0,1,46.52
Singapore,2024-10-14,10.6,79.3,86,41.9,70.9,55.3,1,2,59.04
Singapore,2024-10-15,22.4,89.1,79,40.9,79.1,65.9,1,1,57.68
Singapore,2024-10-16,18.3,81.5,52,46.5,90.0,60.6,1,2,60.51
Singapore,2024-10-17,23.4,53.3,51,56.4,62.5,65.2,1,3,55.58
Singapore,2024-10-18,9.6,66.6,74,51.8,58.3,60.9,1,3,59.66
Singapore,2024-10-19,23.5,64.4,48,30.3,75.4,61.0,0,2,42.4
Singapore,2024-10-20,25.1,66.7,92,65.2,79.3,60.8,0,5,58.41
Singapore,2024-10-21,8.9,63.6,62,51.3,76.0,54.0,1,1,59.51
Singapore,2024-10-22,23.0,79.9,105,61.7,77.7,69.6,1,1,64.44
Singapore,2024-10-23,7.9,60.0,92,53.4,26.6,63.5,1,1,53.46
Singapore,2024-10-24,31.8,54.4,56,63.0,62.4,68.1,1,4,62.52
Singapore,2024-10-25,11.3,76.4,35,49.5,54.2,62.2,1,3,56.79
Singapore,2024-10-26,20.2,63.0,83,39.5,65.1,55.9,0,2,43.73
Singapore,2024-10-27,30.2,49.5,81,36.3,48.8,64.6,0,5,44.7
Singapore,2024-10-28,25.9,52.4,44,54.1,38.8,56.9,1,2,48.53
Singapore,2024-10-29,11.8,66.8,114,49.7,59.8,68.5,1,4,62.69
Singapore,2024-10-30,18.2,51.2,62,55.5,76.7,73.3,1,4,61.77
Singapore,2024-10-31,18.8,49.6,66,37.7,65.8,64.8,1,3,52.12
Singapore,2024-11-01,20.2,77.5,87,44.5,75.9,60.6,1,2,57.77
Singapore,2024-11-02,22.4,56.2,52,39.2,90.0,66.2,0,0,45.95
Singapore,2024-11-03,-7.1,44.1,76,63.7,77.7,68.7,0,4,65.57
Singapore,2024-11-04,26.9,61.4,99,52.3,97.5,62.5,1,2,64.78
Singapore,2024-11-05,25.1,67.3,103,50.7,59.6,59.7,1,2,56.33
Singapore,2024-11-06,17.9,47.1,75,39.1,78.6,60.1,1,5,56.48
Singapore,2024-11-07,26.9,65.5,100,49.8,73.8,58.6,1,4,60.84
Singapore,2024-11-08,17.4,63.3,36,52.2,44.7,56.4,1,2,50.03
Singapore,2024-11-09,7.6,68.4,59,54.9,81.7,64.9,0,2,57.29
Singapore,2024-11-10,18.1,55.7,84,28.7,82.0,57.4,0,4,46.16
Singapore,2024-11-11,15.3,62.6,37,43.8,83.0,62.7,1,5,59.83
Singapore,2024-11-12,20.1,63.8,86,54.4,62.9,63.2,1,3,57.81
Singapore,2024-11-13,21.2,43.2,30,48.3,35.3,70.4,1,2,45.72
Singapore,2024-11-14,15.5,55.7,111,52.2,83.5,59.6,1,3,62.98
Singapore,2024-11-15,4.4,62.5,59,52.3,59.5,69.2,1,1,60.75
Singapore,2024-11-16,23.2,61.5,99,56.1,70.5,60.5,0,2,50.65
Singapore,2024-11-17,19.1,64.9,111,37.9,75.4,72.3,0,2,50.28
Singapore,2024-11-18,18.3,57.3,58,50.9,57.9,66.0,1,3,54.95
Singapore,2024-11-19,20.0,76.0,70,51.3,49.7,71.4,1,1,54.58
Singapore,2024-11-20,14.4,52.7,83,62.9,53.4,57.7,1,1,56.64
Singapore,2024-11-21,23.2,45.8,97,60.0,70.6,57.5,1,2,57.56
Singapore,2024-11-22,20.5,67.7,77,26.7,73.0,58.2,1,3,51.01
Singapore,2024-11-23,31.3,75.9,53,38.2,67.1,65.8,0,3,49.17
Singapore,2024-11-24,10.1,77.9,98,48.2,53.9,57.6,0,4,52.12
Singapore,2024-11-25,26.0,44.2,107,46.5,74.5,64.0,1,1,56.31
Singapore,2024-11-26,15.2,61.3,89,43.0,35.5,58.7,1,4,51.06
Singapore,2024-11-27,21.6,75.9,106,55.2,59.5,60.9,1,1,56.85
Singapore,2024-11-28,30.0,52.5,93,60.5,40.9,61.1,1,1,54.67
Singapore,2024-11-29,13.3,55.0,100,41.5,69.5,62.8,1,3,58.03
Singapore,2024-11-30,18.4,76.0,95,52.3,87.1,66.3,0,1,55.28
Singapore,2024-12-01,36.4,73.2,78,50.6,66.0,74.8,0,5,58.61
Singapore,2024-12-02,14.0,50.4,55,55.5,63.3,66.2,1,0,55.81
Singapore,2024-12-03,19.9,72.9,79,52.6,67.3,56.0,1,2,56.71
Singapore,2024-12-04,16.8,53.4,38,49.8,57.8,60.4,1,1,51.21
Singapore,2024-12-05,25.4,55.9,84,47.6,62.4,61.0,1,4,55.98
Singapore,2024-12-06,8.6,65.4,104,41.6,40.8,60.2,1,1,53.31
Singapore,2024-12-07,20.8,68.7,22,49.3,53.8,69.4,0,5,46.36
Singapore,2024-12-08,27.4,62.0,76,48.1,60.9,69.2,0,2,48.58
Singapore,2024-12-09,18.7,68.3,94,36.7,47.8,70.3,1,2,51.72
Singapore,2024-12-10,17.1,41.6,61,52.7,61.7,69.4,1,0,53.43
Singapore,2024-12-11,22.7,69.4,39,61.2,62.5,64.8,1,4,58.42
Singapore,2024-12-12,25.5,60.9,84,53.3,48.4,63.8,1,0,52.44
Singapore,2024-12-13,22.5,61.4,79,67.0,48.3,71.6,1,2,57.88
Singapore,2024-12-14,21.1,49.2,64,62.5,77.0,63.5,0,4,52.83
Singapore,2024-12-15,10.6,63.2,90,48.3,66.0,57.3,0,2,50.77
Singapore,2024-12-16,19.3,62.8,75,57.5,20.0,61.7,1,3,49.48
Singapore,2024-12-17,26.2,78.5,67,41.7,56.2,66.2,1,2,54.08
Singapore,2024-12-18,26.2,63.2,98,35.9,80.3,62.1,1,2,56.59
Singapore,2024-12-19,30.6,53.2,86,42.0,51.3,62.6,1,1,51.89
Singapore,2024-12-20,18.1,57.7,71,61.2,51.0,57.7,1,1,54.08
Singapore,2024-12-21,12.7,51.7,92,50.4,64.3,75.0,0,0,50.62
Singapore,2024-12-22,20.7,51.0,31,49.4,49.2,71.1,0,5,44.48
Singapore,2024-12-23,20.8,62.0,89,40.5,72.1,64.6,1,3,55.69
Singapore,2024-12-24,17.8,60.9,77,58.6,80.9,65.9,1,2,62.38
Singapore,2024-12-25,22.2,69.7,63,46.3,65.0,57.5,1,2,52.88
Singapore,2024-12-26,12.2,75.0,79,46.3,36.9,64.1,1,1,52.75
Singapore,2024-12-27,33.2,76.4,71,57.9,84.6,59.7,1,1,65.03
Singapore,2024-12-28,28.1,61.6,60,56.7,60.3,57.8,0,3,49.15
Singapore,2024-12-29,18.6,71.6,97,40.3,40.6,62.0,0,2,42.34
Singapore,2024-12-30,24.6,38.9,61,60.4,74.3,63.3,1,2,57.49
Singapore,2024-12-31,28.0,82.0,51,50.3,84.3,59.6,1,1,60.35
Mumbai,2023-01-01,-4.9,71.9,70,31.1,80.2,55.3,0,3,55.36
Mumbai,2023-01-02,34.3,74.1,30,26.2,71.3,69.0,1,2,54.27
Mumbai,2023-01-03,22.0,67.2,87,28.8,36.8,65.0,1,2,44.59
Mumbai,2023-01-04,32.2,66.7,20,30.3,70.7,70.1,1,2,53.35
Mumbai,2023-01-05,3.6,64.1,49,40.4,79.0,72.3,1,3,63.52
Mumbai,2023-01-06,26.8,59.6,44,36.5,88.0,59.0,1,4,56.57
Mumbai,2023-01-07,16.1,53.2,44,34.1,57.2,73.1,0,3,43.18
Mumbai,2023-01-08,21.1,66.5,54,37.3,60.7,67.8,0,6,46.21
Mumbai,2023-01-09,32.1,80.7,20,24.1,49.7,66.2,1,4,49.73
Mumbai,2023-01-10,21.2,59.8,45,24.8,64.4,61.9,1,2,45.94
Mumbai,2023-01-11,20.9,63.8,35,29.5,80.9,66.0,1,1,50.43
Mumbai,2023-01-12,15.6,63.8,50,35.2,75.7,65.3,1,1,53.74
Mumbai,2023-01-13,12.5,46.9,51,15.5,48.6,65.7,1,3,44.2
Mumbai,2023-01-14,19.2,55.4,37,24.8,70.1,62.3,0,2,39.12
Mumbai,2023-01-15,26.2,45.4,32,42.3,76.1,64.8,0,3,45.76
Mumbai,2023-01-16,12.5,74.8,20,24.5,72.9,66.4,1,4,53.71
Mumbai,2023-01-17,23.2,50.6,32,46.2,70.5,69.5,1,3,53.88
Mumbai,2023-01-18,3.2,68.1,36,28.7,80.4,60.4,1,3,58.38
Mumbai,2023-01-19,21.9,67.6,48,42.3,64.4,68.2,1,2,52.55
Mumbai,2023-01-20,17.5,71.4,61,24.5,99.9,60.6,1,6,59.52
Mumbai,2023-01-21,31.5,70.8,20,32.5,96.9,62.7,0,2,50.03
Mumbai,2023-01-22,22.5,39.1,63,45.5,58.9,65.4,0,5,44.41
Mumbai,2023-01-23,30.1,53.4,50,34.3,75.6,65.4,1,1,53.09
Mumbai,2023-01-24,15.6,58.6,34,29.5,45.8,60.9,1,1,44.06
Mumbai,2023-01-25,14.8,68.9,77,30.8,89.5,71.9,1,3,60.28
Mumbai,2023-01-26,18.1,74.1,44,46.4,60.2,65.4,1,2,54.31
Mumbai,2023-01-27,15.3,86.4,20,32.4,63.7,65.2,1,1,51.4
Mumbai,2023-01-28,22.2,58.5,44,25.0,72.7,65.7,0,2,39.92
Mumbai,2023-01-29,15.1,65.0,48,36.4,38.7,75.0,0,2,41.44
Mumbai,2023-01-30,16.9,49.4,27,30.7,68.1,65.9,1,1,47.98
Mumbai,2023-01-31,15.9,60.0,51,21.3,67.3,65.6,1,1,47.8
Mumbai,2023-02-01,16.3,75.1,57,25.5,88.3,56.0,1,3,54.79
Mumbai,2023-02-02,11.0,60.3,70,29.7,34.4,69.7,1,1,47.18
Mumbai,2023-02-03,32.5,71.9,36,33.0,83.9,68.9,1,1,57.14
Mumbai,2023-02-04,4.4,62.9,20,31.8,77.1,65.2,0,5,51.27
Mumbai,2023-02-05,14.6,70.0,20,23.6,83.7,75.6,0,5,48.78
Mumbai,2023-02-06,24.9,78.5,24,38.0,76.2,73.4,1,4,57.3
Mumbai,2023-02-07,28.1,71.1,29,36.5,72.2,59.5,1,2,52.73
Mumbai,2023-02-08,12.3,60.1,20,24.2,66.2,67.6,1,0,47.77
Mumbai,2023-02-09,27.6,65.6,78,23.8,55.3,68.8,1,2,49.23
Mumbai,2023-02-10,21.4,75.1,30,22.9,35.7,71.4,1,1,41.23
Mumbai,2023-02-11,15.4,57.9,32,36.0,49.0,70.2,0,2,40.92
Mumbai,2023-02-12,8.4,49.0,47,33.7,20.0,74.2,0,5,40.36
Mumbai,2023-02-13,18.5,83.0,37,42.1,49.8,62.9,1,2,51.0
Mumbai,2023-02-14,1.9,48.5,67,28.2,55.6,67.6,1,2,53.81
Mumbai,2023-02-15,24.3,52.7,49,31.6,80.6,66.8,1,2,52.03
Mumbai,2023-02-16,20.1,53.4,49,37.1,74.6,61.2,1,1,50.42
Mumbai,2023-02-17,15.1,60.4,48,32.7,82.5,66.9,1,3,56.16
Mumbai,2023-02-18,18.6,70.5,53,35.2,64.2,66.7,0,4,45.85
Mumbai,2023-02-19,27.3,55.7,59,32.2,82.2,71.9,0,4,49.06
Mumbai,2023-02-20,18.9,78.0,41,41.6,88.1,68.5,1,1,58.21
Mumbai,2023-02-21,22.7,66.3,61,30.0,71.9,66.1,1,5,53.53
Mumbai,2023-02-22,28.7,64.4,60,37.3,55.7,75.8,1,2,53.68
Mumbai,2023-02-23,4.4,67.3,20,32.1,36.2,63.2,1,2,48.77
Mumbai,2023-02-24,11.2,66.1,67,38.1,72.4,66.3,1,2,57.77
Mumbai,2023-02-25,17.5,85.9,55,29.1,93.5,66.0,0,2,50.22
Mumbai,2023-02-26,25.1,65.7,60,21.2,51.5,66.5,0,1,36.6
Mumbai,2023-02-27,29.2,33.6,89,36.2,66.3,64.1,1,2,52.03
Mumbai,2023-02-28,22.9,56.7,84,37.8,60.1,66.0,1,3,51.94
Mumbai,2023-03-01,21.0,68.4,39,36.9,60.4,62.9,1,2,49.31
Mumbai,2023-03-02,14.1,64.8,41,40.0,83.3,60.1,1,3,57.6
Mumbai,2023-03-03,22.4,64.1,58,15.0,59.8,73.5,1,3,46.14
Mumbai,2023-03-04,11.2,59.7,54,33.4,45.1,57.2,0,2,40.09
Mumbai,2023-03-05,31.2,87.5,22,19.6,69.6,66.3,0,4,44.91
Mumbai,2023-03-06,25.9,86.4,102,30.7,93.4,64.1,1,0,58.84
Mumbai,2023-03-07,16.0,53.6,21,29.9,67.0,66.4,1,2,48.9
Mumbai,2023-03-08,21.4,50.0,54,27.2,60.5,67.3,1,6,49.49
Mumbai,2023-03-09,13.6,41.6,38,29.9,49.6,68.5,1,2,46.43
Mumbai,2023-03-10,15.1,56.0,48,31.5,100.0,64.3,1,2,57.54
Mumbai,2023-03-11,5.3,58.3,64,41.5,60.9,75.0,0,1,50.51
Mumbai,2023-03-12,3.3,64.2,44,25.8,82.1,57.2,0,3,49.3
Mumbai,2023-03-13,18.4,71.9,44,33.5,63.6,72.0,1,3,53.11
Mumbai,2023-03-14,22.4,72.0,40,33.8,54.8,59.5,1,3,47.69
Mumbai,2023-03-15,25.5,54.2,28,27.8,43.9,62.3,1,1,41.61
Mumbai,2023-03-16,16.1,73.3,48,39.6,33.0,60.6,1,5,49.57
Mumbai,2023-03-17,20.8,58.7,74,31.2,74.2,61.2,1,1,50.2
Mumbai,2023-03-18,22.9,64.5,56,28.2,40.1,69.5,0,3,37.25
Mumbai,2023-03-19,19.9,58.4,45,32.3,71.5,68.0,0,5,45.42
Mumbai,2023-03-20,13.2,73.1,44,32.8,81.8,55.1,1,3,55.73
Mumbai,2023-03-21,12.8,65.1,60,22.4,62.1,71.5,1,1,50.31
Mumbai,2023-03-22,22.2,67.1,20,30.6,65.2,65.1,1,2,47.48
Mumbai,2023-03-23,17.1,60.8,20,34.1,66.1,58.7,1,0,47.09
Mumbai,2023-03-24,12.9,52.7,45,30.5,69.5,76.7,1,1,52.89
Mumbai,2023-03-25,19.6,66.0,85,15.0,59.1,66.0,0,5,40.61
Mumbai,2023-03-26,21.2,59.1,78,28.6,60.0,61.5,0,3,40.46
Mumbai,2023-03-27,43.7,67.0,46,38.9,85.1,67.0,1,0,62.39
Mumbai,2023-03-28,28.8,70.2,30,27.4,78.0,66.1,1,2,52.81
Mumbai,2023-03-29,26.0,68.2,79,25.4,49.4,61.4,1,1,46.0
Mumbai,2023-03-30,26.5,45.9,28,38.6,62.2,59.8,1,3,49.03
Mumbai,2023-03-31,18.4,81.0,36,26.5,75.7,68.9,1,0,51.04
Mumbai,2023-04-01,15.6,58.2,46,41.5,54.3,64.6,0,4,44.85
Mumbai,2023-04-02,19.9,56.3,32,40.0,49.1,63.1,0,3,39.64
Mumbai,2023-04-03,31.3,62.6,20,36.6,63.4,68.3,1,2,52.52
Mumbai,2023-04-04,15.3,46.0,60,34.9,55.6,59.7,1,1,47.46
Mumbai,2023-04-05,24.8,82.8,49,36.4,41.2,60.5,1,2,47.53
Mumbai,2023-04-06,10.2,80.5,68,38.2,40.1,67.3,1,4,55.01
Mumbai,2023-04-07,7.2,69.4,67,33.8,87.7,67.1,1,2,61.7
Mumbai,2023-04-08,9.9,66.1,48,31.5,53.7,71.5,0,3,45.52
Mumbai,2023-04-09,13.1,91.0,23,39.3,43.7,62.4,0,1,42.31
Mumbai,2023-04-10,-5.1,77.6,54,15.0,46.5,56.1,1,0,49.68
Mumbai,2023-04-11,18.4,51.8,38,38.9,61.1,66.3,1,1,49.08
Mumbai,2023-04-12,26.8,59.2,25,24.0,77.5,67.1,1,1,48.92
Mumbai,2023-04-13,33.4,75.5,21,35.1,51.0,58.1,1,1,49.24
Mumbai,2023-04-14,23.2,67.3,54,38.4,77.1,66.5,1,0,52.77
Mumbai,2023-04-15,20.8,63.8,67,30.5,50.5,55.0,0,5,39.69
Mumbai,2023-04-16,20.7,73.5,47,32.9,67.3,63.1,0,8,47.65
Mumbai,2023-04-17,16.1,67.6,46,29.6,63.0,68.2,1,3,51.84
Mumbai,2023-04-18,31.5,50.3,105,23.9,50.2,54.4,1,0,45.37
Mumbai,2023-04-19,14.1,75.0,48,23.8,78.5,73.2,1,4,56.64
Mumbai,2023-04-20,23.0,61.0,63,25.1,74.2,64.9,1,1,48.74
Mumbai,2023-04-21,23.7,55.6,55,29.9,64.5,65.3,1,0,46.72
Mumbai,2023-04-22,11.4,49.7,25,24.1,51.8,61.5,0,2,37.04
Mumbai,2023-04-23,13.6,57.7,53,32.5,50.7,63.9,0,2,40.91
Mumbai,2023-04-24,16.3,40.7,20,36.3,61.5,67.3,1,2,48.31
Mumbai,2023-04-25,15.9,71.9,36,28.9,80.4,66.7,1,4,55.68
Mumbai,2023-04-26,18.4,70.1,31,42.1,62.2,66.9,1,4,54.26
Mumbai,2023-04-27,17.6,58.1,20,38.9,39.1,58.2,1,2,44.14
Mumbai,2023-04-28,23.1,71.1,30,46.5,64.5,72.8,1,1,53.54
Mumbai,2023-04-29,22.2,52.2,20,40.8,66.6,64.5,0,3,41.85
Mumbai,2023-04-30,30.8,57.7,95,29.7,53.5,71.0,0,1,43.39
Mumbai,2023-05-01,36.2,61.6,42,32.5,83.2,64.8,1,4,59.43
Mumbai,2023-05-02,15.4,56.8,29,33.0,82.3,66.0,1,1,52.87
Mumbai,2023-05-03,25.2,76.6,66,30.1,71.9,70.0,1,5,56.56
Mumbai,2023-05-04,13.4,78.1,46,30.6,56.7,67.4,1,2,51.98
Mumbai,2023-05-05,20.3,58.1,36,20.0,33.4,66.3,1,1,38.06
Mumbai,2023-05-06,23.9,67.9,29,30.3,45.2,68.9,0,4,38.95
Mumbai,2023-05-07,10.8,43.6,27,32.2,58.2,59.5,0,3,40.8
Mumbai,2023-05-08,15.6,49.9,76,34.1,85.1,65.5,1,1,55.26
Mumbai,2023-05-09,17.8,79.2,73,20.4,55.7,61.5,1,2,47.62
Mumbai,2023-05-10,29.2,61.8,30,44.5,50.0,75.8,1,5,55.47
Mumbai,2023-05-11,27.1,59.3,35,18.8,48.9,70.0,1,1,42.93
Mumbai,2023-05-12,23.7,78.6,64,40.0,36.3,68.3,1,2,48.82
Mumbai,2023-05-13,22.2,72.7,50,35.0,64.2,69.2,0,6,46.67
Mumbai,2023-05-14,28.9,88.3,36,35.8,63.3,62.6,0,5,48.22
Mumbai,2023-05-15,7.9,51.6,66,28.9,35.3,65.1,1,1,46.5
Mumbai,2023-05-16,38.3,47.1,29,32.5,41.3,72.0,1,1,48.57
Mumbai,2023-05-17,25.0,70.9,42,23.3,57.6,66.2,1,2,46.77
Mumbai,2023-05-18,14.7,88.4,54,42.9,71.9,64.3,1,2,58.77
Mumbai,2023-05-19,14.2,82.5,35,37.3,76.1,67.8,1,1,56.55
Mumbai,2023-05-20,17.2,54.8,61,27.1,58.8,63.3,0,1,38.78
Mumbai,2023-05-21,17.1,66.9,39,20.3,76.8,67.4,0,4,43.82
Mumbai,2023-05-22,25.8,58.3,45,24.0,75.1,71.4,1,2,50.56
Mumbai,2023-05-23,28.2,47.8,26,38.6,62.7,68.5,1,2,50.59
Mumbai,2023-05-24,21.7,62.2,20,26.7,66.9,67.2,1,1,45.82
Mumbai,2023-05-25,26.4,67.4,35,33.8,34.8,64.5,1,1,43.85
Mumbai,2023-05-26,13.0,71.5,20,17.4,62.2,63.0,1,2,46.82
Mumbai,2023-05-27,20.6,61.0,45,30.1,34.4,65.0,0,3,35.16
Mumbai,2023-05-28,25.7,57.4,30,42.0,50.2,56.9,0,3,40.03
Mumbai,2023-05-29,18.2,68.3,59,35.5,49.9,73.7,1,0,49.17
Mumbai,2023-05-30,9.8,56.5,27,35.0,71.2,71.9,1,2,55.25
Mumbai,2023-05-31,7.4,67.4,20,25.9,77.0,65.1,1,0,52.65
Mumbai,2023-06-01,25.7,72.6,26,33.7,80.0,70.2,1,3,55.29
Mumbai,2023-06-02,23.6,64.7,78,37.7,60.5,57.6,1,0,48.77
Mumbai,2023-06-03,22.9,66.9,40,23.1,87.1,72.9,0,1,43.63
Mumbai,2023-06-04,28.6,65.0,53,22.4,64.5,57.4,0,2,39.75
Mumbai,2023-06-05,26.2,76.3,35,26.7,65.7,64.7,1,2,49.74
Mumbai,2023-06-06,25.2,62.7,35,34.6,57.0,67.3,1,1,48.05
Mumbai,2023-06-07,29.8,61.1,51,24.3,35.9,71.3,1,4,46.68
Mumbai,2023-06-08,23.3,59.0,32,40.4,48.2,66.0,1,1,46.39
Mumbai,2023-06-09,28.2,75.5,63,48.8,72.7,65.3,1,4,61.13
Mumbai,2023-06-10,18.8,61.2,44,19.6,49.4,63.6,0,2,34.86
Mumbai,2023-06-11,18.5,58.1,43,38.2,58.9,63.1,0,0,39.91
Mumbai,2023-06-12,23.6,60.1,37,40.3,67.4,66.0,1,2,51.52
Mumbai,2023-06-13,20.8,74.0,33,16.1,72.6,56.7,1,1,44.39
Mumbai,2023-06-14,35.3,52.8,43,29.6,39.6,73.3,1,2,48.54
Mumbai,2023-06-15,17.0,45.8,58,26.7,88.3,68.0,1,5,55.78
Mumbai,2023-06-16,33.1,71.7,21,15.0,86.3,67.0,1,2,52.61
Mumbai,2023-06-17,15.1,58.9,40,22.8,61.6,60.9,0,7,42.91
Mumbai,2023-06-18,23.3,63.9,32,18.2,47.7,74.1,0,0,33.18
Mumbai,2023-06-19,15.0,76.0,43,18.5,69.5,65.2,1,4,51.44
Mumbai,2023-06-20,18.1,42.9,88,44.6,84.0,66.9,1,1,57.12
Mumbai,2023-06-21,22.8,73.2,27,28.0,60.5,68.7,1,4,49.39
Mumbai,2023-06-22,1.1,67.4,40,40.1,46.2,78.2,1,3,58.77
Mumbai,2023-06-23,35.1,56.9,20,31.3,80.2,64.2,1,1,53.83
Mumbai,2023-06-24,17.6,70.8,20,21.3,70.6,63.2,0,7,43.84
Mumbai,2023-06-25,20.6,55.0,64,27.4,51.5,66.7,0,4,39.27
Mumbai,2023-06-26,14.9,63.3,35,44.6,64.0,65.7,1,1,53.56
Mumbai,2023-06-27,18.3,61.8,48,25.2,63.4,58.5,1,2,46.72
Mumbai,2023-06-28,22.1,58.5,55,25.7,47.5,64.9,1,1,42.6
Mumbai,2023-06-29,21.6,62.6,57,30.4,84.1,70.5,1,1,52.82
Mumbai,2023-06-30,13.4,70.4,57,36.4,44.8,64.7,1,3,51.32
Mumbai,2023-07-01,20.2,69.0,43,26.7,38.3,63.7,0,2,34.75
Mumbai,2023-07-02,22.6,67.1,39,30.3,55.7,57.1,0,2,37.22
Mumbai,2023-07-03,16.8,55.5,82,25.6,68.9,64.7,1,5,53.22
Mumbai,2023-07-04,24.0,72.8,20,40.8,75.4,62.6,1,1,52.35
Mumbai,2023-07-05,37.0,62.3,28,25.4,36.3,69.7,1,3,47.78
Mumbai,2023-07-06,31.8,63.2,30,18.4,45.5,68.0,1,3,45.46
Mumbai,2023-07-07,5.1,62.5,22,31.6,79.0,60.9,1,5,58.62
Mumbai,2023-07-08,23.9,54.9,78,15.0,81.6,60.0,0,1,39.06
Mumbai,2023-07-09,20.4,77.1,20,34.0,35.3,64.6,0,1,35.08
Mumbai,2023-07-10,31.5,62.9,61,37.5,45.6,58.6,1,3,50.56
Mumbai,2023-07-11,21.8,58.2,61,31.0,62.0,64.0,1,1,47.11
Mumbai,2023-07-12,23.8,63.9,20,45.4,32.1,73.0,1,1,45.86
Mumbai,2023-07-13,35.0,41.1,40,41.6,55.7,67.8,1,4,54.32
Mumbai,2023-07-14,16.3,55.7,30,34.8,49.0,64.9,1,1,46.13
Mumbai,2023-07-15,27.0,65.6,64,28.2,80.2,69.5,0,4,48.24
Mumbai,2023-07-16,26.7,44.4,20,28.5,64.0,63.0,0,3,38.65
Mumbai,2023-07-17,-1.7,73.4,41,23.9,77.4,68.8,1,3,60.62
Mumbai,2023-07-18,5.4,61.1,20,33.2,77.9,66.2,1,0,55.24
Mumbai,2023-07-19,16.6,59.5,63,30.1,57.9,66.8,1,2,49.69
Mumbai,2023-07-20,34.8,64.3,41,32.7,77.9,70.2,1,4,59.01
Mumbai,2023-07-21,2.0,40.8,68,34.1,70.0,63.7,1,1,56.07
Mumbai,2023-07-22,16.4,68.7,56,23.3,76.9,66.6,0,3,45.06
Mumbai,2023-07-23,1.3,68.4,42,29.7,62.1,68.0,0,2,48.59
Mumbai,2023-07-24,12.7,66.7,52,30.0,71.0,60.5,1,3,53.71
Mumbai,2023-07-25,25.1,44.0,57,34.7,83.1,60.2,1,1,51.23
Mumbai,2023-07-26,6.1,65.9,20,28.8,62.6,62.8,1,1,51.38
Mumbai,2023-07-27,13.0,81.8,31,26.6,52.3,71.1,1,1,49.6
Mumbai,2023-07-28,21.9,75.5,55,37.9,89.8,59.7,1,1,55.18
Mumbai,2023-07-29,13.5,66.6,21,29.6,84.5,70.0,0,3,48.12
Mumbai,2023-07-30,18.1,58.8,54,22.6,68.6,68.0,0,2,40.8
Mumbai,2023-07-31,19.8,57.7,21,37.8,76.1,67.8,1,2,52.07
Mumbai,2023-08-01,27.6,69.6,59,30.3,41.1,68.5,1,0,45.87
Mumbai,2023-08-02,33.5,77.2,20,40.0,70.8,71.4,1,1,57.05
Mumbai,2023-08-03,-0.8,72.1,49,34.5,48.4,67.4,1,2,56.66
Mumbai,2023-08-04,25.2,70.1,30,35.2,100.0,67.6,1,2,58.16
Mumbai,2023-08-05,31.1,57.9,55,29.6,85.0,63.0,0,4,48.84
Mumbai,2023-08-06,23.6,44.0,49,15.0,44.9,64.5,0,1,29.83
Mumbai,2023-08-07,5.8,57.1,40,30.2,50.8,66.6,1,3,52.02
Mumbai,2023-08-08,11.7,75.7,66,46.4,72.5,60.7,1,2,59.82
Mumbai,2023-08-09,16.6,70.2,45,30.2,86.9,64.6,1,3,56.11
Mumbai,2023-08-10,28.3,72.0,44,28.0,86.1,72.9,1,0,54.8
Mumbai,2023-08-11,12.3,61.2,20,31.4,46.1,61.1,1,3,47.21
Mumbai,2023-08-12,24.6,72.0,63,39.2,70.3,65.2,0,3,47.37
Mumbai,2023-08-13,6.6,71.2,47,24.0,63.8,65.4,0,6,48.65
Mumbai,2023-08-14,37.5,66.1,72,31.1,60.0,60.5,1,0,52.76
Mumbai,2023-08-15,29.2,72.7,49,32.0,62.9,67.3,1,1,51.82
Mumbai,2023-08-16,29.1,65.1,49,22.0,52.4,73.0,1,2,47.95
Mumbai,2023-08-17,25.1,80.1,42,31.3,59.6,67.6,1,2,50.57
Mumbai,2023-08-18,33.0,64.9,50,26.1,62.6,63.5,1,1,50.22
Mumbai,2023-08-19,7.1,67.0,62,28.1,72.5,64.6,0,5,50.66
Mumbai,2023-08-20,21.0,59.3,52,21.1,50.3,62.6,0,1,33.76
Mumbai,2023-08-21,6.1,69.4,56,15.0,79.0,60.8,1,1,52.67
Mumbai,2023-08-22,16.9,54.7,29,30.0,59.7,63.2,1,2,47.09
Mumbai,2023-08-23,27.9,64.9,26,31.4,70.2,64.5,1,4,52.66
Mumbai,2023-08-24,35.3,70.0,20,35.0,61.7,70.1,1,2,54.4
Mumbai,2023-08-25,22.6,66.8,48,17.8,56.2,71.0,1,1,43.92
Mumbai,2023-08-26,36.0,84.2,69,30.5,72.9,61.7,0,1,49.29
Mumbai,2023-08-27,25.7,95.0,39,39.2,83.1,67.7,0,7,55.23
Mumbai,2023-08-28,19.3,58.2,71,32.8,82.5,67.2,1,6,57.96
Mumbai,2023-08-29,20.8,70.7,52,16.8,52.6,67.5,1,4,45.62
Mumbai,2023-08-30,23.0,53.7,36,28.6,72.7,66.3,1,0,46.77
Mumbai,2023-08-31,21.7,57.9,20,38.1,89.3,67.1,1,1,53.01
Mumbai,2023-09-01,21.9,60.3,71,44.0,68.2,72.5,1,2,54.99
Mumbai,2023-09-02,27.3,82.7,70,41.7,54.3,66.9,0,2,46.85
Mumbai,2023-09-03,24.2,71.2,76,15.0,90.3,55.5,0,3,43.34
Mumbai,2023-09-04,15.1,77.9,20,35.1,78.0,57.7,1,1,52.9
Mumbai,2023-09-05,7.0,74.6,51,36.1,76.7,67.1,1,1,59.07
Mumbai,2023-09-06,28.0,61.7,45,38.8,82.4,75.4,1,0,56.42
Mumbai,2023-09-07,15.6,65.4,31,30.5,37.0,63.9,1,4,46.13
Mumbai,2023-09-08,11.3,56.0,54,36.5,52.2,65.5,1,2,51.39
Mumbai,2023-09-09,15.1,75.7,62,28.2,84.4,71.7,0,6,52.85
Mumbai,2023-09-10,12.2,30.0,37,36.6,39.3,69.7,0,2,37.77
Mumbai,2023-09-11,19.1,57.5,55,44.4,75.6,63.2,1,0,53.3
Mumbai,2023-09-12,28.1,81.2,44,38.5,57.1,69.0,1,2,53.74
Mumbai,2023-09-13,7.3,56.8,50,28.2,48.7,63.0,1,6,52.8
Mumbai,2023-09-14,13.9,74.7,28,32.0,52.0,60.1,1,1,47.89
Mumbai,2023-09-15,21.2,57.0,95,28.8,45.8,55.1,1,3,45.21
Mumbai,2023-09-16,14.4,73.3,83,23.9,76.0,66.2,0,1,45.96
Mumbai,2023-09-17,11.2,68.1,50,35.9,68.0,61.0,0,0,45.0
Mumbai,2023-09-18,16.8,69.7,32,33.4,76.6,65.8,1,0,51.92
Mumbai,2023-09-19,27.8,58.0,85,26.9,73.3,69.0,1,2,53.35
Mumbai,2023-09-20,19.3,66.7,34,18.8,52.6,72.9,1,1,43.9
Mumbai,2023-09-21,12.4,58.7,45,30.9,57.0,69.8,1,2,50.97
Mumbai,2023-09-22,30.3,61.9,22,30.0,70.8,65.8,1,2,51.4
Mumbai,2023-09-23,14.5,62.9,20,18.9,46.5,57.0,0,2,33.56
Mumbai,2023-09-24,16.0,86.4,51,26.8,64.1,69.8,0,9,50.71
Mumbai,2023-09-25,22.8,58.4,64,35.7,57.0,64.1,1,2,48.66
Mumbai,2023-09-26,24.4,62.8,40,40.4,70.5,65.2,1,1,51.91
Mumbai,2023-09-27,25.5,63.7,38,43.9,77.0,67.1,1,4,57.44
Mumbai,2023-09-28,20.4,62.3,44,22.0,55.3,59.1,1,1,42.54
Mumbai,2023-09-29,10.8,66.2,81,39.4,68.8,63.2,1,2,57.7
Mumbai,2023-09-30,38.2,64.5,43,37.7,85.6,72.8,0,4,55.87
Mumbai,2023-10-01,0.8,79.5,20,17.2,69.3,68.9,0,3,47.72
Mumbai,2023-10-02,17.5,50.9,83,25.3,56.2,70.9,1,2,48.49
Mumbai,2023-10-03,22.7,74.9,21,34.0,79.7,63.8,1,3,53.04
Mumbai,2023-10-04,13.7,57.2,36,29.3,59.0,51.5,1,2,46.6
Mumbai,2023-10-05,25.6,63.8,27,22.8,69.5,68.0,1,2,48.1
Mumbai,2023-10-06,28.6,66.2,34,34.8,29.6,69.9,1,1,44.73
Mumbai,2023-10-07,20.4,68.4,49,24.2,56.5,62.0,0,3,38.43
Mumbai,2023-10-08,31.9,54.0,56,20.2,64.4,69.0,0,3,42.37
Mumbai,2023-10-09,21.6,89.5,88,36.6,56.2,66.8,1,1,52.59
Mumbai,2023-10-10,29.2,73.8,53,27.1,39.2,65.5,1,1,45.7
Mumbai,2023-10-11,25.0,89.0,40,32.6,49.5,61.8,1,2,48.65
Mumbai,2023-10-12,22.0,51.5,24,37.4,47.8,63.1,1,0,42.49
Mumbai,2023-10-13,13.6,72.9,20,25.4,59.5,77.0,1,4,52.53
Mumbai,2023-10-14,20.9,75.1,52,36.4,52.0,56.9,0,0,38.17
Mumbai,2023-10-15,18.4,81.0,40,32.9,25.6,65.4,0,5,38.56
Mumbai,2023-10-16,14.8,65.8,20,33.7,84.4,72.8,1,2,56.2
Mumbai,2023-10-17,34.1,44.5,43,27.6,57.1,53.7,1,2,46.71
Mumbai,2023-10-18,24.1,77.8,59,33.1,100.0,58.9,1,3,58.69
Mumbai,2023-10-19,11.6,65.5,35,46.7,81.7,67.5,1,2,60.35
Mumbai,2023-10-20,12.2,55.5,20,32.5,70.4,59.1,1,1,49.82
Mumbai,2023-10-21,14.4,71.2,31,42.8,39.5,65.3,0,2,41.73
Mumbai,2023-10-22,28.8,59.4,66,18.9,72.3,70.2,0,1,41.93
Mumbai,2023-10-23,19.3,75.7,36,31.6,23.7,63.5,1,3,42.65
Mumbai,2023-10-24,1.2,66.8,49,16.0,43.2,76.8,1,2,50.77
Mumbai,2023-10-25,25.3,67.8,20,42.3,76.8,63.7,1,3,54.95
Mumbai,2023-10-26,20.1,59.2,58,31.9,84.9,70.1,1,2,54.5
Mumbai,2023-10-27,28.6,71.6,47,42.8,42.7,63.5,1,0,48.81
Mumbai,2023-10-28,19.2,59.2,41,19.8,89.9,69.9,0,5,46.11
Mumbai,2023-10-29,28.9,83.2,59,35.6,89.3,60.4,0,5,53.61
Mumbai,2023-10-30,21.6,67.4,59,34.6,68.8,66.1,1,2,51.57
Mumbai,2023-10-31,16.0,59.0,20,31.1,44.7,64.6,1,0,43.29
Mumbai,2023-11-01,10.9,66.0,32,37.9,75.9,61.8,1,1,55.11
Mumbai,2023-11-02,19.3,53.1,27,32.4,77.2,64.7,1,2,50.27
Mumbai,2023-11-03,13.1,66.8,30,27.0,55.6,62.8,1,4,49.79
Mumbai,2023-11-04,27.1,59.8,47,26.6,66.3,61.0,0,2,40.5
Mumbai,2023-11-05,17.7,44.0,38,22.8,29.7,67.1,0,4,32.46
Mumbai,2023-11-06,30.5,57.8,33,35.1,56.9,71.1,1,1,50.32
Mumbai,2023-11-07,32.5,62.9,20,50.4,65.7,64.3,1,1,55.8
Mumbai,2023-11-08,22.0,84.4,38,38.6,100.0,68.4,1,5,62.34
Mumbai,2023-11-09,22.7,62.1,20,37.2,60.8,64.7,1,2,48.07
Mumbai,2023-11-10,13.8,68.2,20,34.3,71.3,63.6,1,3,53.61
Mumbai,2023-11-11,19.3,59.4,20,36.2,66.2,69.1,0,3,43.02
Mumbai,2023-11-12,16.6,55.1,28,39.4,77.1,66.6,0,4,47.52
Mumbai,2023-11-13,6.6,59.0,41,33.5,46.5,70.3,1,3,52.67
Mumbai,2023-11-14,33.9,58.7,45,23.9,56.9,63.8,1,6,52.14
Mumbai,2023-11-15,22.9,61.2,39,35.1,69.1,66.6,1,2,50.45
Mumbai,2023-11-16,25.3,57.8,49,30.5,67.9,68.5,1,1,49.58
Mumbai,2023-11-17,25.6,60.8,22,15.9,61.2,71.9,1,1,43.8
Mumbai,2023-11-18,16.8,66.7,48,42.5,33.8,70.7,0,5,43.35
Mumbai,2023-11-19,31.7,82.4,66,47.2,62.1,61.6,0,4,52.19
Mumbai,2023-11-20,15.0,72.3,43,27.0,51.4,69.1,1,0,47.19
Mumbai,2023-11-21,10.8,66.7,54,23.8,73.3,66.7,1,1,52.77
Mumbai,2023-11-22,21.2,65.5,20,34.7,68.1,69.9,1,2,50.15
Mumbai,2023-11-23,21.9,73.3,20,31.3,60.1,63.6,1,1,46.12
Mumbai,2023-11-24,21.1,57.6,23,30.5,52.7,65.6,1,3,45.4
Mumbai,2023-11-25,26.0,64.6,49,34.5,73.4,68.5,0,5,48.04
Mumbai,2023-11-26,11.5,65.1,26,32.8,20.0,67.4,0,1,34.9
Mumbai,2023-11-27,27.2,81.8,20,25.7,42.2,57.1,1,0,41.91
Mumbai,2023-11-28,23.2,65.3,26,22.2,72.8,64.1,1,4,48.68
Mumbai,2023-11-29,28.5,73.7,27,37.3,83.2,70.1,1,0,55.76
Mumbai,2023-11-30,14.7,63.7,40,48.1,78.6,65.5,1,2,58.61
Mumbai,2023-12-01,32.3,78.6,52,24.5,66.6,63.8,1,2,52.65
Mumbai,2023-12-02,14.0,39.3,50,29.6,75.8,70.0,0,1,43.19
Mumbai,2023-12-03,12.8,60.9,69,15.9,58.4,66.0,0,1,38.82
Mumbai,2023-12-04,30.6,75.3,20,37.9,67.4,69.8,1,2,55.0
Mumbai,2023-12-05,23.3,51.5,29,49.6,55.3,71.9,1,0,49.64
Mumbai,2023-12-06,21.8,64.2,29,39.5,74.6,63.1,1,1,50.81
Mumbai,2023-12-07,-1.7,67.8,77,26.0,61.6,61.7,1,2,57.23
Mumbai,2023-12-08,12.0,63.6,23,30.7,78.5,54.9,1,3,52.99
Mumbai,2023-12-09,10.9,90.6,31,38.9,86.1,71.0,0,4,55.93
Mumbai,2023-12-10,26.0,51.2,54,25.9,47.6,62.8,0,2,35.9
Mumbai,2023-12-11,19.5,68.9,40,23.8,59.9,63.3,1,2,46.36
Mumbai,2023-12-12,24.2,53.4,58,21.5,50.3,63.8,1,1,42.26
Mumbai,2023-12-13,9.1,49.0,58,31.0,89.8,65.8,1,0,56.16
Mumbai,2023-12-14,25.0,58.6,33,31.6,49.3,61.5,1,2,44.94
Mumbai,2023-12-15,15.6,68.5,52,34.3,62.4,63.8,1,2,51.98
Mumbai,2023-12-16,25.5,51.0,50,22.5,90.7,64.5,0,3,44.3
Mumbai,2023-12-17,21.7,81.7,35,37.9,55.1,67.1,0,3,42.92
Mumbai,2023-12-18,27.6,70.1,49,36.5,79.3,66.5,1,3,57.01
Mumbai,2023-12-19,16.8,78.5,38,35.1,96.9,71.0,1,2,60.15
Mumbai,2023-12-20,4.8,80.0,20,33.6,77.7,69.7,1,2,59.75
Mumbai,2023-12-21,16.7,56.6,25,30.3,42.0,67.9,1,1,43.66
Mumbai,2023-12-22,23.2,71.4,76,33.6,49.3,63.9,1,0,46.92
Mumbai,2023-12-23,5.6,69.2,51,28.4,76.0,67.5,0,2,49.7
Mumbai,2023-12-24,8.8,54.3,41,20.2,67.7,58.9,0,4,42.67
Mumbai,2023-12-25,19.5,69.8,65,19.0,60.1,70.2,1,0,45.96
Mumbai,2023-12-26,15.2,63.5,70,28.0,92.3,60.9,1,2,56.22
Mumbai,2023-12-27,20.7,59.4,45,27.2,92.8,60.4,1,1,51.35
Mumbai,2023-12-28,25.6,65.3,58,37.8,82.1,64.1,1,3,56.59
Mumbai,2023-12-29,17.6,50.2,49,29.9,77.0,65.8,1,5,53.74
Mumbai,2023-12-30,10.8,66.4,65,25.9,74.3,67.5,0,5,49.54
Mumbai,2023-12-31,28.8,66.2,78,26.6,66.2,70.6,0,1,44.15
Mumbai,2024-01-01,23.7,68.5,51,15.9,62.6,67.5,1,0,43.96
Mumbai,2024-01-02,28.4,70.9,47,44.3,55.1,60.4,1,5,55.14
Mumbai,2024-01-03,32.5,79.8,31,24.7,30.5,62.7,1,4,46.1
Mumbai,2024-01-04,8.3,53.0,21,23.6,76.8,76.6,1,2,53.98
Mumbai,2024-01-05,20.4,52.1,21,27.2,64.4,75.8,1,1,46.59
Mumbai,2024-01-06,12.6,77.0,31,44.4,70.0,74.0,0,0,49.41
Mumbai,2024-01-07,28.0,71.0,20,35.0,80.1,71.5,0,3,48.36
Mumbai,2024-01-08,20.8,61.7,26,21.5,58.2,63.4,1,1,42.61
Mumbai,2024-01-09,19.6,65.8,23,34.5,55.1,73.4,1,2,48.91
Mumbai,2024-01-10,15.0,71.4,75,40.1,77.0,74.1,1,4,61.64
Mumbai,2024-01-11,14.8,62.8,35,26.6,82.3,70.5,1,3,54.71
Mumbai,2024-01-12,30.7,60.1,31,37.9,64.6,72.2,1,1,53.07
Mumbai,2024-01-13,22.6,64.2,69,31.3,75.3,65.6,0,7,48.34
Mumbai,2024-01-14,19.0,65.5,42,17.1,80.1,65.7,0,2,40.93
Mumbai,2024-01-15,19.7,60.1,63,43.5,49.2,68.2,1,2,50.72
Mumbai,2024-01-16,22.8,56.2,20,30.7,51.0,62.3,1,1,42.5
Mumbai,2024-01-17,25.1,79.6,20,26.7,74.0,66.2,1,3,51.63
Mumbai,2024-01-18,21.1,59.9,33,19.5,86.4,65.5,1,2,48.95
Mumbai,2024-01-19,23.9,60.3,48,19.9,55.6,60.7,1,3,44.09
Mumbai,2024-01-20,20.6,51.7,43,36.3,82.5,74.7,0,5,48.81
Mumbai,2024-01-21,15.3,65.4,65,27.0,60.6,70.7,0,3,44.09
Mumbai,2024-01-22,17.4,56.8,85,39.7,27.0,71.5,1,2,47.5
Mumbai,2024-01-23,22.2,55.9,65,26.7,50.7,66.6,1,2,44.88
Mumbai,2024-01-24,17.4,67.3,20,37.5,66.3,64.2,1,1,50.39
Mumbai,2024-01-25,18.7,63.4,20,49.2,49.5,71.8,1,2,51.61
Mumbai,2024-01-26,6.7,74.6,28,32.8,40.6,59.3,1,3,50.24
Mumbai,2024-01-27,12.2,79.3,20,32.5,34.4,76.7,0,3,41.77
Mumbai,2024-01-28,11.5,66.2,30,52.4,50.5,60.5,0,0,44.69
Mumbai,2024-01-29,20.6,61.4,50,45.0,50.5,69.9,1,1,50.0
Mumbai,2024-01-30,19.2,80.2,41,30.9,80.4,68.4,1,1,53.78
Mumbai,2024-01-31,24.9,77.5,47,43.1,42.6,65.0,1,0,48.24
Mumbai,2024-02-01,28.8,64.2,46,34.9,66.6,70.2,1,5,56.0
Mumbai,2024-02-02,9.8,86.3,20,25.4,75.1,77.2,1,6,60.23
Mumbai,2024-02-03,21.5,73.4,44,47.1,66.4,53.6,0,0,42.55
Mumbai,2024-02-04,16.2,69.1,30,29.0,58.8,68.0,0,3,42.05
Mumbai,2024-02-05,26.0,73.4,30,26.4,55.6,59.0,1,1,45.13
Mumbai,2024-02-06,9.3,63.2,24,23.9,60.3,74.6,1,2,51.15
Mumbai,2024-02-07,14.7,74.0,20,32.0,54.2,69.6,1,4,51.68
Mumbai,2024-02-08,2.8,74.4,44,20.4,58.8,77.9,1,2,55.18
Mumbai,2024-02-09,23.1,51.8,46,32.5,79.8,70.4,1,1,51.19
Mumbai,2024-02-10,27.0,58.6,20,31.1,43.4,62.7,0,2,35.89
Mumbai,2024-02-11,20.7,67.7,31,36.3,67.6,63.1,0,6,45.57
Mumbai,2024-02-12,15.3,56.6,43,21.4,57.9,63.9,1,1,45.15
Mumbai,2024-02-13,7.0,69.8,46,21.5,70.3,64.4,1,1,52.56
Mumbai,2024-02-14,19.9,78.4,28,34.4,88.0,66.5,1,1,54.82
Mumbai,2024-02-15,31.0,78.3,32,24.8,76.4,61.7,1,2,52.78
Mumbai,2024-02-16,25.6,71.6,34,24.7,37.5,69.9,1,0,42.03
Mumbai,2024-02-17,9.0,60.5,34,24.6,56.3,64.6,0,2,41.12
Mumbai,2024-02-18,2.2,49.4,22,43.7,78.5,66.1,0,1,51.31
Mumbai,2024-02-19,26.8,73.6,20,19.6,54.9,65.0,1,3,45.66
Mumbai,2024-02-20,22.1,75.3,29,23.1,97.5,62.3,1,1,51.78
Mumbai,2024-02-21,26.1,72.7,35,39.7,100.0,62.7,1,2,59.45
Mumbai,2024-02-22,16.4,77.4,20,36.2,43.5,71.6,1,3,49.89
Mumbai,2024-02-23,22.1,70.7,65,45.0,61.3,66.8,1,3,54.4
Mumbai,2024-02-24,8.9,72.3,76,27.1,73.8,63.6,0,1,47.67
Mumbai,2024-02-25,15.7,63.5,48,43.1,52.7,73.3,0,2,45.4
Mumbai,2024-02-26,16.5,70.7,67,25.4,63.5,67.0,1,1,50.1
Mumbai,2024-02-27,13.0,65.1,46,29.1,72.9,65.1,1,3,54.06
Mumbai,2024-02-28,34.6,46.1,33,20.2,92.9,72.4,1,5,57.46
Mumbai,2024-02-29,10.4,82.3,56,41.5,48.3,67.5,1,1,54.62
Mumbai,2024-03-01,31.3,63.6,34,34.5,93.9,68.7,1,2,58.95
Mumbai,2024-03-02,41.0,62.0,52,30.4,74.8,68.6,0,2,50.63
Mumbai,2024-03-03,24.7,78.7,66,30.5,77.2,66.5,0,6,49.9
Mumbai,2024-03-04,23.4,67.2,44,24.9,60.9,63.8,1,4,48.22
Mumbai,2024-03-05,27.0,56.2,63,26.7,54.5,71.1,1,0,46.68
Mumbai,2024-03-06,16.3,76.1,24,38.6,78.6,65.3,1,0,54.06
Mumbai,2024-03-07,20.6,59.7,48,46.1,46.8,59.0,1,1,47.38
Mumbai,2024-03-08,20.0,81.2,78,26.9,51.0,61.4,1,0,46.39
Mumbai,2024-03-09,19.6,69.7,78,36.0,100.0,69.2,0,2,52.76
Mumbai,2024-03-10,3.1,71.1,20,45.0,65.2,64.6,0,2,51.26
Mumbai,2024-03-11,17.2,45.4,20,36.1,85.0,66.8,1,2,52.93
Mumbai,2024-03-12,33.9,81.1,54,27.7,85.7,64.3,1,2,58.43
Mumbai,2024-03-13,11.5,61.4,62,36.6,100.0,60.3,1,2,60.97
Mumbai,2024-03-14,22.7,70.2,42,33.5,65.2,60.0,1,3,49.87
Mumbai,2024-03-15,30.3,62.0,77,42.9,53.7,63.3,1,1,53.07
Mumbai,2024-03-16,12.6,43.1,55,36.9,41.6,58.4,0,3,39.26
Mumbai,2024-03-17,14.7,66.1,66,43.1,50.7,71.6,0,3,47.13
Mumbai,2024-03-18,21.8,77.6,38,39.8,53.2,66.7,1,2,49.92
Mumbai,2024-03-19,28.0,61.8,20,26.6,24.0,57.1,1,5,41.0
Mumbai,2024-03-20,24.6,68.4,42,38.7,43.9,70.8,1,1,47.85
Mumbai,2024-03-21,31.4,50.8,54,22.7,86.2,75.1,1,3,55.87
Mumbai,2024-03-22,20.0,68.4,33,27.2,53.6,66.2,1,2,45.95
Mumbai,2024-03-23,5.3,46.2,39,34.2,83.9,68.4,0,1,49.46
Mumbai,2024-03-24,24.2,71.7,34,36.6,62.4,62.2,0,3,42.9
Mumbai,2024-03-25,21.0,75.3,31,38.9,79.3,67.5,1,3,55.55
Mumbai,2024-03-26,31.5,71.5,20,36.3,86.3,53.0,1,0,53.62
Mumbai,2024-03-27,27.6,58.6,33,38.4,83.6,64.9,1,2,55.32
Mumbai,2024-03-28,20.2,66.4,37,28.7,61.3,65.9,1,0,46.08
Mumbai,2024-03-29,15.1,48.1,44,36.7,60.8,68.2,1,3,51.66
Mumbai,2024-03-30,35.1,74.6,76,37.1,71.8,62.2,0,2,50.84
Mumbai,2024-03-31,23.2,65.9,48,29.7,45.2,73.2,0,3,39.2
Mumbai,2024-04-01,23.6,71.3,70,39.0,42.0,72.0,1,4,51.59
Mumbai,2024-04-02,20.9,43.1,20,15.0,79.5,67.9,1,1,43.63
Mumbai,2024-04-03,17.9,59.2,59,36.3,42.0,61.3,1,0,44.86
Mumbai,2024-04-04,17.1,62.6,64,21.5,59.3,62.0,1,2,46.87
Mumbai,2024-04-05,32.4,64.8,35,34.4,81.4,56.5,1,1,54.04
Mumbai,2024-04-06,10.5,58.2,20,23.7,52.7,74.1,0,3,41.13
Mumbai,2024-04-07,13.7,58.3,75,21.2,96.2,59.8,0,5,49.76
Mumbai,2024-04-08,23.1,50.6,31,38.6,54.7,62.5,1,2,46.45
Mumbai,2024-04-09,30.5,68.0,20,31.1,81.5,57.6,1,4,54.65
Mumbai,2024-04-10,17.6,42.5,44,18.5,69.1,58.0,1,3,44.94
Mumbai,2024-04-11,10.4,53.2,29,30.2,60.4,67.3,1,5,52.9
Mumbai,2024-04-12,13.7,51.1,26,30.8,68.5,76.0,1,1,51.27
Mumbai,2024-04-13,17.3,76.2,20,36.8,56.4,70.5,0,3,43.92
Mumbai,2024-04-14,3.4,80.0,36,41.0,63.8,70.9,0,2,52.62
Mumbai,2024-04-15,2.3,86.2,44,35.6,66.6,70.2,1,2,60.98
Mumbai,2024-04-16,10.2,67.8,20,39.2,75.9,64.7,1,2,56.65
Mumbai,2024-04-17,23.7,60.2,20,41.3,54.8,57.4,1,1,46.12
Mumbai,2024-04-18,26.4,59.5,44,31.4,60.8,62.3,1,2,48.52
Mumbai,2024-04-19,13.2,64.5,51,26.7,65.6,64.2,1,0,49.43
Mumbai,2024-04-20,24.1,70.2,63,37.5,58.8,78.9,0,3,46.62
Mumbai,2024-04-21,22.3,57.6,27,28.6,83.2,60.4,0,2,41.14
Mumbai,2024-04-22,22.9,55.0,30,26.6,66.6,58.8,1,2,45.08
Mumbai,2024-04-23,10.4,65.3,80,16.2,69.9,67.4,1,0,50.56
Mumbai,2024-04-24,13.6,81.9,20,30.8,71.5,64.5,1,0,51.77
Mumbai,2024-04-25,32.1,59.3,20,35.8,75.6,63.2,1,2,53.87
Mumbai,2024-04-26,20.4,84.4,43,15.0,69.1,67.8,1,3,48.75
Mumbai,2024-04-27,21.9,68.4,36,29.1,54.2,64.0,0,3,38.39
Mumbai,2024-04-28,9.2,60.1,74,34.2,67.2,69.7,0,2,48.75
Mumbai,2024-04-29,28.3,62.7,20,28.0,62.6,69.8,1,0,47.38
Mumbai,2024-04-30,37.3,72.8,43,23.4,35.0,59.8,1,1,45.44
Mumbai,2024-05-01,8.0,63.4,20,34.1,77.5,74.3,1,1,56.87
Mumbai,2024-05-02,11.5,74.5,24,27.1,64.8,60.8,1,4,52.48
Mumbai,2024-05-03,27.2,92.9,42,26.9,30.0,65.6,1,1,44.39
Mumbai,2024-05-04,20.6,77.2,46,31.8,67.7,64.4,0,2,43.02
Mumbai,2024-05-05,15.4,77.6,37,35.6,68.6,61.1,0,2,45.33
Mumbai,2024-05-06,26.2,60.2,20,21.0,63.9,77.4,1,2,47.64
Mumbai,2024-05-07,25.8,56.7,20,34.7,55.4,61.8,1,2,46.48
Mumbai,2024-05-08,26.4,66.9,54,43.5,60.2,69.5,1,1,53.4
Mumbai,2024-05-09,15.8,66.5,62,24.0,82.6,65.0,1,0,51.89
Mumbai,2024-05-10,-0.1,66.4,26,25.6,49.4,69.1,1,2,52.64
Mumbai,2024-05-11,15.3,77.3,61,26.7,80.3,66.6,0,2,47.39
Mumbai,2024-05-12,25.5,71.9,40,34.9,58.2,62.3,0,3,42.41
Mumbai,2024-05-13,20.2,51.4,37,33.1,88.6,70.4,1,4,55.37
Mumbai,2024-05-14,11.7,76.8,58,28.4,63.8,65.5,1,1,52.75
Mumbai,2024-05-15,25.3,67.7,41,37.6,83.5,62.1,1,3,55.77
Mumbai,2024-05-16,26.9,48.4,26,20.4,86.4,72.8,1,3,51.42
Mumbai,2024-05-17,19.7,55.8,20,45.3,47.0,65.2,1,3,48.51
Mumbai,2024-05-18,5.2,66.5,32,46.1,69.5,69.0,0,2,52.53
Mumbai,2024-05-19,33.3,63.6,49,28.5,60.8,62.8,0,2,43.17
Mumbai,2024-05-20,11.4,62.4,49,38.1,34.7,66.3,1,2,48.9
Mumbai,2024-05-21,18.3,78.9,47,25.2,89.7,61.7,1,2,54.23
Mumbai,2024-05-22,17.8,72.3,65,28.1,69.0,75.6,1,2,53.82
Mumbai,2024-05-23,21.1,85.2,33,27.9,68.5,65.6,1,1,49.43
Mumbai,2024-05-24,23.3,63.4,20,26.3,46.9,65.6,1,3,43.64
Mumbai,2024-05-25,30.9,64.9,20,51.3,80.4,54.1,0,3,50.46
Mumbai,2024-05-26,20.3,68.8,42,27.3,46.1,63.9,0,2,36.41
Mumbai,2024-05-27,30.1,65.2,20,31.4,76.7,68.0,1,1,52.66
Mumbai,2024-05-28,22.0,70.7,39,22.8,63.2,64.3,1,4,47.71
Mumbai,2024-05-29,36.9,70.5,41,31.3,94.1,70.5,1,3,62.52
Mumbai,2024-05-30,25.6,57.9,33,26.8,46.9,66.3,1,2,44.1
Mumbai,2024-05-31,22.7,79.8,47,40.0,59.4,58.8,1,2,50.62
Mumbai,2024-06-01,34.5,46.1,24,28.9,67.2,66.9,0,4,44.4
Mumbai,2024-06-02,28.9,69.8,64,31.4,70.7,69.6,0,2,46.8
Mumbai,2024-06-03,25.4,57.9,66,15.0,69.3,75.9,1,3,49.44
Mumbai,2024-06-04,16.1,70.6,38,18.2,75.3,66.3,1,3,50.62
Mumbai,2024-06-05,16.5,55.8,20,30.6,67.8,70.2,1,4,51.57
Mumbai,2024-06-06,24.9,56.9,48,31.1,74.7,71.6,1,2,52.16
Mumbai,2024-06-07,7.5,67.8,27,22.7,70.1,71.3,1,1,52.71
Mumbai,2024-06-08,17.5,79.1,20,15.0,71.1,52.9,0,4,38.75
Mumbai,2024-06-09,29.0,69.1,20,44.9,63.6,62.2,0,1,44.7
Mumbai,2024-06-10,14.2,70.6,26,24.0,67.0,67.8,1,4,51.85
Mumbai,2024-06-11,36.7,67.3,24,35.9,67.7,67.1,1,2,55.89
Mumbai,2024-06-12,24.4,43.0,81,49.8,96.9,69.5,1,0,59.78
Mumbai,2024-06-13,19.3,53.6,44,45.9,69.5,66.4,1,2,53.75
Mumbai,2024-06-14,3.7,57.6,50,32.5,47.5,72.6,1,2,53.63
Mumbai,2024-06-15,12.8,52.9,49,42.6,50.5,63.5,0,1,42.41
Mumbai,2024-06-16,17.9,67.4,48,36.1,47.3,57.9,0,3,40.02
Mumbai,2024-06-17,16.3,54.2,42,33.7,77.4,61.9,1,3,53.11
Mumbai,2024-06-18,9.4,67.9,79,25.6,84.8,71.0,1,1,58.23
Mumbai,2024-06-19,20.5,61.0,32,44.6,53.9,68.2,1,1,49.35
Mumbai,2024-06-20,13.3,80.3,68,27.1,100.0,73.1,1,1,61.17
Mumbai,2024-06-21,17.9,58.3,54,33.6,72.9,68.8,1,0,51.23
Mumbai,2024-06-22,12.3,84.6,68,26.9,71.1,66.0,0,5,50.26
Mumbai,2024-06-23,30.4,67.4,44,36.1,73.5,59.8,0,3,47.07
Mumbai,2024-06-24,43.2,55.0,31,29.2,23.6,78.3,1,1,48.03
Mumbai,2024-06-25,23.1,65.3,44,33.8,44.5,65.8,1,4,47.42
Mumbai,2024-06-26,30.9,82.9,55,25.5,36.4,65.3,1,1,46.39
Mumbai,2024-06-27,2.8,48.1,51,33.6,57.9,58.1,1,1,52.08
Mumbai,2024-06-28,21.3,60.2,32,40.3,86.2,68.4,1,3,55.92
Mumbai,2024-06-29,19.1,59.0,43,37.7,68.8,54.9,0,7,45.97
Mumbai,2024-06-30,18.4,67.7,59,35.6,51.5,64.7,0,1,40.65
Mumbai,2024-07-01,30.3,75.4,59,20.7,58.5,53.2,1,0,45.68
Mumbai,2024-07-02,29.4,68.2,73,26.6,66.5,60.1,1,4,53.08
Mumbai,2024-07-03,33.9,63.7,37,31.8,100.0,63.3,1,3,60.54
Mumbai,2024-07-04,16.1,64.7,20,25.1,52.8,60.3,1,1,43.84
Mumbai,2024-07-05,26.2,74.2,55,28.8,54.3,67.4,1,1,48.46
Mumbai,2024-07-06,33.4,45.3,70,23.2,57.8,66.9,0,5,43.54
Mumbai,2024-07-07,36.5,69.5,54,32.8,85.0,64.0,0,4,53.2
Mumbai,2024-07-08,34.1,50.4,65,20.9,68.6,56.8,1,4,51.04
Mumbai,2024-07-09,39.3,51.1,49,29.8,74.4,65.5,1,4,57.56
Mumbai,2024-07-10,26.7,67.6,20,15.0,56.0,70.7,1,2,44.13
Mumbai,2024-07-11,9.1,74.6,57,45.8,75.4,73.8,1,4,64.66
Mumbai,2024-07-12,21.0,70.6,38,24.1,64.9,61.8,1,1,45.82
Mumbai,2024-07-13,18.9,66.3,32,34.0,63.6,64.3,0,5,44.12
Mumbai,2024-07-14,25.9,54.5,45,30.5,75.4,62.9,0,3,43.43
Mumbai,2024-07-15,16.7,76.2,35,30.0,59.2,60.9,1,2,49.15
Mumbai,2024-07-16,12.8,55.2,20,21.9,67.8,62.6,1,0,45.87
Mumbai,2024-07-17,18.8,57.8,46,30.9,75.8,59.4,1,2,50.28
Mumbai,2024-07-18,13.7,68.9,74,30.7,57.7,66.4,1,1,51.53
Mumbai,2024-07-19,19.3,67.9,20,31.4,73.7,65.8,1,3,51.45
Mumbai,2024-07-20,26.8,78.1,47,16.2,82.4,67.6,0,4,45.3
Mumbai,2024-07-21,17.7,82.1,41,38.9,62.9,64.5,0,0,43.79
Mumbai,2024-07-22,24.0,67.1,62,20.8,40.0,64.9,1,2,42.54
Mumbai,2024-07-23,14.6,70.8,20,29.5,76.7,60.3,1,3,52.72
Mumbai,2024-07-24,19.4,55.8,77,34.4,63.4,65.8,1,0,49.35
Mumbai,2024-07-25,18.5,69.8,20,33.4,80.7,65.4,1,4,54.66
Mumbai,2024-07-26,23.3,81.5,54,21.9,54.1,66.6,1,2,46.7
Mumbai,2024-07-27,18.2,68.9,86,41.3,40.8,66.0,0,3,43.48
Mumbai,2024-07-28,18.6,63.4,77,39.4,61.8,67.9,0,4,47.16
Mumbai,2024-07-29,7.5,55.8,38,25.8,46.2,67.7,1,4,49.95
Mumbai,2024-07-30,23.7,61.0,54,37.2,53.0,59.8,1,1,46.81
Mumbai,2024-07-31,14.5,70.7,53,32.7,79.3,65.8,1,2,56.0
Mumbai,2024-08-01,32.1,53.7,68,23.4,53.4,58.3,1,1,46.14
Mumbai,2024-08-02,25.5,74.3,20,17.4,69.0,68.5,1,3,48.08
Mumbai,2024-08-03,20.8,50.3,23,30.1,61.0,65.9,0,1,36.69
Mumbai,2024-08-04,22.3,50.5,44,20.6,63.3,69.0,0,2,36.57
Mumbai,2024-08-05,9.1,49.9,41,36.0,64.2,71.9,1,3,55.3
Mumbai,2024-08-06,20.1,72.1,46,34.0,55.3,68.7,1,0,47.9
Mumbai,2024-08-07,19.5,55.0,50,23.5,68.5,71.7,1,3,49.39
Mumbai,2024-08-08,17.0,65.3,45,27.8,54.7,68.1,1,4,49.79
Mumbai,2024-08-09,5.1,46.5,20,31.5,52.0,71.3,1,1,49.98
Mumbai,2024-08-10,13.9,61.2,64,27.4,65.2,70.9,0,5,46.92
Mumbai,2024-08-11,21.8,69.3,20,21.0,57.6,65.8,0,4,37.33
Mumbai,2024-08-12,26.9,62.4,46,36.0,64.2,62.4,1,0,49.39
Mumbai,2024-08-13,22.3,95.0,20,23.7,46.4,67.5,1,0,43.4
Mumbai,2024-08-14,25.2,71.5,67,33.3,61.6,66.0,1,1,50.85
Mumbai,2024-08-15,17.0,69.9,41,27.4,66.3,62.3,1,0,47.91
Mumbai,2024-08-16,13.7,68.4,20,34.0,75.4,68.9,1,2,54.53
Mumbai,2024-08-17,20.5,60.2,20,31.4,32.0,76.9,0,2,34.97
Mumbai,2024-08-18,33.2,40.9,36,41.3,77.6,61.8,0,6,50.29
Mumbai,2024-08-19,33.3,67.3,72,40.3,88.9,69.1,1,0,61.01
Mumbai,2024-08-20,18.9,48.4,23,39.9,75.0,70.9,1,0,50.84
Mumbai,2024-08-21,16.5,58.7,37,36.9,57.5,66.2,1,5,52.53
Mumbai,2024-08-22,9.4,73.6,68,19.0,55.4,67.2,1,3,51.59
Mumbai,2024-08-23,32.8,73.4,55,31.0,64.3,70.4,1,2,54.99
Mumbai,2024-08-24,12.6,52.0,70,22.2,59.6,68.4,0,3,42.11
Mumbai,2024-08-25,18.7,60.7,64,27.1,84.8,79.4,0,9,53.61
Mumbai,2024-08-26,9.9,76.0,35,36.3,68.0,69.6,1,4,58.53
Mumbai,2024-08-27,17.5,66.6,20,34.7,44.3,63.1,1,4,47.45
Mumbai,2024-08-28,23.0,53.8,48,35.4,48.8,59.1,1,0,43.2
Mumbai,2024-08-29,14.1,52.3,20,15.0,63.1,71.0,1,1,44.52
Mumbai,2024-08-30,16.0,52.1,26,28.6,53.9,70.7,1,2,46.79
Mumbai,2024-08-31,18.9,70.7,22,26.5,70.8,65.9,0,2,41.2
Mumbai,2024-09-01,12.3,57.5,41,26.7,65.1,60.4,0,4,43.13
Mumbai,2024-09-02,17.8,57.8,74,41.6,82.2,75.5,1,4,60.86
Mumbai,2024-09-03,32.5,68.8,53,37.5,100.0,63.0,1,2,61.94
Mumbai,2024-09-04,24.4,55.8,32,34.9,71.5,60.8,1,0,47.92
Mumbai,2024-09-05,24.2,76.2,20,60.3,48.1,61.1,1,1,52.47
Mumbai,2024-09-06,25.0,71.4,56,43.0,79.9,59.6,1,0,54.56
Mumbai,2024-09-07,21.8,67.4,20,17.6,68.3,68.6,0,3,37.99
Mumbai,2024-09-08,18.7,67.4,40,28.6,63.5,67.2,0,10,47.93
Mumbai,2024-09-09,17.9,87.3,20,22.4,68.6,58.3,1,3,49.09
Mumbai,2024-09-10,31.3,70.0,22,30.0,64.2,66.7,1,2,51.46
Mumbai,2024-09-11,22.1,56.0,41,27.1,44.0,66.6,1,3,43.29
Mumbai,2024-09-12,22.2,74.0,34,49.4,59.2,61.0,1,3,53.0
Mumbai,2024-09-13,28.3,82.3,71,46.0,65.3,75.4,1,6,63.43
Mumbai,2024-09-14,10.5,70.0,46,34.3,78.7,63.5,0,3,49.91
Mumbai,2024-09-15,14.0,48.5,27,34.9,64.9,68.8,0,4,44.56
Mumbai,2024-09-16,25.0,65.1,20,32.1,73.1,64.1,1,3,51.03
Mumbai,2024-09-17,21.6,65.6,67,30.1,61.1,71.2,1,2,49.92
Mumbai,2024-09-18,23.3,66.3,68,27.4,71.4,64.2,1,3,51.31
Mumbai,2024-09-19,18.3,67.4,42,30.7,72.5,60.7,1,1,49.91
Mumbai,2024-09-20,18.2,72.0,62,22.4,49.2,64.4,1,1,45.12
Mumbai,2024-09-21,27.6,68.3,56,27.4,53.8,62.8,0,1,39.15
Mumbai,2024-09-22,19.6,59.4,42,26.7,46.8,69.3,0,2,36.75
Mumbai,2024-09-23,22.1,70.7,20,33.7,72.1,73.2,1,5,53.96
Mumbai,2024-09-24,12.0,59.1,51,28.3,72.7,75.1,1,2,54.82
Mumbai,2024-09-25,22.0,37.3,48,32.2,48.1,69.1,1,3,44.4
Mumbai,2024-09-26,21.1,59.6,67,24.8,67.7,60.2,1,3,48.28
Mumbai,2024-09-27,24.6,62.1,49,38.6,57.8,67.9,1,2,50.7
Mumbai,2024-09-28,14.3,58.3,26,30.3,70.0,68.8,0,1,42.64
Mumbai,2024-09-29,0.9,67.1,32,15.0,48.0,65.6,0,1,39.95
Mumbai,2024-09-30,21.1,67.8,41,21.6,75.4,66.3,1,1,47.84
Mumbai,2024-10-01,27.2,51.1,65,48.1,56.0,62.0,1,3,53.45
Mumbai,2024-10-02,15.0,62.0,35,30.8,42.6,63.9,1,1,44.95
Mumbai,2024-10-03,32.0,87.0,23,34.5,56.6,69.1,1,2,53.63
Mumbai,2024-10-04,7.1,64.2,20,33.4,62.3,73.9,1,0,53.16
Mumbai,2024-10-05,17.5,67.8,79,40.1,43.2,62.0,0,2,41.93
Mumbai,2024-10-06,32.0,66.6,44,30.3,66.0,70.0,0,1,44.69
Mumbai,2024-10-07,15.9,60.0,62,26.5,55.2,72.1,1,0,47.72
Mumbai,2024-10-08,14.1,59.4,34,25.7,59.2,74.3,1,2,49.55
Mumbai,2024-10-09,27.0,50.7,29,29.2,52.0,68.9,1,3,46.71
Mumbai,2024-10-10,5.5,71.3,44,27.1,56.3,62.5,1,0,50.79
Mumbai,2024-10-11,19.2,61.9,46,39.1,98.5,69.6,1,3,59.99
Mumbai,2024-10-12,22.5,66.9,42,29.7,65.9,78.5,0,3,43.82
Mumbai,2024-10-13,19.8,47.7,20,20.7,51.3,81.6,0,2,35.72
Mumbai,2024-10-14,21.2,59.1,20,36.8,69.6,64.1,1,3,50.17
Mumbai,2024-10-15,12.7,59.4,25,28.2,59.7,70.3,1,1,48.94
Mumbai,2024-10-16,12.6,57.7,29,38.2,59.2,65.1,1,1,50.78
Mumbai,2024-10-17,18.5,59.5,20,26.1,66.7,69.4,1,1,47.01
Mumbai,2024-10-18,7.7,51.4,30,27.2,31.1,65.9,1,3,45.29
Mumbai,2024-10-19,18.4,58.2,30,30.3,74.5,65.8,0,5,44.87
Mumbai,2024-10-20,21.6,58.5,20,30.6,66.5,72.7,0,5,42.81
Mumbai,2024-10-21,20.4,67.8,20,38.5,51.9,59.5,1,1,45.82
Mumbai,2024-10-22,13.6,71.1,20,31.5,50.8,64.3,1,4,50.04
Mumbai,2024-10-23,11.9,65.4,22,25.0,66.5,73.5,1,2,51.6
Mumbai,2024-10-24,20.9,57.3,20,34.6,41.2,61.3,1,0,40.82
Mumbai,2024-10-25,30.1,60.5,64,28.7,78.1,70.8,1,1,54.44
Mumbai,2024-10-26,22.5,73.5,20,46.0,56.1,62.5,0,3,43.07
Mumbai,2024-10-27,24.4,58.3,40,38.3,45.0,70.0,0,4,41.14
Mumbai,2024-10-28,18.9,49.5,36,23.0,48.1,56.1,1,1,39.76
Mumbai,2024-10-29,26.2,62.4,39,33.4,49.5,59.5,1,0,44.56
Mumbai,2024-10-30,15.2,69.8,22,37.1,34.8,66.5,1,2,46.53
Mumbai,2024-10-31,16.5,76.6,23,38.4,77.3,64.5,1,2,55.22
Mumbai,2024-11-01,18.5,74.2,35,36.6,65.0,68.1,1,1,51.62
Mumbai,2024-11-02,25.7,68.3,46,22.6,34.8,67.9,0,2,34.52
Mumbai,2024-11-03,14.4,65.5,20,29.3,71.6,65.8,0,5,45.85
Mumbai,2024-11-04,11.5,63.2,45,32.8,83.7,76.3,1,2,58.75
Mumbai,2024-11-05,4.0,74.9,83,34.3,56.0,70.6,1,2,58.76
Mumbai,2024-11-06,24.4,67.5,30,33.2,52.0,63.0,1,4,48.29
Mumbai,2024-11-07,20.3,67.6,42,34.0,74.8,65.1,1,0,50.45
Mumbai,2024-11-08,15.0,45.9,43,24.0,49.7,55.9,1,1,41.89
Mumbai,2024-11-09,20.2,70.6,33,38.2,74.3,64.6,0,1,44.15
Mumbai,2024-11-10,17.4,83.9,32,44.6,75.3,61.4,0,0,47.13
Mumbai,2024-11-11,5.9,42.8,40,29.6,72.3,64.5,1,2,53.52
Mumbai,2024-11-12,21.2,55.8,69,27.7,54.1,72.1,1,4,48.92
Mumbai,2024-11-13,35.0,55.4,29,19.6,62.4,67.8,1,5,51.24
Mumbai,2024-11-14,29.6,60.3,23,32.1,59.3,69.5,1,1,49.09
Mumbai,2024-11-15,11.3,64.8,61,52.2,68.7,72.5,1,2,61.53
Mumbai,2024-11-16,9.6,52.7,20,34.8,54.4,62.1,0,5,43.89
Mumbai,2024-11-17,17.2,59.8,22,34.6,49.8,63.4,0,3,39.27
Mumbai,2024-11-18,28.5,50.9,20,26.1,62.8,67.9,1,1,46.3
Mumbai,2024-11-19,32.8,69.6,35,30.3,61.1,69.9,1,3,53.49
Mumbai,2024-11-20,12.8,65.9,20,25.4,75.9,69.1,1,5,54.86
Mumbai,2024-11-21,0.1,53.6,24,38.6,60.1,68.2,1,3,57.64
Mumbai,2024-11-22,21.5,44.0,55,35.5,58.5,62.9,1,2,46.73
Mumbai,2024-11-23,16.1,70.3,52,31.8,69.3,60.1,0,0,42.31
Mumbai,2024-11-24,35.5,77.0,35,41.4,61.7,69.5,0,1,48.85
Mumbai,2024-11-25,15.9,46.6,32,21.4,69.7,70.0,1,1,46.81
Mumbai,2024-11-26,16.5,51.3,63,27.9,82.2,67.4,1,3,54.08
Mumbai,2024-11-27,3.6,66.4,23,23.2,84.4,67.4,1,1,56.22
Mumbai,2024-11-28,20.2,46.1,60,36.9,59.5,67.1,1,2,49.01
Mumbai,2024-11-29,16.3,75.7,54,23.6,58.8,62.3,1,1,47.71
Mumbai,2024-11-30,27.3,51.4,66,32.6,67.2,64.7,0,2,43.15
Mumbai,2024-12-01,18.2,65.4,59,35.9,60.8,69.9,0,7,48.33
Mumbai,2024-12-02,18.9,77.6,45,27.0,60.2,74.6,1,2,50.66
Mumbai,2024-12-03,29.5,60.1,44,27.3,47.6,63.7,1,2,46.22
Mumbai,2024-12-04,18.0,68.6,36,60.0,73.7,58.9,1,4,60.41
Mumbai,2024-12-05,23.5,60.7,39,29.3,46.6,73.0,1,0,44.02
Mumbai,2024-12-06,27.1,56.7,20,52.3,65.2,62.9,1,2,54.09
Mumbai,2024-12-07,28.3,51.8,20,21.9,56.3,74.1,0,2,37.77
Mumbai,2024-12-08,15.0,55.5,33,36.8,60.5,81.9,0,3,46.36
Mumbai,2024-12-09,16.2,54.1,84,39.7,62.2,68.1,1,0,52.41
Mumbai,2024-12-10,14.1,65.6,46,21.1,52.3,55.8,1,3,45.79
Mumbai,2024-12-11,1.1,68.7,56,49.2,70.5,61.5,1,2,63.35
Mumbai,2024-12-12,32.6,78.8,59,38.9,81.8,70.7,1,2,61.41
Mumbai,2024-12-13,23.6,66.7,38,32.1,51.6,70.3,1,1,46.72
Mumbai,2024-12-14,20.3,66.1,45,37.2,84.1,62.0,0,0,44.65
Mumbai,2024-12-15,23.2,66.3,35,34.2,67.0,65.2,0,2,41.98
Mumbai,2024-12-16,12.2,71.5,47,25.8,71.9,63.8,1,0,51.28
Mumbai,2024-12-17,-0.6,72.9,62,37.6,80.2,72.0,1,7,69.44
Mumbai,2024-12-18,27.4,58.4,20,35.2,76.4,71.6,1,3,54.19
Mumbai,2024-12-19,20.8,59.6,59,36.1,63.6,66.3,1,3,51.34
Mumbai,2024-12-20,24.8,51.1,43,28.1,66.2,63.4,1,4,48.93
Mumbai,2024-12-21,19.3,65.0,30,37.4,59.9,65.0,0,2,41.64
Mumbai,2024-12-22,24.3,62.7,44,29.5,100.0,66.1,0,4,49.61
Mumbai,2024-12-23,17.0,47.8,20,40.2,73.5,60.2,1,1,50.1
Mumbai,2024-12-24,8.6,59.0,26,28.2,63.6,62.0,1,4,52.39
Mumbai,2024-12-25,24.4,62.5,52,44.8,36.4,63.1,1,4,49.05
Mumbai,2024-12-26,6.5,62.8,52,37.7,44.7,75.9,1,2,54.56
Mumbai,2024-12-27,12.5,79.9,29,25.2,78.7,65.9,1,3,55.18
Mumbai,2024-12-28,19.8,49.7,77,21.3,53.1,59.2,0,2,35.39
Mumbai,2024-12-29,17.2,65.1,71,15.0,50.9,68.0,0,2,37.0
Mumbai,2024-12-30,21.3,84.4,46,29.0,64.6,68.4,1,1,49.92
Mumbai,2024-12-31,14.8,54.9,54,23.2,64.0,64.3,1,2,48.35
San Francisco,2023-01-01,12.3,52.3,74,29.0,44.3,53.3,0,1,37.01
San Francisco,2023-01-02,15.1,57.6,40,38.3,63.4,63.7,1,1,50.92
San Francisco,2023-01-03,34.3,50.4,51,28.9,71.7,59.0,1,3,52.81
San Francisco,2023-01-04,34.4,70.4,98,40.2,59.2,56.1,1,3,57.34
San Francisco,2023-01-05,25.9,74.9,78,61.5,61.6,57.5,1,2,59.19
San Francisco,2023-01-06,32.3,64.3,60,31.5,50.9,65.8,1,2,50.79
San Francisco,2023-01-07,21.0,79.7,64,28.4,69.6,52.2,0,4,42.94
San Francisco,2023-01-08,13.4,68.7,63,53.0,74.3,56.0,0,1,50.81
San Francisco,2023-01-09,8.0,54.4,22,41.2,75.0,60.6,1,2,55.94
San Francisco,2023-01-10,14.9,68.8,75,48.3,70.9,59.3,1,1,57.41
San Francisco,2023-01-11,18.2,71.2,88,37.1,62.0,58.8,1,0,51.14
San Francisco,2023-01-12,6.9,69.9,57,28.5,74.7,54.9,1,4,56.8
San Francisco,2023-01-13,23.0,78.3,92,38.2,66.2,64.0,1,1,53.83
San Francisco,2023-01-14,5.6,69.7,63,36.6,75.2,53.2,0,7,54.12
San Francisco,2023-01-15,15.1,70.9,65,41.7,70.3,55.0,0,1,46.33
San Francisco,2023-01-16,20.6,70.7,77,15.0,77.8,59.0,1,2,48.35
San Francisco,2023-01-17,30.6,47.0,44,45.0,60.9,55.1,1,1,50.57
San Francisco,2023-01-18,17.4,53.7,64,28.4,84.6,57.7,1,0,50.46
San Francisco,2023-01-19,14.2,91.8,65,39.3,64.6,65.6,1,1,56.85
San Francisco,2023-01-20,28.2,54.3,43,51.2,76.1,55.2,1,3,56.78
San Francisco,2023-01-21,19.1,58.4,73,45.1,51.0,61.1,0,3,43.69
San Francisco,2023-01-22,7.1,62.6,56,34.5,47.9,57.9,0,2,43.07
San Francisco,2023-01-23,18.2,65.4,89,39.1,60.0,61.6,1,0,51.25
San Francisco,2023-01-24,13.7,58.3,79,51.9,64.5,63.0,1,3,59.04
San Francisco,2023-01-25,25.8,71.3,57,27.2,75.0,53.1,1,1,49.31
San Francisco,2023-01-26,15.4,75.9,92,28.4,50.5,48.0,1,2,47.97
San Francisco,2023-01-27,13.3,76.5,67,43.1,51.9,59.5,1,1,53.16
San Francisco,2023-01-28,25.9,53.8,62,31.8,57.1,65.0,0,6,43.76
San Francisco,2023-01-29,27.6,72.3,82,42.1,81.8,52.8,0,4,51.29
San Francisco,2023-01-30,30.9,62.6,50,30.7,51.4,53.4,1,3,48.09
San Francisco,2023-01-31,1.6,75.7,71,43.0,87.8,58.8,1,1,65.02
San Francisco,2023-02-01,36.9,46.2,66,24.6,69.7,57.4,1,2,51.47
San Francisco,2023-02-02,11.7,51.1,103,38.0,73.2,59.2,1,1,55.87
San Francisco,2023-02-03,15.1,67.2,56,35.3,34.9,56.8,1,3,46.61
San Francisco,2023-02-04,11.3,60.8,58,50.3,92.1,61.5,0,0,53.55
San Francisco,2023-02-05,23.9,86.5,33,32.9,95.0,52.4,0,3,47.99
San Francisco,2023-02-06,8.8,56.8,112,29.7,60.5,55.7,1,3,54.25
San Francisco,2023-02-07,12.9,53.0,96,31.6,90.3,59.0,1,2,57.68
San Francisco,2023-02-08,27.2,62.6,89,59.6,67.3,55.0,1,2,59.23
San Francisco,2023-02-09,12.5,50.5,100,21.9,67.9,55.1,1,1,49.08
San Francisco,2023-02-10,29.1,62.8,102,40.8,49.3,59.7,1,3,53.44
San Francisco,2023-02-11,12.3,56.4,83,37.3,35.5,52.2,0,4,40.72
San Francisco,2023-02-12,20.0,70.9,114,20.1,45.2,58.5,0,2,37.25
San Francisco,2023-02-13,15.0,45.7,57,28.6,76.2,49.6,1,2,48.81
San Francisco,2023-02-14,25.0,56.5,53,44.1,61.6,55.9,1,1,49.79
San Francisco,2023-02-15,20.5,60.6,74,46.5,67.2,53.7,1,3,53.76
San Francisco,2023-02-16,19.1,61.6,75,40.8,64.9,61.0,1,3,53.68
San Francisco,2023-02-17,15.8,52.1,105,35.5,68.8,51.0,1,2,52.24
San Francisco,2023-02-18,8.9,69.0,92,49.4,67.8,60.0,0,3,54.14
San Francisco,2023-02-19,27.6,59.6,125,33.9,77.0,50.6,0,0,45.22
San Francisco,2023-02-20,14.6,70.0,54,26.5,53.7,53.3,1,3,47.7
San Francisco,2023-02-21,24.6,75.1,65,51.5,60.5,61.5,1,3,56.6
San Francisco,2023-02-22,19.1,53.9,53,31.1,54.7,56.8,1,5,48.02
San Francisco,2023-02-23,17.9,68.0,68,38.8,59.8,48.1,1,4,51.45
San Francisco,2023-02-24,22.6,53.2,91,28.6,77.4,52.1,1,4,51.08
San Francisco,2023-02-25,22.1,68.1,71,46.5,62.6,60.0,0,4,46.77
San Francisco,2023-02-26,29.9,66.2,79,41.5,46.8,59.0,0,3,44.55
San Francisco,2023-02-27,20.4,75.8,72,54.1,53.3,58.1,1,5,56.94
San Francisco,2023-02-28,19.0,77.6,79,49.9,87.5,57.1,1,1,60.21
San Francisco,2023-03-01,27.9,49.9,63,44.5,26.2,51.8,1,1,43.09
San Francisco,2023-03-02,17.4,62.0,46,53.2,55.9,47.5,1,2,51.33
San Francisco,2023-03-03,21.3,60.2,86,29.1,57.9,53.1,1,2,46.28
San Francisco,2023-03-04,8.3,76.3,78,39.1,57.7,55.0,0,4,49.47
San Francisco,2023-03-05,31.1,49.3,38,21.0,81.2,61.8,0,0,40.46
San Francisco,2023-03-06,24.2,65.6,57,48.7,43.8,52.1,1,1,47.64
San Francisco,2023-03-07,19.9,46.4,119,45.1,57.6,59.2,1,3,53.45
San Francisco,2023-03-08,28.7,65.7,79,37.3,58.5,53.2,1,1,50.52
San Francisco,2023-03-09,18.1,75.1,65,36.3,60.6,56.8,1,0,49.56
San Francisco,2023-03-10,20.0,65.1,91,46.2,35.0,58.4,1,2,48.69
San Francisco,2023-03-11,18.2,65.8,100,44.0,67.5,55.3,0,2,47.31
San Francisco,2023-03-12,6.3,55.1,86,43.4,61.7,46.5,0,2,47.37
San Francisco,2023-03-13,24.5,70.7,103,43.4,68.7,69.2,1,2,57.9
San Francisco,2023-03-14,24.3,60.4,88,18.6,82.5,56.5,1,2,49.69
San Francisco,2023-03-15,10.2,72.2,80,43.5,54.6,55.1,1,3,56.23
San Francisco,2023-03-16,30.7,67.8,20,49.9,66.8,45.0,1,2,53.09
San Francisco,2023-03-17,30.6,65.0,78,35.1,54.0,49.8,1,4,51.58
San Francisco,2023-03-18,16.2,84.6,78,48.7,73.3,59.2,0,4,53.68
San Francisco,2023-03-19,15.0,61.4,75,35.3,57.4,63.2,0,3,44.65
San Francisco,2023-03-20,30.2,62.5,99,54.5,79.6,60.1,1,1,62.05
San Francisco,2023-03-21,22.8,71.3,81,29.2,85.0,57.4,1,5,55.92
San Francisco,2023-03-22,16.6,55.5,71,39.3,45.4,51.4,1,3,47.88
San Francisco,2023-03-23,4.2,51.6,97,32.2,58.1,53.6,1,2,53.82
San Francisco,2023-03-24,18.7,61.3,91,40.5,40.7,53.0,1,1,46.59
San Francisco,2023-03-25,6.7,63.2,46,24.9,34.2,66.9,0,1,38.16
San Francisco,2023-03-26,9.1,61.8,74,40.0,74.3,56.7,0,3,50.54
San Francisco,2023-03-27,21.7,65.5,85,34.0,62.0,50.4,1,0,46.7
San Francisco,2023-03-28,29.3,58.3,70,36.8,72.5,57.7,1,1,53.03
San Francisco,2023-03-29,14.9,57.8,37,40.4,55.0,59.4,1,0,48.24
San Francisco,2023-03-30,9.5,69.8,45,34.8,61.4,60.1,1,1,52.61
San Francisco,2023-03-31,20.2,56.4,65,46.1,57.4,55.2,1,2,50.34
San Francisco,2023-04-01,26.8,67.2,46,27.8,61.3,53.6,0,3,39.89
San Francisco,2023-04-02,22.8,59.3,75,41.7,59.9,55.8,0,2,42.09
San Francisco,2023-04-03,10.0,68.9,62,35.8,62.0,59.5,1,4,56.02
San Francisco,2023-04-04,27.7,43.8,80,47.3,59.2,59.7,1,2,52.84
San Francisco,2023-04-05,28.6,59.9,78,48.0,70.7,66.9,1,0,56.82
San Francisco,2023-04-06,21.7,70.3,31,35.4,80.6,59.0,1,0,50.05
San Francisco,2023-04-07,36.9,70.0,75,43.1,50.6,58.0,1,1,54.9
San Francisco,2023-04-08,27.7,62.4,74,41.6,79.2,63.3,0,0,47.82
San Francisco,2023-04-09,-2.1,82.0,20,46.1,66.4,51.7,0,5,55.22
San Francisco,2023-04-10,9.9,50.7,76,51.8,77.8,55.5,1,4,61.81
San Francisco,2023-04-11,13.5,68.1,78,43.4,53.8,52.4,1,4,54.54
San Francisco,2023-04-12,24.1,70.6,67,41.3,67.6,57.3,1,2,53.05
San Francisco,2023-04-13,18.8,45.6,45,28.5,81.0,56.8,1,0,47.23
San Francisco,2023-04-14,14.7,65.7,79,33.4,58.3,54.4,1,3,51.54
San Francisco,2023-04-15,21.2,63.1,66,31.0,51.6,51.8,0,2,36.69
San Francisco,2023-04-16,27.3,68.4,43,30.7,65.2,45.5,0,2,39.4
San Francisco,2023-04-17,14.2,73.1,63,45.2,70.6,57.4,1,2,57.06
San Francisco,2023-04-18,21.4,68.2,76,43.0,64.8,57.9,1,1,51.87
San Francisco,2023-04-19,11.1,48.1,77,46.5,50.8,62.0,1,2,53.76
San Francisco,2023-04-20,24.5,69.6,90,20.8,40.1,53.5,1,4,44.08
San Francisco,2023-04-21,25.2,67.1,74,53.5,48.4,51.7,1,3,52.85
San Francisco,2023-04-22,14.7,68.2,92,31.3,62.9,64.0,0,6,48.91
San Francisco,2023-04-23,9.1,59.6,49,54.7,70.2,52.4,0,3,51.59
San Francisco,2023-04-24,24.8,64.9,63,35.5,43.6,53.3,1,2,45.45
San Francisco,2023-04-25,33.3,61.3,84,37.6,79.4,50.7,1,3,57.68
San Francisco,2023-04-26,31.3,47.7,47,43.5,77.2,60.3,1,4,57.36
San Francisco,2023-04-27,22.7,70.8,79,42.6,70.8,64.4,1,2,55.37
San Francisco,2023-04-28,25.1,57.6,65,46.1,65.8,56.8,1,1,52.1
San Francisco,2023-04-29,12.3,59.9,70,41.8,52.7,60.8,0,3,45.78
San Francisco,2023-04-30,25.2,73.4,69,43.9,46.2,52.1,0,5,43.88
San Francisco,2023-05-01,12.1,64.1,98,41.0,26.9,51.1,1,7,51.9
San Francisco,2023-05-02,17.2,72.0,105,40.8,51.6,54.9,1,2,52.4
San Francisco,2023-05-03,24.3,59.9,91,39.0,39.9,67.4,1,1,48.01
San Francisco,2023-05-04,10.3,47.0,94,40.7,36.0,55.1,1,3,49.84
San Francisco,2023-05-05,14.6,61.2,77,45.5,68.5,58.3,1,1,55.43
San Francisco,2023-05-06,18.8,60.7,59,39.1,41.6,54.7,0,2,37.8
San Francisco,2023-05-07,21.3,57.7,83,44.9,75.9,61.7,0,1,46.57
San Francisco,2023-05-08,22.0,60.8,49,35.0,89.5,53.3,1,1,51.43
San Francisco,2023-05-09,24.5,68.5,87,59.3,77.3,61.5,1,0,59.96
San Francisco,2023-05-10,22.6,63.4,73,43.6,48.7,60.3,1,0,47.72
San Francisco,2023-05-11,28.5,52.5,34,32.4,77.3,60.0,1,5,53.75
San Francisco,2023-05-12,26.0,62.3,89,33.8,68.5,59.0,1,1,51.64
San Francisco,2023-05-13,24.9,54.2,76,56.7,52.6,62.1,0,1,45.47
San Francisco,2023-05-14,19.2,76.8,58,39.0,98.2,56.1,0,4,52.43
San Francisco,2023-05-15,29.4,51.1,63,36.0,42.2,70.6,1,1,47.99
San Francisco,2023-05-16,28.5,66.3,57,44.6,78.7,60.5,1,2,57.61
San Francisco,2023-05-17,15.2,79.4,45,31.8,86.2,55.6,1,4,57.18
San Francisco,2023-05-18,28.8,69.9,76,57.7,89.1,59.0,1,2,64.49
San Francisco,2023-05-19,22.9,59.2,65,20.5,63.5,59.8,1,0,43.52
San Francisco,2023-05-20,21.6,65.1,55,35.7,74.8,58.1,0,6,46.58
San Francisco,2023-05-21,11.0,62.0,87,45.9,53.4,67.7,0,2,49.04
San Francisco,2023-05-22,28.3,68.4,108,40.1,69.6,56.8,1,2,56.53
San Francisco,2023-05-23,14.2,64.4,73,30.6,56.4,46.5,1,1,47.05
San Francisco,2023-05-24,27.7,61.4,72,48.3,77.5,61.1,1,0,56.73
San Francisco,2023-05-25,29.9,69.5,93,57.4,77.3,73.0,1,2,65.73
San Francisco,2023-05-26,28.8,39.5,43,35.3,53.5,49.0,1,6,47.98
San Francisco,2023-05-27,10.8,64.1,65,39.4,74.0,52.6,0,3,48.7
San Francisco,2023-05-28,11.3,72.6,65,46.3,50.7,53.1,0,4,47.54
San Francisco,2023-05-29,17.8,71.8,47,48.5,76.4,58.8,1,6,60.35
San Francisco,2023-05-30,17.5,62.7,56,29.3,84.7,60.1,1,4,54.89
San Francisco,2023-05-31,29.3,61.5,89,32.4,48.5,54.7,1,2,48.53
San Francisco,2023-06-01,33.6,66.1,60,50.3,82.2,56.5,1,2,61.34
San Francisco,2023-06-02,22.8,59.9,47,44.9,51.7,51.0,1,1,46.35
San Francisco,2023-06-03,13.5,80.8,104,48.5,76.4,62.8,0,3,56.08
San Francisco,2023-06-04,22.0,73.7,63,40.2,67.9,56.3,0,1,43.06
San Francisco,2023-06-05,17.5,77.9,53,40.2,45.7,47.0,1,3,48.37
San Francisco,2023-06-06,17.7,62.1,63,42.7,59.3,59.1,1,2,51.9
San Francisco,2023-06-07,8.2,70.8,24,38.6,63.3,66.9,1,4,57.35
San Francisco,2023-06-08,22.0,74.3,91,45.7,48.0,59.6,1,2,51.48
San Francisco,2023-06-09,16.5,68.7,99,51.6,55.5,48.2,1,0,53.0
San Francisco,2023-06-10,21.6,63.2,52,39.5,67.2,61.4,0,0,41.32
San Francisco,2023-06-11,18.7,80.9,119,44.4,75.4,50.0,0,7,54.43
San Francisco,2023-06-12,35.7,63.5,39,38.0,43.5,51.2,1,1,47.93
San Francisco,2023-06-13,-7.2,72.6,61,46.6,65.6,47.9,1,0,61.5
San Francisco,2023-06-14,21.2,63.1,57,38.9,33.9,50.9,1,1,41.92
San Francisco,2023-06-15,18.3,51.6,107,27.3,87.7,47.0,1,2,52.11
San Francisco,2023-06-16,10.5,70.3,24,34.1,67.9,58.9,1,1,52.13
San Francisco,2023-06-17,19.3,50.3,50,52.2,67.8,54.8,0,6,48.34
San Francisco,2023-06-18,16.7,65.7,72,27.4,57.1,55.7,0,2,39.82
San Francisco,2023-06-19,22.6,73.2,23,42.7,40.6,51.7,1,0,42.88
San Francisco,2023-06-20,18.1,59.9,48,46.8,58.2,62.9,1,3,53.19
San Francisco,2023-06-21,12.0,65.4,53,21.8,53.3,65.0,1,1,47.23
San Francisco,2023-06-22,20.0,60.5,113,36.5,67.5,57.4,1,2,52.96
San Francisco,2023-06-23,28.5,66.9,90,45.1,72.5,67.1,1,1,58.52
San Francisco,2023-06-24,15.4,92.7,66,41.8,50.6,54.9,0,4,47.03
San Francisco,2023-06-25,29.8,63.3,70,39.0,58.4,55.2,0,3,44.75
San Francisco,2023-06-26,28.2,54.5,56,44.5,61.2,57.4,1,0,50.47
San Francisco,2023-06-27,34.8,68.2,70,45.7,63.3,45.0,1,3,56.24
San Francisco,2023-06-28,26.8,67.7,79,26.8,56.7,51.5,1,2,47.23
San Francisco,2023-06-29,25.6,59.5,63,33.7,53.8,59.6,1,3,48.72
San Francisco,2023-06-30,25.9,68.4,51,48.2,66.4,66.6,1,2,56.05
San Francisco,2023-07-01,17.6,59.6,48,40.9,64.1,54.2,0,4,44.21
San Francisco,2023-07-02,25.9,57.1,66,40.1,72.6,58.4,0,3,46.06
San Francisco,2023-07-03,16.0,57.9,26,44.1,54.7,66.9,1,6,54.52
San Francisco,2023-07-04,18.6,65.5,73,40.3,63.0,50.3,1,2,50.95
San Francisco,2023-07-05,16.4,52.7,49,39.8,64.1,60.9,1,4,52.98
San Francisco,2023-07-06,24.8,63.0,70,28.5,66.5,59.8,1,1,48.57
San Francisco,2023-07-07,22.7,73.7,66,32.1,59.9,58.5,1,1,48.05
San Francisco,2023-07-08,17.3,54.8,73,41.9,80.3,63.3,0,2,48.57
San Francisco,2023-07-09,17.3,61.7,69,36.7,69.0,67.6,0,1,45.3
San Francisco,2023-07-10,21.9,59.9,64,46.9,57.3,52.6,1,2,49.74
San Francisco,2023-07-11,18.3,73.7,61,33.3,87.4,56.1,1,2,55.22
San Francisco,2023-07-12,17.2,69.7,77,49.3,48.8,55.5,1,3,53.52
San Francisco,2023-07-13,20.0,81.4,64,44.2,66.2,59.9,1,3,55.75
San Francisco,2023-07-14,18.8,70.2,82,43.8,38.5,63.0,1,1,49.23
San Francisco,2023-07-15,21.6,64.7,101,29.6,59.5,47.2,0,2,38.84
San Francisco,2023-07-16,22.8,43.6,71,45.1,67.5,59.7,0,1,42.69
San Francisco,2023-07-17,14.6,65.9,86,50.4,55.4,53.7,1,2,55.09
San Francisco,2023-07-18,24.6,74.3,49,39.0,87.8,52.4,1,2,55.27
San Francisco,2023-07-19,1.3,62.1,84,27.4,59.4,73.0,1,1,56.91
San Francisco,2023-07-20,8.3,54.2,81,37.2,52.8,54.7,1,1,51.36
San Francisco,2023-07-21,28.9,62.7,84,25.0,56.8,54.9,1,1,47.08
San Francisco,2023-07-22,17.5,72.3,95,34.0,83.0,53.4,0,3,48.74
San Francisco,2023-07-23,21.1,62.4,32,38.5,66.4,54.6,0,1,39.69
San Francisco,2023-07-24,20.2,63.2,96,30.7,88.2,55.7,1,4,56.17
San Francisco,2023-07-25,42.5,85.1,52,37.5,47.2,54.0,1,3,56.23
San Francisco,2023-07-26,19.7,70.2,91,42.4,72.3,55.8,1,5,57.8
San Francisco,2023-07-27,29.7,68.6,87,39.6,66.1,61.8,1,1,55.25
San Francisco,2023-07-28,9.0,72.8,94,43.8,61.5,56.8,1,3,59.17
San Francisco,2023-07-29,13.0,69.3,46,46.3,60.9,60.5,0,0,45.59
San Francisco,2023-07-30,10.2,77.9,71,38.4,55.8,53.5,0,7,50.2
San Francisco,2023-07-31,26.7,62.1,80,51.5,47.1,53.3,1,1,51.07
San Francisco,2023-08-01,15.0,77.3,81,38.6,53.3,58.8,1,3,53.86
San Francisco,2023-08-02,15.5,56.9,59,45.1,75.9,59.0,1,1,55.18
San Francisco,2023-08-03,16.6,56.8,60,31.9,59.1,57.2,1,0,46.67
San Francisco,2023-08-04,20.6,76.6,90,38.6,65.3,64.5,1,3,55.4
San Francisco,2023-08-05,29.0,78.8,84,36.2,40.0,66.7,0,2,43.4
San Francisco,2023-08-06,8.5,69.1,79,55.5,70.4,46.7,0,3,53.5
San Francisco,2023-08-07,24.4,62.3,73,31.7,47.5,58.0,1,3,46.89
San Francisco,2023-08-08,17.4,67.3,67,36.5,46.5,54.9,1,5,50.28
San Francisco,2023-08-09,13.6,56.1,48,40.2,59.7,56.3,1,1,50.3
San Francisco,2023-08-10,15.1,70.0,73,50.7,60.4,64.9,1,3,58.57
San Francisco,2023-08-11,1.5,52.5,53,55.4,80.8,58.3,1,1,63.78
San Francisco,2023-08-12,15.2,71.8,74,46.2,73.4,59.1,0,3,51.09
San Francisco,2023-08-13,18.5,52.6,77,45.1,48.5,55.5,0,4,42.88
San Francisco,2023-08-14,26.6,55.0,33,49.9,62.8,55.0,1,3,52.63
San Francisco,2023-08-15,22.0,81.3,63,34.4,62.0,51.0,1,2,48.9
San Francisco,2023-08-16,-8.3,57.2,37,34.6,93.6,45.0,1,3,63.45
San Francisco,2023-08-17,20.8,66.3,66,15.0,64.7,62.5,1,3,46.05
San Francisco,2023-08-18,26.9,49.7,109,47.1,92.7,58.6,1,1,60.16
San Francisco,2023-08-19,26.0,84.3,67,35.7,80.9,55.8,0,1,47.18
San Francisco,2023-08-20,3.8,57.9,81,39.0,72.0,63.6,0,3,53.09
San Francisco,2023-08-21,26.2,89.7,76,42.8,61.6,57.8,1,6,58.85
San Francisco,2023-08-22,8.8,46.0,48,45.4,59.6,53.1,1,4,54.54
San Francisco,2023-08-23,12.5,63.6,95,37.9,71.3,64.1,1,1,56.82
San Francisco,2023-08-24,12.7,67.6,20,27.9,76.2,54.3,1,1,49.88
San Francisco,2023-08-25,-1.7,58.0,61,36.2,87.0,46.7,1,1,59.87
San Francisco,2023-08-26,18.9,74.9,71,45.4,82.8,50.0,0,1,48.17
San Francisco,2023-08-27,29.0,63.0,73,40.2,71.2,49.6,0,4,47.3
San Francisco,2023-08-28,23.7,62.3,84,27.7,65.9,53.6,1,0,46.46
San Francisco,2023-08-29,26.9,61.0,78,42.0,81.7,47.7,1,2,55.04
San Francisco,2023-08-30,23.4,51.0,79,33.4,68.4,50.4,1,2,48.17
San Francisco,2023-08-31,13.6,60.8,55,22.0,58.1,50.9,1,1,44.76
San Francisco,2023-09-01,17.8,65.8,82,29.4,44.1,60.8,1,3,47.63
San Francisco,2023-09-02,13.5,57.2,62,49.7,39.9,48.5,0,6,44.58
San Francisco,2023-09-03,28.2,74.9,59,45.8,42.8,54.6,0,5,45.05
San Francisco,2023-09-04,4.4,63.2,71,32.6,85.6,52.4,1,0,57.4
San Francisco,2023-09-05,17.6,77.0,46,38.0,62.8,60.2,1,2,52.17
San Francisco,2023-09-06,29.5,81.1,38,35.3,48.0,55.9,1,1,48.14
San Francisco,2023-09-07,22.9,60.5,88,39.2,39.3,60.1,1,1,46.05
San Francisco,2023-09-08,17.5,62.1,37,37.8,63.7,56.4,1,1,48.94
San Francisco,2023-09-09,25.0,51.5,51,45.3,88.7,56.2,0,1,46.98
San Francisco,2023-09-10,30.9,56.5,63,34.9,43.7,61.3,0,5,42.78
San Francisco,2023-09-11,22.2,81.0,61,46.7,84.7,56.6,1,4,59.53
San Francisco,2023-09-12,7.8,55.7,101,45.7,59.6,55.4,1,0,55.73
San Francisco,2023-09-13,23.1,60.7,100,32.4,71.6,59.3,1,0,50.32
San Francisco,2023-09-14,25.7,70.1,23,41.6,59.2,67.7,1,1,50.89
San Francisco,2023-09-15,20.8,52.8,123,43.4,56.1,58.9,1,0,50.62
San Francisco,2023-09-16,9.0,77.4,91,35.2,83.5,49.8,0,2,51.39
San Francisco,2023-09-17,18.7,69.3,82,41.9,68.1,54.3,0,3,46.69
San Francisco,2023-09-18,29.3,54.8,52,41.3,71.4,55.4,1,2,53.24
San Francisco,2023-09-19,25.6,45.2,104,36.6,100.0,52.7,1,4,58.99
San Francisco,2023-09-20,15.3,56.7,95,42.1,70.4,58.8,1,1,55.15
San Francisco,2023-09-21,26.2,63.1,94,38.2,65.1,55.1,1,3,53.6
San Francisco,2023-09-22,19.6,56.8,68,36.3,62.4,47.6,1,5,50.17
San Francisco,2023-09-23,11.5,68.1,36,21.0,78.3,59.5,0,1,42.68
San Francisco,2023-09-24,6.8,64.1,73,34.9,61.4,51.7,0,2,45.94
San Francisco,2023-09-25,20.4,61.9,78,37.1,82.2,67.6,1,1,55.27
San Francisco,2023-09-26,28.7,58.0,78,36.0,49.9,51.9,1,2,48.21
San Francisco,2023-09-27,9.2,69.4,42,36.5,58.9,61.5,1,2,53.65
San Francisco,2023-09-28,32.1,86.0,42,46.2,48.4,53.2,1,3,54.17
San Francisco,2023-09-29,29.5,72.3,53,35.4,78.1,64.8,1,1,55.63
San Francisco,2023-09-30,25.9,51.0,93,55.9,75.0,59.8,0,1,50.24
San Francisco,2023-10-01,14.8,56.2,68,41.5,52.1,55.3,0,1,41.43
San Francisco,2023-10-02,22.6,43.8,91,40.7,68.4,62.8,1,2,51.94
San Francisco,2023-10-03,21.9,70.1,60,46.4,64.9,56.3,1,2,52.53
San Francisco,2023-10-04,15.4,55.4,80,42.2,67.1,50.3,1,2,52.91
San Francisco,2023-10-05,22.2,46.6,64,40.4,58.1,46.0,1,0,43.96
San Francisco,2023-10-06,28.6,66.4,67,44.4,87.1,58.6,1,1,58.56
San Francisco,2023-10-07,9.1,50.1,69,32.3,57.6,52.8,0,5,44.6
San Francisco,2023-10-08,23.7,69.3,89,48.5,88.7,47.4,0,3,51.18
San Francisco,2023-10-09,22.2,66.2,77,52.2,83.6,65.0,1,2,59.92
San Francisco,2023-10-10,13.5,82.6,110,39.1,60.3,55.7,1,4,58.3
San Francisco,2023-10-11,24.9,60.9,61,49.6,77.6,53.0,1,2,55.65
San Francisco,2023-10-12,23.8,67.6,52,37.6,67.6,60.6,1,3,52.22
San Francisco,2023-10-13,32.0,72.7,89,33.2,54.7,60.3,1,1,52.35
San Francisco,2023-10-14,20.8,63.1,90,42.3,94.0,52.1,0,3,50.54
San Francisco,2023-10-15,20.3,70.7,83,41.1,38.9,47.2,0,3,38.91
San Francisco,2023-10-16,4.8,71.6,66,36.3,94.1,65.9,1,3,65.44
San Francisco,2023-10-17,16.9,51.7,72,45.5,62.9,61.1,1,4,55.17
San Francisco,2023-10-18,28.4,86.9,74,22.2,38.3,52.6,1,5,47.25
San Francisco,2023-10-19,16.7,65.5,21,44.2,67.0,55.7,1,1,51.08
San Francisco,2023-10-20,9.2,56.4,47,30.9,47.7,59.9,1,1,47.63
San Francisco,2023-10-21,11.3,54.5,51,46.8,62.3,53.3,0,2,45.82
San Francisco,2023-10-22,11.9,61.7,92,32.2,48.0,54.0,0,1,40.71
San Francisco,2023-10-23,9.6,72.5,84,38.2,87.6,69.4,1,3,64.3
San Francisco,2023-10-24,22.5,57.2,65,26.2,68.9,65.7,1,0,46.85
San Francisco,2023-10-25,16.8,63.2,93,38.5,69.4,67.2,1,3,56.99
San Francisco,2023-10-26,32.0,58.7,77,35.9,66.8,65.8,1,2,55.32
San Francisco,2023-10-27,15.1,48.4,52,43.5,70.2,51.5,1,1,51.27
San Francisco,2023-10-28,22.3,71.8,77,43.7,64.0,59.5,0,2,45.31
San Francisco,2023-10-29,-2.1,69.4,101,40.5,35.3,60.7,0,2,49.33
San Francisco,2023-10-30,14.4,63.2,92,54.6,52.6,56.6,1,0,54.71
San Francisco,2023-10-31,15.7,65.5,104,44.4,93.6,53.5,1,5,63.93
San Francisco,2023-11-01,1.9,56.4,86,41.3,67.0,60.6,1,0,58.57
San Francisco,2023-11-02,22.8,70.3,88,34.0,80.0,56.6,1,3,54.69
San Francisco,2023-11-03,33.7,70.0,75,29.3,81.3,51.6,1,2,55.63
San Francisco,2023-11-04,21.3,53.9,72,28.3,79.4,60.0,0,2,42.32
San Francisco,2023-11-05,13.1,69.3,98,39.4,84.4,56.1,0,3,52.6
San Francisco,2023-11-06,22.7,55.4,71,31.2,64.9,68.4,1,4,51.44
San Francisco,2023-11-07,0.5,67.1,76,26.7,66.0,55.5,1,3,57.02
San Francisco,2023-11-08,18.8,63.6,61,39.6,78.0,55.8,1,4,55.49
San Francisco,2023-11-09,29.3,56.5,63,59.1,100.0,58.1,1,3,65.91
San Francisco,2023-11-10,25.0,75.5,79,41.5,46.0,52.9,1,2,49.48
San Francisco,2023-11-11,28.2,58.0,85,56.4,76.9,54.9,0,1,51.14
San Francisco,2023-11-12,11.8,53.6,56,43.3,57.2,55.9,0,4,45.94
San Francisco,2023-11-13,26.3,62.8,80,34.7,63.4,55.7,1,3,51.7
San Francisco,2023-11-14,27.7,70.5,67,49.8,67.4,61.4,1,2,57.51
San Francisco,2023-11-15,25.8,77.6,50,45.0,42.7,53.9,1,0,47.38
San Francisco,2023-11-16,15.2,60.3,89,51.8,76.7,63.3,1,1,59.97
San Francisco,2023-11-17,15.6,57.8,92,22.2,67.3,56.2,1,1,48.36
San Francisco,2023-11-18,29.3,66.8,50,31.2,58.6,59.7,0,5,44.19
San Francisco,2023-11-19,15.3,64.4,90,32.3,51.2,51.2,0,2,40.55
San Francisco,2023-11-20,10.1,77.0,85,38.3,46.7,55.9,1,1,52.44
San Francisco,2023-11-21,10.7,72.7,66,46.1,64.8,60.8,1,4,59.93
San Francisco,2023-11-22,29.5,59.5,89,31.3,68.2,53.7,1,3,52.73
San Francisco,2023-11-23,13.0,78.6,73,38.7,79.9,45.0,1,2,56.45
San Francisco,2023-11-24,17.8,48.6,48,27.4,91.1,60.6,1,0,50.48
San Francisco,2023-11-25,17.4,73.9,55,41.6,92.2,60.6,0,4,53.04
San Francisco,2023-11-26,22.8,58.2,67,25.8,32.7,67.0,0,2,33.72
San Francisco,2023-11-27,24.9,69.0,109,41.6,56.9,51.3,1,1,51.39
San Francisco,2023-11-28,25.9,60.2,32,47.1,73.5,61.0,1,2,54.43
San Francisco,2023-11-29,11.6,69.7,81,34.4,60.9,52.8,1,0,51.28
San Francisco,2023-11-30,35.9,52.1,79,57.4,65.8,60.6,1,3,62.03
San Francisco,2023-12-01,9.3,65.9,109,44.1,67.6,54.9,1,1,58.45
San Francisco,2023-12-02,14.3,70.1,121,45.9,57.3,53.2,0,4,50.1
San Francisco,2023-12-03,21.7,59.7,67,51.1,87.6,48.7,0,3,49.29
San Francisco,2023-12-04,29.1,73.5,20,41.7,91.2,57.1,1,0,56.1
San Francisco,2023-12-05,15.2,58.3,70,41.5,71.4,55.9,1,2,54.4
San Francisco,2023-12-06,24.5,49.6,39,35.0,71.7,56.6,1,0,46.97
San Francisco,2023-12-07,18.6,65.3,95,37.8,61.2,53.2,1,2,51.47
San Francisco,2023-12-08,18.1,76.9,67,46.0,51.7,64.8,1,0,52.19
San Francisco,2023-12-09,19.1,56.8,53,20.2,88.5,57.1,0,1,40.72
San Francisco,2023-12-10,20.7,63.4,107,35.1,60.3,60.8,0,6,46.77
San Francisco,2023-12-11,13.1,68.6,127,35.7,67.5,54.2,1,2,56.43
San Francisco,2023-12-12,14.0,54.3,62,40.5,50.5,57.6,1,2,49.95
San Francisco,2023-12-13,16.4,67.3,89,28.3,67.3,59.8,1,7,56.15
San Francisco,2023-12-14,19.3,70.5,100,36.9,59.8,57.7,1,0,50.54
San Francisco,2023-12-15,22.7,65.7,29,41.9,75.5,61.6,1,0,50.91
San Francisco,2023-12-16,24.0,62.8,43,29.8,30.0,65.3,0,2,33.73
San Francisco,2023-12-17,25.6,68.6,39,33.5,86.3,61.0,0,1,45.44
San Francisco,2023-12-18,12.9,56.7,77,52.1,60.3,57.2,1,3,57.28
San Francisco,2023-12-19,22.7,84.0,96,48.4,58.2,52.4,1,0,52.85
San Francisco,2023-12-20,33.4,65.0,77,36.6,70.3,52.1,1,3,55.85
San Francisco,2023-12-21,21.3,76.1,70,45.6,58.4,59.9,1,2,52.97
San Francisco,2023-12-22,16.3,81.6,126,42.6,57.6,55.6,1,0,54.92
San Francisco,2023-12-23,6.9,60.1,101,45.9,100.0,57.4,0,1,57.81
San Francisco,2023-12-24,12.6,62.9,47,48.4,76.1,51.2,0,2,48.79
San Francisco,2023-12-25,24.1,66.0,108,42.5,51.3,57.9,1,1,50.98
San Francisco,2023-12-26,12.5,59.8,100,41.5,66.7,58.3,1,2,56.66
San Francisco,2023-12-27,23.1,65.9,67,27.1,72.2,65.9,1,0,48.95
San Francisco,2023-12-28,25.7,70.0,84,48.5,69.4,63.7,1,3,58.81
San Francisco,2023-12-29,25.3,61.8,64,30.8,90.5,59.4,1,2,54.53
San Francisco,2023-12-30,6.4,87.4,75,54.5,78.6,57.6,0,4,60.12
San Francisco,2023-12-31,22.5,71.3,59,41.6,58.8,58.0,0,1,41.68
San Francisco,2024-01-01,26.1,70.2,81,35.5,73.8,56.9,1,1,53.26
San Francisco,2024-01-02,16.8,75.1,89,15.0,33.0,64.9,1,1,42.12
San Francisco,2024-01-03,18.9,67.6,63,15.0,67.3,66.0,1,3,47.97
San Francisco,2024-01-04,25.0,59.5,85,49.5,43.1,57.6,1,1,49.78
San Francisco,2024-01-05,28.3,61.6,46,55.4,37.9,55.4,1,3,51.25
San Francisco,2024-01-06,14.9,58.6,104,31.2,46.1,51.1,0,2,39.5
San Francisco,2024-01-07,11.7,54.7,71,41.9,44.7,58.5,0,0,41.08
San Francisco,2024-01-08,29.7,51.0,94,45.5,74.5,56.5,1,1,56.24
San Francisco,2024-01-09,16.6,66.9,95,36.5,57.3,56.8,1,1,51.08
San Francisco,2024-01-10,33.2,57.3,98,46.4,43.4,53.4,1,0,51.13
San Francisco,2024-01-11,27.7,59.5,97,29.1,57.8,51.5,1,3,49.34
San Francisco,2024-01-12,19.9,53.9,61,33.7,68.8,68.4,1,0,49.47
San Francisco,2024-01-13,22.7,62.5,65,49.8,56.3,64.6,0,2,44.95
San Francisco,2024-01-14,19.1,63.3,80,35.6,66.5,48.9,0,3,42.8
San Francisco,2024-01-15,21.8,72.5,56,51.1,67.9,49.0,1,0,51.57
San Francisco,2024-01-16,24.6,76.1,81,51.1,92.7,64.2,1,2,63.44
San Francisco,2024-01-17,17.8,94.8,38,41.5,64.4,61.3,1,4,56.64
San Francisco,2024-01-18,22.2,68.4,95,36.3,50.5,64.6,1,1,49.1
San Francisco,2024-01-19,21.3,50.7,104,42.2,75.8,63.8,1,5,57.88
San Francisco,2024-01-20,11.9,80.0,104,42.5,65.8,64.5,0,6,55.6
San Francisco,2024-01-21,28.0,61.1,98,35.7,85.0,70.0,0,5,53.88
San Francisco,2024-01-22,32.0,66.1,86,35.7,50.9,52.6,1,0,49.32
San Francisco,2024-01-23,17.0,62.4,99,31.6,45.8,51.6,1,1,46.12
San Francisco,2024-01-24,22.3,64.9,62,55.6,75.7,53.7,1,2,56.46
San Francisco,2024-01-25,18.0,73.5,47,36.3,62.1,64.0,1,3,52.6
San Francisco,2024-01-26,35.0,63.5,75,40.5,52.3,53.0,1,1,52.22
San Francisco,2024-01-27,23.5,66.7,83,56.3,100.0,57.5,0,7,60.05
San Francisco,2024-01-28,15.8,84.8,103,46.7,75.3,59.0,0,5,55.77
San Francisco,2024-01-29,20.2,63.7,111,40.7,60.7,58.5,1,1,52.25
San Francisco,2024-01-30,11.3,75.7,75,37.4,60.4,49.7,1,3,54.37
San Francisco,2024-01-31,24.7,73.7,85,36.5,40.4,69.0,1,3,50.62
San Francisco,2024-02-01,25.7,72.6,63,36.8,61.1,58.4,1,0,49.67
San Francisco,2024-02-02,8.1,59.1,61,35.0,76.9,60.5,1,0,55.31
San Francisco,2024-02-03,11.2,66.4,29,38.9,66.2,59.8,0,3,46.54
San Francisco,2024-02-04,23.3,57.2,81,46.3,50.4,47.2,0,3,41.09
San Francisco,2024-02-05,21.2,75.4,42,35.8,89.8,61.1,1,1,54.54
San Francisco,2024-02-06,25.9,69.1,79,35.3,56.6,61.0,1,1,50.16
San Francisco,2024-02-07,21.2,86.9,69,48.3,75.6,56.4,1,1,56.84
San Francisco,2024-02-08,10.0,64.5,90,29.2,77.5,63.7,1,4,58.97
San Francisco,2024-02-09,31.5,71.2,48,27.2,54.0,67.8,1,2,50.3
San Francisco,2024-02-10,25.0,67.2,58,33.6,55.5,56.0,0,3,40.65
San Francisco,2024-02-11,31.5,61.8,77,30.4,60.8,54.2,0,3,43.54
San Francisco,2024-02-12,19.6,58.0,56,33.4,77.2,59.1,1,1,50.55
San Francisco,2024-02-13,10.8,61.1,75,32.0,97.8,60.1,1,2,60.07
San Francisco,2024-02-14,29.3,50.3,86,58.1,49.7,47.4,1,3,54.19
San Francisco,2024-02-15,30.0,68.8,65,45.5,57.2,56.8,1,1,53.24
San Francisco,2024-02-16,21.4,64.7,68,43.8,54.1,52.9,1,2,49.1
San Francisco,2024-02-17,13.9,53.7,89,38.0,66.0,55.9,0,5,47.85
San Francisco,2024-02-18,22.4,61.6,90,31.8,60.3,49.6,0,3,39.97
San Francisco,2024-02-19,13.5,57.9,86,35.0,72.1,56.9,1,1,53.54
San Francisco,2024-02-20,26.0,61.1,94,54.0,39.5,56.5,1,0,50.32
San Francisco,2024-02-21,12.7,63.7,55,56.3,38.0,45.4,1,1,49.97
San Francisco,2024-02-22,30.9,66.4,66,39.1,76.6,51.2,1,5,57.85
San Francisco,2024-02-23,27.9,46.4,68,38.2,43.6,57.2,1,1,45.65
San Francisco,2024-02-24,22.3,68.7,62,40.2,83.2,61.0,0,2,47.37
San Francisco,2024-02-25,8.7,63.7,78,40.2,56.6,63.2,0,5,50.43
San Francisco,2024-02-26,14.7,61.0,82,30.2,75.0,56.5,1,3,54.03
San Francisco,2024-02-27,24.2,58.1,78,34.6,41.9,56.0,1,2,45.12
San Francisco,2024-02-28,21.0,52.3,49,53.9,61.6,56.4,1,0,50.31
San Francisco,2024-02-29,16.8,57.8,74,34.4,57.3,57.8,1,4,51.12
San Francisco,2024-03-01,26.7,71.8,74,34.6,71.0,57.0,1,2,53.31
San Francisco,2024-03-02,36.5,69.6,68,39.1,59.0,59.3,0,3,48.83
San Francisco,2024-03-03,-1.5,64.2,50,38.6,66.1,59.2,0,4,53.03
San Francisco,2024-03-04,8.4,61.9,79,49.3,79.1,57.9,1,2,62.01
San Francisco,2024-03-05,8.7,61.1,55,39.4,65.3,57.8,1,4,56.77
San Francisco,2024-03-06,19.6,65.0,82,37.9,73.5,58.2,1,1,52.94
San Francisco,2024-03-07,20.4,63.8,86,45.4,62.2,55.5,1,3,53.73
San Francisco,2024-03-08,34.5,73.2,91,30.0,77.2,52.2,1,3,57.39
San Francisco,2024-03-09,24.2,71.1,74,22.8,87.1,60.1,0,3,45.55
San Francisco,2024-03-10,28.1,86.8,63,24.8,76.0,63.9,0,4,48.0
San Francisco,2024-03-11,14.7,59.7,86,36.9,71.7,58.4,1,3,55.6
San Francisco,2024-03-12,15.4,81.4,69,54.4,58.7,57.5,1,2,57.94
San Francisco,2024-03-13,20.3,82.3,82,42.1,64.4,57.1,1,2,54.37
San Francisco,2024-03-14,9.5,63.6,103,51.1,79.7,49.3,1,0,60.4
San Francisco,2024-03-15,26.4,67.7,104,37.7,69.6,54.9,1,0,52.82
San Francisco,2024-03-16,8.7,54.8,103,51.2,64.8,56.9,0,5,54.31
San Francisco,2024-03-17,29.2,63.0,45,32.7,56.0,64.4,0,2,41.77
San Francisco,2024-03-18,33.5,73.5,76,35.6,97.6,59.6,1,5,64.91
San Francisco,2024-03-19,23.1,73.7,57,39.3,57.5,60.2,1,0,48.71
San Francisco,2024-03-20,38.2,68.3,98,48.6,81.4,59.7,1,3,66.03
San Francisco,2024-03-21,10.4,70.8,81,44.6,53.4,61.8,1,2,56.43
San Francisco,2024-03-22,21.7,78.4,61,31.4,54.1,51.7,1,1,45.51
San Francisco,2024-03-23,20.8,65.4,59,31.2,48.3,45.1,0,1,34.13
San Francisco,2024-03-24,3.9,79.0,91,37.6,34.3,62.6,0,4,48.42
San Francisco,2024-03-25,16.5,57.2,79,27.9,40.8,53.5,1,4,45.61
San Francisco,2024-03-26,20.2,53.0,83,45.5,68.3,54.4,1,2,52.74
San Francisco,2024-03-27,32.8,55.6,76,34.0,85.5,51.1,1,0,54.23
San Francisco,2024-03-28,0.2,58.6,85,38.2,83.2,57.7,1,1,62.14
San Francisco,2024-03-29,21.2,56.9,85,53.5,47.5,60.1,1,0,50.27
San Francisco,2024-03-30,19.2,63.3,65,36.6,68.7,48.5,0,3,42.68
San Francisco,2024-03-31,19.9,66.7,73,42.2,63.0,61.9,0,4,46.78
San Francisco,2024-04-01,27.3,61.6,56,39.0,61.2,56.1,1,1,49.92
San Francisco,2024-04-02,27.7,77.7,69,30.3,49.9,50.7,1,4,49.2
San Francisco,2024-04-03,-1.8,84.0,75,33.6,45.6,68.0,1,7,63.01
San Francisco,2024-04-04,16.0,58.9,61,30.9,81.7,54.4,1,3,53.37
San Francisco,2024-04-05,15.2,60.5,55,34.3,73.3,63.0,1,1,52.65
San Francisco,2024-04-06,15.2,59.2,107,46.9,83.2,53.5,0,5,54.26
San Francisco,2024-04-07,23.3,61.0,93,27.3,66.6,60.4,0,7,45.69
San Francisco,2024-04-08,36.4,73.1,42,39.2,51.3,64.7,1,0,52.75
San Francisco,2024-04-09,17.5,68.4,108,41.6,49.9,59.2,1,1,51.85
San Francisco,2024-04-10,18.5,61.3,47,39.8,91.1,61.0,1,3,57.42
San Francisco,2024-04-11,24.6,66.1,52,52.3,63.1,54.4,1,1,52.86
San Francisco,2024-04-12,24.0,60.0,50,35.1,68.6,63.5,1,2,50.65
San Francisco,2024-04-13,23.3,70.9,41,48.5,68.1,62.6,0,5,48.98
San Francisco,2024-04-14,10.5,44.6,60,45.3,49.4,62.3,0,2,44.21
San Francisco,2024-04-15,21.6,66.6,107,35.1,35.1,59.6,1,1,45.33
San Francisco,2024-04-16,14.7,62.9,30,25.2,70.7,56.3,1,0,46.77
San Francisco,2024-04-17,16.2,75.7,60,32.2,47.1,62.7,1,3,49.84
San Francisco,2024-04-18,7.6,47.5,54,52.0,48.6,53.9,1,0,51.91
San Francisco,2024-04-19,16.4,61.4,110,39.7,72.4,66.1,1,2,57.75
San Francisco,2024-04-20,12.5,49.6,71,28.3,59.1,53.0,0,1,39.2
San Francisco,2024-04-21,30.0,49.6,86,41.3,61.6,53.2,0,5,46.83
San Francisco,2024-04-22,20.0,58.9,52,46.4,85.8,59.9,1,4,58.28
San Francisco,2024-04-23,20.9,53.8,71,32.8,58.8,65.4,1,3,49.33
San Francisco,2024-04-24,2.9,71.8,84,29.7,85.4,54.1,1,1,59.77
San Francisco,2024-04-25,9.6,56.6,80,35.5,86.5,49.3,1,2,57.17
San Francisco,2024-04-26,17.5,79.1,90,40.1,33.5,56.3,1,1,47.87
San Francisco,2024-04-27,10.9,67.6,28,27.9,51.8,54.3,0,4,40.67
San Francisco,2024-04-28,17.7,62.8,69,43.8,48.8,52.2,0,3,42.12
San Francisco,2024-04-29,26.3,48.9,70,28.4,53.5,53.9,1,3,45.76
San Francisco,2024-04-30,5.5,76.3,67,37.3,47.7,61.6,1,2,54.98
San Francisco,2024-05-01,21.9,76.3,75,31.3,81.4,52.6,1,0,50.7
San Francisco,2024-05-02,19.6,73.4,91,47.3,66.5,56.6,1,1,55.09
San Francisco,2024-05-03,22.8,65.1,97,37.1,43.4,57.7,1,1,46.71
San Francisco,2024-05-04,27.4,70.1,82,47.1,68.1,48.8,0,3,48.11
San Francisco,2024-05-05,13.6,46.5,62,34.2,63.1,64.8,0,3,44.18
San Francisco,2024-05-06,28.5,52.2,49,59.5,62.0,67.4,1,3,58.64
San Francisco,2024-05-07,22.1,58.0,55,21.2,50.0,60.4,1,0,40.17
San Francisco,2024-05-08,27.5,63.5,116,27.1,62.3,49.8,1,1,48.98
San Francisco,2024-05-09,16.4,54.9,89,49.4,72.7,47.6,1,3,56.38
San Francisco,2024-05-10,15.9,56.8,49,45.7,84.4,56.3,1,2,56.74
San Francisco,2024-05-11,22.1,70.9,45,44.2,79.1,64.5,0,4,49.22
San Francisco,2024-05-12,17.3,64.7,100,42.5,55.4,52.1,0,2,44.12
San Francisco,2024-05-13,31.5,67.6,87,41.4,34.6,48.9,1,0,46.97
San Francisco,2024-05-14,36.7,61.3,83,35.9,69.2,60.5,1,1,56.51
San Francisco,2024-05-15,24.5,66.6,96,41.2,92.9,60.5,1,3,60.69
San Francisco,2024-05-16,27.5,73.7,96,36.5,69.9,54.9,1,3,55.73
San Francisco,2024-05-17,9.8,56.8,71,38.5,78.4,57.2,1,2,57.29
San Francisco,2024-05-18,21.1,76.9,90,36.2,55.9,69.8,0,6,48.13
San Francisco,2024-05-19,23.3,70.1,75,41.0,72.8,54.0,0,3,46.31
San Francisco,2024-05-20,22.4,70.6,64,34.2,52.5,50.7,1,4,47.73
San Francisco,2024-05-21,25.1,95.0,76,54.2,47.3,53.2,1,2,55.11
San Francisco,2024-05-22,22.1,59.1,93,38.1,71.0,59.8,1,4,54.31
San Francisco,2024-05-23,14.7,75.5,59,34.8,45.0,60.3,1,3,50.24
San Francisco,2024-05-24,19.7,67.4,83,37.2,59.7,52.5,1,2,50.06
San Francisco,2024-05-25,22.3,76.0,52,43.9,43.2,58.3,0,2,40.15
San Francisco,2024-05-26,20.5,56.1,87,37.3,53.9,59.1,0,3,41.66
San Francisco,2024-05-27,21.4,60.7,60,40.2,47.6,54.9,1,3,47.22
San Francisco,2024-05-28,22.0,83.5,42,45.9,66.4,45.0,1,3,51.94
San Francisco,2024-05-29,23.4,56.0,82,42.4,64.1,55.4,1,1,50.5
San Francisco,2024-05-30,16.9,68.0,83,46.8,62.6,58.8,1,2,55.6
San Francisco,2024-05-31,21.8,64.5,85,38.9,88.9,59.5,1,1,55.75
San Francisco,2024-06-01,22.8,70.0,58,29.8,81.4,52.2,0,4,44.34
San Francisco,2024-06-02,9.8,77.1,40,36.4,91.3,60.0,0,2,52.23
San Francisco,2024-06-03,30.2,70.8,97,54.6,52.3,61.0,1,3,59.15
San Francisco,2024-06-04,15.6,70.5,98,33.8,43.0,55.7,1,1,48.2
San Francisco,2024-06-05,3.9,77.2,102,34.2,60.6,61.0,1,2,59.14
San Francisco,2024-06-06,11.0,73.1,81,41.7,54.9,56.8,1,2,55.07
San Francisco,2024-06-07,10.2,55.1,62,52.0,65.5,70.2,1,3,60.78
San Francisco,2024-06-08,10.9,61.9,63,38.7,77.4,55.7,0,2,48.55
San Francisco,2024-06-09,32.2,79.2,102,32.1,90.1,56.3,0,5,55.16
San Francisco,2024-06-10,26.3,70.7,81,32.5,62.7,58.3,1,2,51.37
San Francisco,2024-06-11,6.8,83.5,101,38.9,81.0,55.3,1,1,62.1
San Francisco,2024-06-12,14.9,62.4,58,16.2,62.2,52.2,1,2,44.85
San Francisco,2024-06-13,18.9,68.9,47,29.0,77.9,53.5,1,1,49.43
San Francisco,2024-06-14,17.3,71.4,29,60.0,66.0,52.7,1,0,54.66
San Francisco,2024-06-15,13.3,63.7,61,39.9,86.6,61.5,0,2,50.85
San Francisco,2024-06-16,25.3,77.2,80,33.0,46.9,58.4,0,4,42.25
San Francisco,2024-06-17,15.6,74.6,96,63.4,60.4,55.6,1,3,61.87
San Francisco,2024-06-18,14.8,77.1,93,36.9,54.3,54.8,1,3,53.54
San Francisco,2024-06-19,31.9,68.0,84,58.7,73.6,54.6,1,1,61.47
San Francisco,2024-06-20,24.4,59.5,55,32.1,82.2,55.7,1,2,51.49
San Francisco,2024-06-21,12.9,71.7,75,39.8,32.3,62.7,1,6,53.16
San Francisco,2024-06-22,37.3,63.4,106,42.5,62.3,60.0,0,1,50.45
San Francisco,2024-06-23,11.2,65.8,91,44.8,70.5,65.7,0,6,55.59
San Francisco,2024-06-24,17.4,55.5,42,38.8,48.5,56.3,1,3,47.39
San Francisco,2024-06-25,10.1,51.7,59,34.0,45.1,61.7,1,2,48.92
San Francisco,2024-06-26,13.8,52.5,63,37.0,75.2,45.5,1,6,55.02
San Francisco,2024-06-27,16.1,48.6,60,36.3,72.2,61.7,1,3,53.14
San Francisco,2024-06-28,5.5,58.9,79,44.3,54.9,62.3,1,3,58.22
San Francisco,2024-06-29,8.5,74.2,100,52.3,39.9,57.3,0,2,49.15
San Francisco,2024-06-30,19.1,75.9,84,35.1,77.6,48.7,0,2,45.46
San Francisco,2024-07-01,25.6,63.8,65,38.9,97.8,59.9,1,4,60.38
San Francisco,2024-07-02,27.7,79.0,62,36.1,78.2,61.2,1,1,55.6
San Francisco,2024-07-03,16.5,65.8,55,42.4,39.1,52.8,1,0,45.44
San Francisco,2024-07-04,5.1,75.6,71,34.4,49.8,58.2,1,2,54.33
San Francisco,2024-07-05,18.7,79.3,96,35.3,61.0,60.0,1,0,51.66
San Francisco,2024-07-06,34.3,68.4,106,45.3,70.9,57.6,0,3,53.55
San Francisco,2024-07-07,26.0,64.2,93,26.5,69.8,59.3,0,2,43.18
San Francisco,2024-07-08,24.9,52.7,57,31.2,67.5,59.9,1,3,49.56
San Francisco,2024-07-09,15.8,55.9,60,34.1,65.5,56.9,1,0,48.7
San Francisco,2024-07-10,18.1,64.6,93,30.7,21.6,51.6,1,0,39.66
San Francisco,2024-07-11,32.2,75.7,60,47.6,62.5,51.7,1,2,56.17
San Francisco,2024-07-12,18.5,54.0,44,45.7,62.7,52.1,1,4,51.75
San Francisco,2024-07-13,30.9,48.8,59,43.1,46.5,56.2,0,4,42.91
San Francisco,2024-07-14,16.0,74.9,62,44.4,100.0,52.9,0,0,51.71
San Francisco,2024-07-15,20.2,74.2,64,35.8,56.9,58.2,1,2,49.62
San Francisco,2024-07-16,19.8,54.1,55,35.8,62.8,49.7,1,0,45.33
San Francisco,2024-07-17,10.7,56.6,69,47.2,71.2,60.1,1,0,56.58
San Francisco,2024-07-18,21.4,78.4,51,44.5,60.8,50.4,1,0,49.07
San Francisco,2024-07-19,16.7,55.6,91,47.0,67.7,52.0,1,0,53.01
San Francisco,2024-07-20,5.9,74.9,95,44.3,66.7,60.0,0,4,55.26
San Francisco,2024-07-21,20.1,68.4,79,30.3,44.9,50.6,0,2,36.57
San Francisco,2024-07-22,11.4,73.8,42,31.7,49.0,58.8,1,7,53.52
San Francisco,2024-07-23,27.3,56.5,64,36.7,49.3,62.0,1,2,48.66
San Francisco,2024-07-24,15.3,78.6,70,46.6,42.8,47.4,1,1,49.74
San Francisco,2024-07-25,12.4,71.6,67,46.1,84.0,52.2,1,3,60.66
San Francisco,2024-07-26,5.2,60.5,64,45.7,50.5,59.1,1,1,55.09
San Francisco,2024-07-27,16.3,68.6,65,21.3,72.6,62.9,0,2,42.62
San Francisco,2024-07-28,18.6,64.6,64,47.7,66.3,58.3,0,2,46.51
San Francisco,2024-07-29,12.6,78.5,42,45.6,68.0,50.8,1,1,54.8
San Francisco,2024-07-30,24.7,58.6,85,39.4,71.8,52.6,1,1,51.62
San Francisco,2024-07-31,20.7,64.6,114,43.6,75.9,58.2,1,5,59.48
San Francisco,2024-08-01,25.2,62.2,58,35.0,70.9,65.9,1,2,52.63
San Francisco,2024-08-02,18.6,72.3,79,27.7,65.1,57.0,1,3,50.83
San Francisco,2024-08-03,9.0,50.9,84,56.2,55.7,59.3,0,2,50.41
San Francisco,2024-08-04,30.1,70.5,91,36.8,75.0,64.4,0,4,51.77
San Francisco,2024-08-05,24.5,76.9,88,34.5,68.9,59.9,1,2,53.74
San Francisco,2024-08-06,25.8,80.1,70,38.1,68.1,54.6,1,1,52.73
San Francisco,2024-08-07,27.9,60.2,87,28.4,90.8,46.4,1,2,53.63
San Francisco,2024-08-08,4.2,78.1,75,38.3,51.5,61.9,1,2,57.23
San Francisco,2024-08-09,21.1,68.4,79,39.2,46.6,52.4,1,2,47.32
San Francisco,2024-08-10,22.2,57.3,83,35.0,67.6,59.4,0,2,42.4
San Francisco,2024-08-11,22.8,72.9,68,33.4,86.3,57.9,0,3,47.26
San Francisco,2024-08-12,18.6,46.8,76,39.0,44.7,53.1,1,3,46.49
San Francisco,2024-08-13,20.9,56.6,68,53.2,64.4,62.1,1,1,53.98
San Francisco,2024-08-14,13.7,54.0,37,40.5,70.8,52.3,1,1,51.08
San Francisco,2024-08-15,20.2,75.3,95,33.7,64.0,52.0,1,3,51.87
San Francisco,2024-08-16,28.2,72.4,98,28.2,66.1,62.5,1,1,52.57
San Francisco,2024-08-17,24.6,72.0,79,43.9,71.5,62.9,0,2,48.49
San Francisco,2024-08-18,17.4,57.2,89,45.7,63.3,50.6,0,6,48.31
San Francisco,2024-08-19,20.8,43.1,56,28.2,75.8,48.5,1,2,45.8
San Francisco,2024-08-20,27.9,68.9,64,40.1,55.8,60.2,1,4,53.77
San Francisco,2024-08-21,42.7,76.2,63,43.4,59.1,62.1,1,4,62.19
San Francisco,2024-08-22,31.9,73.6,95,46.4,58.8,59.6,1,3,58.74
San Francisco,2024-08-23,29.3,65.6,71,47.4,62.3,62.7,1,0,54.72
San Francisco,2024-08-24,11.2,85.1,86,38.9,86.2,56.0,0,1,52.91
San Francisco,2024-08-25,12.5,67.1,94,32.0,61.4,56.0,0,4,46.61
San Francisco,2024-08-26,33.3,72.1,83,20.7,52.3,50.1,1,2,47.65
San Francisco,2024-08-27,20.2,74.0,20,38.6,41.4,61.8,1,2,45.7
San Francisco,2024-08-28,34.6,56.2,66,30.2,54.1,56.3,1,0,48.1
San Francisco,2024-08-29,33.2,79.3,58,39.3,47.5,50.0,1,3,52.09
San Francisco,2024-08-30,23.7,57.6,85,44.1,64.4,56.2,1,0,50.8
San Francisco,2024-08-31,15.4,63.5,62,40.4,44.7,59.9,0,2,41.52
San Francisco,2024-09-01,34.2,72.7,41,34.4,40.7,60.2,0,8,46.2
San Francisco,2024-09-02,34.8,62.2,53,31.1,79.3,55.8,1,2,55.03
San Francisco,2024-09-03,37.2,61.5,71,36.5,67.1,58.7,1,4,58.05
San Francisco,2024-09-04,24.4,58.4,71,37.5,39.4,61.6,1,1,45.36
San Francisco,2024-09-05,34.8,66.9,77,38.2,93.6,61.7,1,2,62.58
San Francisco,2024-09-06,17.8,59.1,73,33.5,59.7,56.1,1,1,48.22
San Francisco,2024-09-07,27.2,57.5,99,39.4,83.9,55.3,0,1,48.13
San Francisco,2024-09-08,40.5,51.3,86,40.4,71.1,51.0,0,6,53.3
San Francisco,2024-09-09,23.8,61.6,47,38.5,55.9,67.5,1,2,49.7
San Francisco,2024-09-10,26.5,59.3,91,30.4,94.9,70.2,1,2,58.74
San Francisco,2024-09-11,21.9,50.1,68,40.6,65.7,52.1,1,2,48.78
San Francisco,2024-09-12,10.2,63.1,93,50.7,69.1,63.7,1,1,60.7
San Francisco,2024-09-13,16.3,82.0,58,32.5,58.1,53.3,1,4,51.78
San Francisco,2024-09-14,22.9,52.2,47,42.8,61.5,53.4,0,2,40.21
San Francisco,2024-09-15,32.1,80.9,50,44.8,67.8,65.7,0,4,52.61
San Francisco,2024-09-16,17.3,78.3,24,42.2,55.2,57.4,1,6,53.82
San Francisco,2024-09-17,12.0,63.0,56,31.6,94.0,50.7,1,2,56.3
San Francisco,2024-09-18,7.5,73.1,85,31.0,58.4,63.8,1,0,53.92
San Francisco,2024-09-19,26.2,41.2,79,45.1,51.2,60.3,1,3,50.66
San Francisco,2024-09-20,8.2,65.8,89,34.8,81.8,61.6,1,0,58.44
San Francisco,2024-09-21,19.5,82.7,26,30.3,60.6,58.6,0,6,43.49
San Francisco,2024-09-22,10.2,62.4,80,33.6,88.6,66.9,0,3,53.32
San Francisco,2024-09-23,16.5,76.5,82,45.0,84.7,52.5,1,2,59.37
San Francisco,2024-09-24,14.8,66.8,107,30.4,54.2,59.9,1,2,51.45
San Francisco,2024-09-25,7.6,61.8,62,41.5,36.1,58.6,1,2,50.81
San Francisco,2024-09-26,14.4,68.9,96,30.4,51.0,68.3,1,1,51.31
San Francisco,2024-09-27,21.1,62.0,56,33.7,65.7,62.7,1,1,48.81
San Francisco,2024-09-28,34.3,49.7,98,55.8,65.6,63.6,0,2,53.31
San Francisco,2024-09-29,27.2,85.3,103,40.4,76.1,51.5,0,2,49.98
San Francisco,2024-09-30,25.2,65.9,109,36.6,58.6,58.8,1,0,50.59
San Francisco,2024-10-01,17.1,56.5,75,45.4,78.6,64.9,1,2,57.83
San Francisco,2024-10-02,44.8,77.7,69,37.4,67.6,54.1,1,1,59.61
San Francisco,2024-10-03,16.4,78.7,87,44.6,82.1,55.4,1,1,58.91
San Francisco,2024-10-04,23.8,82.5,59,37.0,82.9,61.5,1,2,56.33
San Francisco,2024-10-05,27.8,77.7,58,45.2,70.0,56.5,0,3,49.0
San Francisco,2024-10-06,22.1,39.5,49,33.6,72.9,49.4,0,6,41.11
San Francisco,2024-10-07,29.9,68.6,121,49.4,64.1,58.1,1,3,60.34
San Francisco,2024-10-08,25.7,70.5,103,35.8,41.7,59.6,1,5,51.68
San Francisco,2024-10-09,19.0,80.9,37,24.9,75.0,49.7,1,0,46.86
San Francisco,2024-10-10,21.5,86.3,80,44.1,43.7,55.3,1,1,49.44
San Francisco,2024-10-11,20.4,61.6,92,36.8,85.0,63.6,1,3,57.36
San Francisco,2024-10-12,20.9,61.1,80,26.3,56.9,59.1,0,3,39.21
San Francisco,2024-10-13,19.0,49.7,80,41.5,36.0,45.0,0,4,37.21
San Francisco,2024-10-14,30.7,76.1,37,35.1,65.1,56.2,1,2,52.3
San Francisco,2024-10-15,12.4,56.1,62,60.2,47.7,63.5,1,2,56.74
San Francisco,2024-10-16,8.3,68.2,66,51.9,74.3,49.8,1,0,58.72
San Francisco,2024-10-17,17.7,80.6,66,41.2,47.6,54.9,1,0,48.75
San Francisco,2024-10-18,10.8,57.1,92,52.6,89.4,59.4,1,1,63.61
San Francisco,2024-10-19,21.9,55.0,113,45.2,65.1,58.2,0,2,45.73
San Francisco,2024-10-20,11.9,72.9,69,30.2,85.1,56.9,0,4,50.56
San Francisco,2024-10-21,19.3,76.3,69,40.7,59.0,60.8,1,3,53.51
San Francisco,2024-10-22,26.4,69.6,79,50.7,49.5,60.0,1,1,53.14
San Francisco,2024-10-23,17.0,68.7,82,37.2,77.3,61.5,1,3,57.12
San Francisco,2024-10-24,8.9,87.2,66,32.6,66.1,57.5,1,3,57.22
San Francisco,2024-10-25,17.7,60.6,91,26.2,75.9,65.9,1,3,53.94
San Francisco,2024-10-26,25.9,62.2,57,38.0,67.1,55.6,0,3,43.93
San Francisco,2024-10-27,14.9,63.3,47,36.5,60.7,53.8,0,0,40.34
San Francisco,2024-10-28,15.0,69.7,94,42.3,66.7,61.1,1,3,57.9
San Francisco,2024-10-29,29.7,77.1,83,49.3,70.3,60.2,1,5,62.51
San Francisco,2024-10-30,18.0,59.4,92,31.5,60.9,51.7,1,0,47.21
San Francisco,2024-10-31,-0.7,59.1,76,32.9,39.4,53.1,1,4,53.55
San Francisco,2024-11-01,37.4,62.2,106,46.0,78.0,56.2,1,1,61.86
San Francisco,2024-11-02,28.4,70.2,35,28.7,63.0,59.7,0,1,40.28
San Francisco,2024-11-03,12.1,74.1,74,52.4,45.5,60.5,0,1,47.28
San Francisco,2024-11-04,24.4,73.5,89,34.9,62.3,57.8,1,2,51.81
San Francisco,2024-11-05,35.6,51.4,61,37.3,68.6,57.4,1,2,54.52
San Francisco,2024-11-06,31.1,80.6,90,41.1,78.9,60.5,1,1,59.91
San Francisco,2024-11-07,25.1,58.3,52,49.3,65.9,56.7,1,1,52.41
San Francisco,2024-11-08,17.3,55.9,48,53.0,86.1,56.5,1,3,59.34
San Francisco,2024-11-09,16.4,42.5,63,22.8,63.6,58.0,0,4,39.31
San Francisco,2024-11-10,23.0,73.0,98,39.8,64.0,58.7,0,3,46.35
San Francisco,2024-11-11,28.9,59.7,87,42.4,58.5,54.0,1,2,52.8
San Francisco,2024-11-12,33.6,77.5,103,46.5,52.2,56.8,1,2,57.6
San Francisco,2024-11-13,15.7,56.7,94,37.4,36.8,69.2,1,4,51.21
San Francisco,2024-11-14,3.6,76.3,58,37.7,77.9,64.4,1,0,60.35
San Francisco,2024-11-15,15.0,65.4,88,33.9,85.7,50.2,1,0,54.19
San Francisco,2024-11-16,20.1,72.6,73,35.5,57.4,54.4,0,2,41.34
San Francisco,2024-11-17,7.5,67.4,68,31.6,60.6,56.9,0,3,46.42
San Francisco,2024-11-18,13.8,47.7,86,32.7,89.8,57.3,1,1,55.38
San Francisco,2024-11-19,20.1,70.3,108,34.2,83.0,55.1,1,1,54.87
San Francisco,2024-11-20,18.3,61.9,43,38.4,60.1,62.4,1,1,49.37
San Francisco,2024-11-21,16.7,70.5,42,22.3,72.5,61.7,1,3,50.37
San Francisco,2024-11-22,22.9,76.4,92,44.7,55.9,47.9,1,2,51.37
San Francisco,2024-11-23,25.8,72.9,83,46.0,48.4,51.0,0,4,44.76
San Francisco,2024-11-24,29.6,57.3,51,44.1,72.4,59.8,0,6,50.7
San Francisco,2024-11-25,19.5,67.7,45,34.2,31.5,54.8,1,1,41.36
San Francisco,2024-11-26,18.0,68.9,127,38.3,75.8,56.1,1,2,57.24
San Francisco,2024-11-27,21.0,57.5,64,48.3,73.8,53.1,1,2,53.61
San Francisco,2024-11-28,27.8,66.4,83,35.0,77.7,50.8,1,1,53.23
San Francisco,2024-11-29,27.9,82.1,63,38.2,47.3,56.6,1,3,51.32
San Francisco,2024-11-30,20.5,63.1,90,32.5,53.3,47.8,0,3,39.08
San Francisco,2024-12-01,19.6,66.0,49,23.4,39.1,49.7,0,2,31.78
San Francisco,2024-12-02,25.9,69.8,82,48.4,47.5,51.5,1,2,51.35
San Francisco,2024-12-03,38.8,70.6,80,47.5,87.7,52.4,1,2,64.42
San Francisco,2024-12-04,15.1,62.0,75,24.6,96.6,65.7,1,0,55.49
San Francisco,2024-12-05,26.0,73.9,100,40.9,69.2,55.2,1,1,54.8
San Francisco,2024-12-06,18.8,68.4,43,55.4,54.6,52.7,1,2,52.56
San Francisco,2024-12-07,22.1,88.0,94,30.2,83.5,57.3,0,3,48.26
San Francisco,2024-12-08,7.3,65.1,47,36.7,82.4,62.1,0,5,53.54
San Francisco,2024-12-09,10.5,63.8,63,42.2,70.2,56.9,1,3,57.44
San Francisco,2024-12-10,23.0,56.4,99,39.3,65.9,54.0,1,1,50.47
San Francisco,2024-12-11,13.6,73.8,20,34.2,73.5,64.2,1,0,52.29
San Francisco,2024-12-12,31.4,69.0,65,41.0,66.8,54.7,1,0,53.34
San Francisco,2024-12-13,35.9,68.8,70,28.3,59.0,55.1,1,3,52.83
San Francisco,2024-12-14,21.5,58.6,62,41.6,56.0,48.4,0,2,39.11
San Francisco,2024-12-15,33.3,61.0,43,37.4,58.4,63.3,0,2,44.76
San Francisco,2024-12-16,10.1,69.0,70,51.5,48.8,55.1,1,2,55.66
San Francisco,2024-12-17,13.1,43.6,119,38.8,73.0,52.8,1,3,56.11
San Francisco,2024-12-18,27.5,64.2,93,34.1,70.6,57.2,1,2,53.65
San Francisco,2024-12-19,21.0,63.8,107,28.4,59.2,64.9,1,4,51.65
San Francisco,2024-12-20,21.1,70.9,73,35.0,68.9,55.8,1,3,52.01
San Francisco,2024-12-21,10.9,77.5,70,43.5,88.7,53.1,0,4,55.23
San Francisco,2024-12-22,17.7,57.0,117,36.0,81.9,45.7,0,2,46.41
San Francisco,2024-12-23,29.5,76.6,42,35.0,48.0,60.2,1,2,49.41
San Francisco,2024-12-24,15.9,75.7,86,35.4,52.1,65.3,1,2,52.73
San Francisco,2024-12-25,3.0,75.0,49,41.0,66.4,53.0,1,0,56.56
San Francisco,2024-12-26,28.7,70.9,48,40.7,77.3,52.5,1,1,54.09
San Francisco,2024-12-27,14.3,62.8,72,38.9,71.9,55.3,1,1,53.76
San Francisco,2024-12-28,24.0,57.4,80,42.8,80.6,52.4,0,5,49.01
San Francisco,2024-12-29,28.5,46.8,75,35.0,87.4,65.5,0,3,49.31
San Francisco,2024-12-30,31.7,91.5,75,44.1,88.7,56.6,1,1,62.63
San Francisco,2024-12-31,17.5,64.6,59,25.5,83.9,68.5,1,1,53.04
